customer_id,signup_date,subscription_months,monthly_spend,contract_type,monthly_logins,last_active_days_ago,support_tickets_6mo,features_used,payment_method,customer_age_days,engagement_score,churn,churn_risk_score,risk_category
CUST_000001,2023-04-02,56,62.11,Quarterly,10,10,4,5,Invoice,228,80,0,0.2974981891648021,Low Risk
CUST_000002,2022-05-04,51,16.87,Quarterly,4,14,2,7,PayPal,271,81,1,0.8046198674006633,Critical Risk
CUST_000003,2023-12-24,21,62.52,Quarterly,9,5,2,3,ACH,1146,70,1,0.4665037566109209,Medium Risk
CUST_000004,2022-10-16,35,212.23,Quarterly,12,7,1,3,ACH,109,63,1,0.7832707150309238,Critical Risk
CUST_000005,2023-03-29,12,131.42,Monthly,13,7,1,1,Credit Card,357,53,0,0.5228505664689086,High Risk
CUST_000006,2023-05-03,26,38.91,Quarterly,8,10,2,3,Invoice,976,65,0,0.39097886962339823,Medium Risk
CUST_000007,2021-08-12,51,12.04,Monthly,10,7,2,1,Credit Card,1496,58,0,0.3474204372954431,Medium Risk
CUST_000008,2023-06-23,19,32.49,Quarterly,4,12,2,4,Invoice,49,68,1,0.6607044042482308,High Risk
CUST_000009,2021-11-06,45,97.55,Monthly,9,12,3,10,Invoice,663,100,1,0.7591416600862972,Critical Risk
CUST_000010,2026-01-01,7,70.45,Annual,7,12,3,5,PayPal,688,78,1,0.7040300210457566,Critical Risk
CUST_000011,2025-01-21,47,40.75,Annual,11,11,4,10,Credit Card,813,100,1,0.7321403346695438,Critical Risk
CUST_000012,2022-12-11,55,12.83,Monthly,5,14,0,9,ACH,1115,81,1,0.8377847489613244,Critical Risk
CUST_000013,2025-06-06,7,37.83,Monthly,6,6,2,1,ACH,1338,59,1,0.8492910762857246,Critical Risk
CUST_000014,2022-04-11,26,41.65,Quarterly,8,10,0,8,PayPal,895,80,1,0.5584324480281209,High Risk
CUST_000015,2026-02-04,40,141.94,Quarterly,6,13,2,4,Invoice,1401,67,0,0.24852427977884595,Low Risk
CUST_000016,2022-07-06,5,61.23,Monthly,3,5,3,4,PayPal,831,80,1,0.8046740302281331,Critical Risk
CUST_000017,2023-04-05,21,28.67,Annual,6,9,3,1,PayPal,366,61,1,0.4491714604079832,Medium Risk
CUST_000018,2023-12-13,14,47.26,Annual,7,5,0,8,Credit Card,1569,85,0,0.3861606700438761,Medium Risk
CUST_000019,2021-09-18,4,13.42,Monthly,11,8,5,5,Invoice,1105,82,0,0.29100706786699226,Low Risk
CUST_000020,2025-12-23,23,189.8,Monthly,7,9,1,3,ACH,127,61,1,0.78010353140196,Critical Risk
CUST_000021,2021-09-20,42,32.32,Quarterly,9,9,2,5,Credit Card,1083,76,0,0.3877961015075957,Medium Risk
CUST_000022,2022-09-08,20,42.49,Annual,4,7,5,7,ACH,778,93,0,0.575217723066526,High Risk
CUST_000023,2024-03-24,15,31.95,Annual,7,11,1,9,PayPal,728,89,1,0.4981457306297606,Medium Risk
CUST_000024,2025-05-24,50,67.37,Annual,9,8,1,9,Invoice,1373,92,1,0.7731297722172763,Critical Risk
CUST_000025,2022-03-09,52,64.27,Monthly,9,6,1,7,ACH,1731,84,0,0.2976620890927067,Low Risk
CUST_000026,2022-05-26,45,72.82,Monthly,6,8,2,9,ACH,764,97,1,0.7132647846847213,Critical Risk
CUST_000027,2024-02-17,29,25.61,Monthly,6,6,2,9,PayPal,1352,99,1,0.5828225015104264,High Risk
CUST_000028,2025-04-12,8,28.97,Monthly,7,19,1,3,Invoice,1405,51,1,0.8639478840174717,Critical Risk
CUST_000029,2023-01-03,41,16.69,Annual,7,7,2,5,PayPal,853,78,0,0.4028214986828063,Medium Risk
CUST_000030,2023-09-20,48,63.28,Quarterly,6,12,1,2,ACH,255,53,0,0.33113178344518807,Medium Risk
CUST_000031,2025-07-30,19,12.03,Monthly,13,13,2,10,Credit Card,1546,97,0,0.26282159903730656,Low Risk
CUST_000032,2023-02-03,48,55.53,Monthly,6,8,4,5,Invoice,1263,82,0,0.6569636791195639,High Risk
CUST_000033,2025-01-28,39,111.89,Annual,7,15,1,7,Invoice,675,75,1,0.5652180862321265,High Risk
CUST_000034,2022-09-03,46,120.74,Quarterly,6,22,1,5,Invoice,784,60,0,0.6295669816456813,High Risk
CUST_000035,2026-04-11,28,39.8,Annual,10,12,3,8,PayPal,1312,93,1,0.616350640034008,High Risk
CUST_000036,2025-08-23,46,40.74,Quarterly,2,16,0,10,PayPal,1477,74,1,0.6651779426338296,High Risk
CUST_000037,2024-04-15,57,14.0,Annual,5,8,1,2,Credit Card,875,57,0,0.3065317968853297,Medium Risk
CUST_000038,2023-12-28,27,65.55,Annual,8,21,2,6,Credit Card,144,70,0,0.30523935640163924,Medium Risk
CUST_000039,2021-12-30,4,96.09,Monthly,5,11,2,10,Credit Card,1053,99,0,0.2967451762438942,Low Risk
CUST_000040,2025-01-13,58,24.03,Monthly,5,12,1,6,Credit Card,208,73,1,0.8293698037616143,Critical Risk
CUST_000041,2023-05-16,15,37.35,Monthly,8,13,1,4,Invoice,440,62,0,0.43832161380527124,Medium Risk
CUST_000042,2024-12-08,35,101.27,Annual,8,6,4,1,PayPal,1474,64,1,0.8387989872944236,Critical Risk
CUST_000043,2021-08-31,37,114.83,Quarterly,6,9,1,6,Invoice,1079,76,1,0.6735535834614502,High Risk
CUST_000044,2022-03-25,1,23.93,Quarterly,3,10,4,9,Credit Card,747,100,1,0.8574451612903227,Critical Risk
CUST_000045,2024-06-02,3,49.99,Monthly,7,6,1,1,Credit Card,1753,54,1,0.8511609523569656,Critical Risk
CUST_000046,2023-08-31,47,20.69,Monthly,8,9,2,6,Credit Card,1409,81,1,0.8412671617903635,Critical Risk
CUST_000047,2025-10-25,24,15.37,Monthly,7,16,1,4,Invoice,1653,59,1,0.8165112353142975,Critical Risk
CUST_000048,2023-09-18,27,131.02,Monthly,10,13,0,9,Invoice,690,82,1,0.7811086212138857,Critical Risk
CUST_000049,2024-06-15,40,95.88,Annual,13,14,3,9,ACH,862,96,0,0.28117262530654474,Low Risk
CUST_000050,2023-09-18,36,81.36,Quarterly,9,10,1,7,PayPal,1479,80,1,0.7243372492580308,Critical Risk
CUST_000051,2024-10-17,34,12.5,Quarterly,5,4,3,1,PayPal,125,66,1,0.7103289475898907,Critical Risk
CUST_000052,2021-12-24,29,102.81,Annual,5,9,1,3,Credit Card,488,61,1,0.6162455150295645,High Risk
CUST_000053,2022-11-12,24,38.82,Quarterly,6,6,3,1,PayPal,343,64,1,0.7157274072982664,Critical Risk
CUST_000054,2024-01-22,24,30.96,Annual,14,7,0,5,Credit Card,285,68,0,0.5267074727638499,High Risk
CUST_000055,2022-02-24,42,49.54,Monthly,10,15,3,7,PayPal,1646,85,1,0.8336997025276609,Critical Risk
CUST_000056,2023-03-05,4,14.79,Annual,9,7,1,5,Credit Card,1627,73,1,0.7885235833912294,Critical Risk
CUST_000057,2022-03-16,3,80.66,Annual,9,9,3,3,PayPal,1376,71,1,0.6177606254519101,High Risk
CUST_000058,2024-07-25,34,53.67,Annual,3,8,3,5,ACH,898,82,0,0.5823095369149996,High Risk
CUST_000059,2026-04-12,57,20.33,Monthly,4,9,2,9,ACH,826,96,1,0.7596887023088617,Critical Risk
CUST_000060,2024-01-13,49,20.43,Monthly,8,8,0,3,Credit Card,1200,57,1,0.8604513639230517,Critical Risk
CUST_000061,2025-11-17,23,20.18,Monthly,11,8,1,10,Invoice,392,97,0,0.3331257451840917,Medium Risk
CUST_000062,2022-10-13,53,12.93,Quarterly,10,16,4,6,Credit Card,914,79,1,0.7761527195931539,Critical Risk
CUST_000063,2025-04-10,56,54.31,Monthly,6,11,5,2,PayPal,382,64,1,0.678854902355728,High Risk
CUST_000064,2024-09-09,52,101.74,Annual,10,12,2,4,ACH,526,68,0,0.3243128538683855,Medium Risk
CUST_000065,2025-06-21,23,10.88,Annual,13,9,3,7,Invoice,772,91,0,0.35701534902528564,Medium Risk
CUST_000066,2026-04-19,45,12.51,Monthly,7,12,2,9,Credit Card,652,93,0,0.33064263033018354,Medium Risk
CUST_000067,2025-09-03,5,52.52,Annual,13,8,3,4,PayPal,162,77,1,0.820460886724544,Critical Risk
CUST_000068,2024-03-17,31,95.6,Quarterly,5,9,1,10,ACH,1247,96,1,0.5067763006142628,High Risk
CUST_000069,2022-08-02,53,29.78,Monthly,10,12,4,3,ACH,1574,68,1,0.5882064678067903,High Risk
CUST_000070,2024-10-15,41,31.51,Quarterly,11,9,2,7,PayPal,198,86,1,0.6005936278602314,High Risk
CUST_000071,2023-11-17,57,55.36,Monthly,12,10,2,2,PayPal,1718,60,1,0.7526066522861226,Critical Risk
CUST_000072,2022-08-08,57,26.02,Monthly,11,10,0,4,PayPal,657,60,0,0.5051388794490737,High Risk
CUST_000073,2026-01-31,54,11.35,Quarterly,9,12,1,5,Credit Card,625,68,0,0.25996902992254367,Low Risk
CUST_000074,2022-07-12,6,76.44,Quarterly,6,19,2,3,ACH,872,56,1,0.9633040156987525,Critical Risk
CUST_000075,2023-09-20,37,59.13,Quarterly,5,14,1,5,Credit Card,425,66,0,0.315171183745973,Medium Risk
CUST_000076,2022-04-15,57,53.47,Annual,10,11,1,2,PayPal,1374,54,1,0.6625468633131765,High Risk
CUST_000077,2022-05-12,10,77.68,Quarterly,7,18,1,8,Credit Card,1525,77,0,0.3432486458232979,Medium Risk
CUST_000078,2024-12-10,40,66.23,Quarterly,5,10,0,5,PayPal,1390,65,1,0.6382673307533135,High Risk
CUST_000079,2024-03-18,7,21.53,Quarterly,9,11,4,8,Credit Card,1108,94,1,0.7905197259326348,Critical Risk
CUST_000080,2026-03-29,39,31.73,Annual,10,13,0,3,Credit Card,963,52,1,0.5553981026101105,High Risk
CUST_000081,2025-10-09,38,16.74,Monthly,9,9,3,2,Invoice,584,66,1,0.6115372010055476,High Risk
CUST_000082,2023-04-24,21,16.95,Quarterly,5,10,2,9,PayPal,1436,95,1,0.7700213795653297,Critical Risk
CUST_000083,2021-12-29,20,66.38,Monthly,10,10,1,5,Credit Card,82,70,1,0.7226786523328796,Critical Risk
CUST_000084,2022-06-21,3,107.81,Annual,6,10,3,8,PayPal,858,95,0,0.2694605152590497,Low Risk
CUST_000085,2023-07-12,51,174.48,Monthly,12,15,1,10,Invoice,1013,90,1,0.8219557056062244,Critical Risk
CUST_000086,2023-07-16,22,59.49,Annual,4,9,2,5,ACH,867,76,1,0.726807204514317,Critical Risk
CUST_000087,2022-06-19,47,20.17,Monthly,9,12,2,6,ACH,459,78,0,0.4604108533836577,Medium Risk
CUST_000088,2024-10-14,4,15.58,Monthly,7,7,1,2,ACH,422,58,1,0.8971510853193756,Critical Risk
CUST_000089,2023-03-30,28,93.79,Quarterly,3,10,0,1,ACH,992,45,1,0.7392166147524258,Critical Risk
CUST_000090,2022-03-24,12,53.23,Monthly,10,9,3,2,ACH,308,66,1,0.5705144751914158,High Risk
CUST_000091,2024-05-30,38,58.15,Annual,5,8,2,2,Credit Card,828,62,1,0.6341607230709797,High Risk
CUST_000092,2025-03-27,51,86.04,Monthly,6,9,1,9,ACH,1599,91,0,0.3957156682192775,Medium Risk
CUST_000093,2024-05-03,36,70.75,Monthly,9,7,0,7,ACH,515,78,0,0.3677095025874682,Medium Risk
CUST_000094,2022-01-04,47,99.93,Monthly,4,9,2,5,Invoice,261,76,1,0.7387028334112209,Critical Risk
CUST_000095,2025-11-22,41,12.89,Annual,8,6,3,9,Invoice,1344,100,1,0.802517808463272,Critical Risk
CUST_000096,2025-10-13,5,78.82,Monthly,12,10,3,8,Credit Card,1101,95,1,0.7674763088049837,Critical Risk
CUST_000097,2023-08-11,13,105.14,Quarterly,12,8,2,10,ACH,494,100,0,0.47197514095579757,Medium Risk
CUST_000098,2025-08-06,23,26.85,Monthly,12,10,2,7,ACH,1586,85,1,0.8015861228871188,Critical Risk
CUST_000099,2024-02-07,58,61.14,Monthly,9,14,2,5,Invoice,1809,71,0,0.3354749833639479,Medium Risk
CUST_000100,2022-10-16,50,28.86,Monthly,4,15,0,8,Invoice,1632,75,0,0.35755411546730653,Medium Risk
CUST_000101,2025-02-01,30,168.47,Monthly,9,6,2,10,Credit Card,323,100,1,0.8526462009483531,Critical Risk
CUST_000102,2022-04-08,37,11.7,Annual,5,9,4,5,Credit Card,338,81,0,0.6239771874466105,High Risk
CUST_000103,2021-07-17,25,53.35,Quarterly,6,9,3,5,Invoice,1344,81,0,0.3515577733255407,Medium Risk
CUST_000104,2022-11-04,48,19.11,Annual,7,9,1,5,PayPal,767,71,1,0.7542173640002642,Critical Risk
CUST_000105,2023-07-21,27,72.28,Monthly,6,11,1,2,Invoice,1323,54,1,0.6859173515054223,High Risk
CUST_000106,2021-08-11,51,19.67,Monthly,5,9,3,9,PayPal,1367,100,1,0.6267473209442204,High Risk
CUST_000107,2025-07-11,14,23.42,Monthly,9,9,2,10,PayPal,1121,100,1,0.8900716879907784,Critical Risk
CUST_000108,2021-07-19,57,44.1,Quarterly,10,4,7,6,Credit Card,1638,91,1,0.7779234910751047,Critical Risk
CUST_000109,2024-05-13,48,133.16,Monthly,11,16,6,2,Invoice,67,59,1,0.8130797471927381,Critical Risk
CUST_000110,2021-06-25,59,21.89,Annual,8,9,5,1,PayPal,684,61,0,0.3462366334895121,Medium Risk
CUST_000111,2025-05-30,47,17.79,Monthly,8,10,1,4,Credit Card,467,65,0,0.5659642279634447,High Risk
CUST_000112,2023-12-06,54,81.14,Monthly,10,8,2,4,Invoice,1575,72,1,0.6675318402889517,High Risk
CUST_000113,2023-05-22,36,44.72,Monthly,13,8,2,5,Invoice,1809,77,1,0.7174469013956636,Critical Risk
CUST_000114,2024-03-02,39,131.4,Monthly,11,8,3,4,ACH,1192,77,1,0.6005408419619925,High Risk
CUST_000115,2025-09-28,16,17.93,Annual,7,8,1,1,Invoice,1660,52,0,0.3474753296471836,Medium Risk
CUST_000116,2024-03-30,56,61.91,Monthly,9,8,4,2,PayPal,144,67,0,0.33099399881361696,Medium Risk
CUST_000117,2025-10-27,22,23.26,Annual,8,9,3,6,ACH,1535,86,1,0.8601210976090414,Critical Risk
CUST_000118,2025-04-18,21,18.53,Monthly,6,15,2,10,Invoice,535,95,1,0.7929259370789729,Critical Risk
CUST_000119,2024-12-26,54,67.51,Quarterly,11,7,0,9,Credit Card,1622,88,0,0.3131679022065371,Medium Risk
CUST_000120,2023-06-03,21,55.03,Monthly,7,11,1,8,Invoice,835,84,1,0.8124890293978584,Critical Risk
CUST_000121,2023-02-07,8,80.29,Quarterly,9,9,6,7,Credit Card,1390,91,0,0.30510509814686676,Medium Risk
CUST_000122,2026-04-18,49,28.51,Quarterly,6,10,2,7,Invoice,225,85,0,0.383030834057049,Medium Risk
CUST_000123,2026-02-27,16,39.71,Quarterly,5,8,4,1,Credit Card,1672,62,0,0.26341066617108,Low Risk
CUST_000124,2024-11-28,59,36.0,Monthly,11,9,1,5,Invoice,1346,71,1,0.7365176678629125,Critical Risk
CUST_000125,2022-08-04,55,217.04,Annual,6,4,3,4,ACH,1327,81,1,0.749899463026822,Critical Risk
CUST_000126,2023-03-07,31,27.28,Monthly,10,9,4,5,ACH,324,81,1,0.577492631672566,High Risk
CUST_000127,2024-07-24,42,27.46,Monthly,8,5,3,6,ACH,961,90,1,0.7517993526323061,Critical Risk
CUST_000128,2022-03-29,10,31.89,Monthly,13,8,1,6,Invoice,1298,77,0,0.38670633837976587,Medium Risk
CUST_000129,2023-05-12,32,51.57,Monthly,9,7,2,10,PayPal,1093,100,0,0.4625045522974635,Medium Risk
CUST_000130,2023-02-25,59,24.54,Quarterly,5,7,2,5,Credit Card,36,78,0,0.16497340449628947,Low Risk
CUST_000131,2022-03-02,34,133.43,Monthly,14,11,1,3,ACH,1513,59,1,0.762639742739221,Critical Risk
CUST_000132,2024-09-17,9,25.44,Annual,11,14,1,3,PayPal,176,56,1,0.7871332265945443,Critical Risk
CUST_000133,2025-04-06,17,123.08,Annual,7,12,1,8,ACH,1346,83,0,0.35723330322196845,Medium Risk
CUST_000134,2021-09-07,11,15.46,Annual,14,12,0,8,Credit Card,1317,78,0,0.39048083259268396,Medium Risk
CUST_000135,2025-03-10,32,63.44,Annual,11,16,3,8,PayPal,1767,89,1,0.7253016429748855,Critical Risk
CUST_000136,2025-07-18,10,128.75,Monthly,3,4,0,7,PayPal,1729,81,1,0.8015814555017512,Critical Risk
CUST_000137,2025-04-19,22,19.24,Annual,16,12,4,5,PayPal,1380,78,1,0.7859937730943374,Critical Risk
CUST_000138,2022-03-11,57,182.61,Monthly,6,7,3,6,PayPal,1401,88,0,0.37844965488868837,Medium Risk
CUST_000139,2025-09-14,17,40.15,Quarterly,4,7,4,6,PayPal,198,88,0,0.5116867561198103,High Risk
CUST_000140,2023-07-20,4,155.68,Annual,7,11,2,9,PayPal,1096,94,1,0.4919281276591744,Medium Risk
CUST_000141,2026-03-23,48,66.48,Quarterly,13,9,2,5,Invoice,478,76,1,0.4835801227232848,Medium Risk
CUST_000142,2023-06-16,52,27.95,Monthly,7,10,1,7,Credit Card,1619,80,1,0.7768943331648728,Critical Risk
CUST_000143,2025-12-19,47,20.43,Monthly,9,13,1,9,Credit Card,1274,87,1,0.908627509012549,Critical Risk
CUST_000144,2025-10-14,25,28.1,Monthly,8,18,1,9,PayPal,276,82,0,0.34492969179690447,Medium Risk
CUST_000145,2024-03-14,59,14.88,Monthly,11,15,4,1,Credit Card,1267,55,1,0.86599147720096,Critical Risk
CUST_000146,2023-10-16,21,17.77,Monthly,5,7,2,7,Credit Card,403,88,1,0.8457031987523211,Critical Risk
CUST_000147,2023-06-11,37,15.53,Annual,7,9,1,9,ACH,179,91,1,0.6421050038597684,High Risk
CUST_000148,2023-05-27,38,37.49,Monthly,6,10,1,4,ACH,460,65,0,0.47169952873947674,Medium Risk
CUST_000149,2024-12-16,49,89.38,Annual,9,14,2,3,Invoice,970,61,1,0.611354372894753,High Risk
CUST_000150,2025-03-22,1,17.62,Quarterly,8,4,4,1,ACH,1781,66,1,0.8843333333333334,Critical Risk
CUST_000151,2021-12-17,25,16.98,Annual,5,8,3,7,PayPal,1718,92,0,0.34646591900643875,Medium Risk
CUST_000152,2021-07-16,51,61.56,Monthly,7,5,0,8,ACH,571,85,0,0.3092764775576666,Medium Risk
CUST_000153,2024-02-18,36,20.98,Monthly,6,10,2,9,Credit Card,228,95,1,0.6623312829816053,High Risk
CUST_000154,2026-01-24,17,15.14,Monthly,11,10,0,3,Invoice,533,55,1,0.9152862379762391,Critical Risk
CUST_000155,2024-06-18,41,19.13,Monthly,12,15,1,3,Invoice,672,55,1,0.8896608754058063,Critical Risk
CUST_000156,2024-05-07,24,138.67,Annual,10,10,2,1,ACH,1379,55,1,0.7083837676611587,Critical Risk
CUST_000157,2022-01-13,2,96.15,Monthly,7,7,3,5,PayPal,1133,83,1,0.8815339449215362,Critical Risk
CUST_000158,2023-09-15,40,31.85,Quarterly,12,6,1,8,PayPal,874,89,0,0.27629864033252277,Low Risk
CUST_000159,2021-07-05,15,63.33,Annual,10,7,1,7,Invoice,804,83,1,0.6518781271233596,High Risk
CUST_000160,2024-08-28,32,48.53,Annual,7,11,0,7,Invoice,58,74,1,0.7142887312773553,Critical Risk
CUST_000161,2022-04-08,39,66.52,Monthly,11,4,1,4,Credit Card,468,71,1,0.6039546325698061,High Risk
CUST_000162,2024-07-29,59,67.39,Monthly,10,11,0,1,Invoice,1000,44,1,0.9133200602917959,Critical Risk
CUST_000163,2021-06-05,6,59.54,Annual,4,24,1,7,Credit Card,543,70,1,0.8378189617822912,Critical Risk
CUST_000164,2023-07-09,1,25.47,Monthly,6,10,1,3,ACH,411,60,0,0.3519797257226574,Medium Risk
CUST_000165,2022-12-08,47,11.99,Monthly,12,8,4,5,Invoice,245,82,0,0.29252350560039275,Low Risk
CUST_000166,2024-12-16,23,40.4,Monthly,8,12,2,9,ACH,439,93,1,0.6155498795280405,High Risk
CUST_000167,2024-03-27,58,120.81,Monthly,14,15,1,3,ACH,970,55,1,0.5804893626729892,High Risk
CUST_000168,2025-03-31,39,52.14,Annual,6,8,2,2,PayPal,339,62,0,0.3094367941882996,Medium Risk
CUST_000169,2023-12-14,57,99.31,Monthly,13,14,3,10,ACH,1555,100,1,0.7079180633823641,Critical Risk
CUST_000170,2024-02-28,17,249.12,Annual,7,17,2,8,ACH,835,83,1,0.8146208271705782,Critical Risk
CUST_000171,2025-04-05,34,18.93,Monthly,15,15,2,2,Credit Card,38,55,0,0.2491923286477062,Low Risk
CUST_000172,2025-10-08,59,68.85,Annual,12,12,0,6,Invoice,1283,68,0,0.3162464391695607,Medium Risk
CUST_000173,2023-06-29,41,66.09,Quarterly,15,11,3,6,PayPal,129,84,1,0.7007450748748658,Critical Risk
CUST_000174,2022-01-06,29,205.49,Quarterly,2,9,2,2,Invoice,1635,51,0,0.48630894832388877,Medium Risk
CUST_000175,2023-11-23,9,222.03,Monthly,10,8,3,5,PayPal,1619,82,0,0.2942354842445152,Low Risk
CUST_000176,2022-04-09,13,68.03,Monthly,3,10,1,1,Invoice,1484,50,1,0.7416106719695114,Critical Risk
CUST_000177,2021-08-22,6,23.96,Monthly,6,12,2,7,Credit Card,1403,83,1,0.856285522511552,Critical Risk
CUST_000178,2021-12-16,6,90.11,Annual,7,8,2,2,PayPal,1771,62,1,0.7483853355712136,Critical Risk
CUST_000179,2023-12-21,20,15.66,Annual,9,11,2,9,Credit Card,973,94,1,0.7631371760339261,Critical Risk
CUST_000180,2024-04-20,52,85.87,Annual,5,15,1,1,Credit Card,747,45,1,0.7158366218214148,Critical Risk
CUST_000181,2022-11-15,53,130.51,Monthly,10,6,5,4,Credit Card,623,79,0,0.25166185865948415,Low Risk
CUST_000182,2024-10-16,3,34.13,Annual,10,15,1,6,ACH,1661,70,0,0.322062993063387,Medium Risk
CUST_000183,2023-07-17,17,59.8,Monthly,7,5,3,3,Invoice,1143,75,0,0.46178849006596506,Medium Risk
CUST_000184,2026-01-27,49,38.12,Annual,10,10,2,6,ACH,572,80,1,0.5674902713861064,High Risk
CUST_000185,2021-07-10,12,38.79,Monthly,10,10,2,4,PayPal,1274,70,1,0.6246057889241445,High Risk
CUST_000186,2025-01-03,48,28.58,Annual,7,6,3,2,Credit Card,619,69,1,0.650898484538819,High Risk
CUST_000187,2022-06-02,47,81.8,Monthly,11,15,5,10,ACH,1542,100,0,0.28231763547739264,Low Risk
CUST_000188,2025-09-14,45,147.58,Monthly,10,6,3,5,Invoice,1117,84,1,0.6733492063781354,High Risk
CUST_000189,2024-04-14,55,151.3,Annual,4,11,4,10,PayPal,334,100,1,0.8352464714832167,Critical Risk
CUST_000190,2021-09-27,1,19.61,Monthly,12,11,1,8,PayPal,926,84,1,0.953982094749003,Critical Risk
CUST_000191,2023-01-24,17,113.87,Annual,7,11,4,2,Credit Card,959,64,1,0.65650865836561,High Risk
CUST_000192,2024-11-08,3,76.86,Annual,6,13,2,6,Credit Card,1213,77,1,0.7633124104132801,Critical Risk
CUST_000193,2023-06-08,26,24.57,Annual,5,10,1,8,PayPal,1244,85,1,0.7583084777264532,Critical Risk
CUST_000194,2024-11-24,15,13.48,Monthly,10,12,2,6,PayPal,1805,78,0,0.3953335481184928,Medium Risk
CUST_000195,2023-02-04,36,25.6,Monthly,9,12,3,5,PayPal,860,78,1,0.5993130398666231,High Risk
CUST_000196,2021-08-14,32,131.64,Annual,8,10,1,3,ACH,209,60,0,0.3737883650479546,Medium Risk
CUST_000197,2022-11-13,32,60.14,Monthly,11,9,1,8,Invoice,196,86,1,0.722591195438172,Critical Risk
CUST_000198,2023-04-19,4,73.84,Annual,13,12,4,10,Invoice,1129,100,1,0.6530221598254687,High Risk
CUST_000199,2024-10-02,18,24.86,Monthly,9,12,2,2,ACH,1101,58,0,0.505482462732586,High Risk
CUST_000200,2024-06-20,49,73.54,Monthly,5,14,5,10,PayPal,160,100,0,0.29707022132700006,Low Risk
CUST_000201,2024-10-23,19,11.43,Monthly,10,13,6,9,PayPal,1296,97,0,0.3245897581839401,Medium Risk
CUST_000202,2021-12-17,43,33.53,Monthly,7,6,2,8,PayPal,427,94,0,0.40776206684371885,Medium Risk
CUST_000203,2023-07-25,52,59.28,Monthly,9,7,2,6,ACH,1079,83,0,0.4445294624226388,Medium Risk
CUST_000204,2024-07-26,35,17.9,Annual,5,7,0,9,Invoice,1344,88,1,0.7811732886471014,Critical Risk
CUST_000205,2024-02-27,40,96.58,Annual,8,12,2,6,Credit Card,1268,78,1,0.5448955107843343,High Risk
CUST_000206,2023-06-16,14,23.4,Monthly,5,6,3,8,Invoice,545,99,1,0.6649959818917623,High Risk
CUST_000207,2021-11-01,58,62.82,Quarterly,7,8,0,5,Credit Card,458,67,1,0.5705255839764898,High Risk
CUST_000208,2022-01-04,33,35.98,Annual,6,6,1,7,PayPal,823,84,1,0.7210689134358776,Critical Risk
CUST_000209,2022-08-08,14,55.32,Quarterly,11,9,5,2,ACH,1282,66,1,0.6722848446938218,High Risk
CUST_000210,2022-08-17,34,15.68,Annual,8,9,1,1,ACH,904,51,0,0.4474412384562262,Medium Risk
CUST_000211,2021-10-12,55,10.85,Annual,9,12,2,8,PayPal,722,88,1,0.7321561599109451,Critical Risk
CUST_000212,2022-02-23,4,130.16,Monthly,11,9,2,5,Invoice,782,76,0,0.3326698047198003,Medium Risk
CUST_000213,2022-07-31,24,25.71,Monthly,13,11,2,9,PayPal,477,94,1,0.7015350889662965,Critical Risk
CUST_000214,2022-03-28,59,95.65,Monthly,14,9,1,7,PayPal,1719,81,1,0.7690354779142357,Critical Risk
CUST_000215,2022-11-25,29,376.95,Annual,11,13,2,4,ACH,1399,67,0,0.2507139685068648,Low Risk
CUST_000216,2025-10-25,19,21.88,Monthly,12,5,2,5,Invoice,1787,80,0,0.2736111442307425,Low Risk
CUST_000217,2022-12-01,6,25.41,Annual,5,19,0,3,Credit Card,1168,46,1,0.8664705882352942,Critical Risk
CUST_000218,2022-06-24,57,64.36,Monthly,9,11,0,5,ACH,1433,64,0,0.3380386699770632,Medium Risk
CUST_000219,2022-07-02,33,178.27,Quarterly,8,10,2,10,ACH,1722,100,1,0.8151548031692546,Critical Risk
CUST_000220,2022-10-04,49,133.74,Monthly,4,6,1,4,ACH,125,69,1,0.8009438133438814,Critical Risk
CUST_000221,2024-08-08,40,44.95,Monthly,7,8,6,3,Credit Card,602,72,0,0.39920243926927745,Medium Risk
CUST_000222,2024-08-13,19,89.26,Monthly,5,11,2,8,Credit Card,171,89,1,0.7896993770252874,Critical Risk
CUST_000223,2023-09-03,53,17.29,Monthly,15,7,6,4,Credit Card,762,78,1,0.8300464287448645,Critical Risk
CUST_000224,2021-06-29,1,199.57,Monthly,8,10,2,10,Invoice,210,100,1,0.6573750199076285,High Risk
CUST_000225,2022-10-28,5,176.7,Annual,8,15,3,4,PayPal,994,70,1,0.7887140205854922,Critical Risk
CUST_000226,2022-07-20,27,18.94,Monthly,10,7,2,8,Invoice,1211,93,1,0.8087287803326739,Critical Risk
CUST_000227,2024-05-23,16,27.79,Monthly,7,14,0,5,Invoice,1075,61,1,0.7334211911320614,Critical Risk
CUST_000228,2022-04-14,6,15.28,Quarterly,9,7,1,5,Credit Card,1518,73,0,0.4564735980393874,Medium Risk
CUST_000229,2022-05-29,40,25.85,Monthly,10,5,4,5,PayPal,123,85,1,0.852366845081943,Critical Risk
CUST_000230,2024-07-23,13,94.63,Quarterly,11,15,1,6,Invoice,675,70,0,0.2207714402964994,Low Risk
CUST_000231,2025-06-19,48,33.77,Quarterly,3,11,2,5,Invoice,582,74,1,0.4711488596467353,Medium Risk
CUST_000232,2021-09-05,35,14.63,Monthly,10,11,1,1,PayPal,1306,49,1,0.9346267847945762,Critical Risk
CUST_000233,2022-12-01,19,30.94,Monthly,9,14,1,1,Credit Card,1153,46,1,0.6996640347011664,High Risk
CUST_000234,2022-11-22,12,209.18,Monthly,8,9,2,6,PayPal,1139,81,0,0.41380788951604286,Medium Risk
CUST_000235,2024-06-18,16,59.67,Annual,4,13,1,2,ACH,332,52,1,0.5109692623279305,High Risk
CUST_000236,2024-07-08,59,36.91,Annual,8,7,1,3,PayPal,1332,63,1,0.671140743532493,High Risk
CUST_000237,2022-07-05,43,19.11,Annual,8,13,0,6,ACH,1386,67,0,0.2949091868752075,Low Risk
CUST_000238,2021-09-10,10,224.07,Annual,4,9,2,2,Invoice,527,61,1,0.6163111080529291,High Risk
CUST_000239,2021-11-13,25,95.98,Monthly,8,11,2,6,PayPal,1283,79,1,0.6869546354719267,High Risk
CUST_000240,2022-03-29,20,26.53,Quarterly,5,7,1,6,PayPal,210,78,0,0.44449935566997867,Medium Risk
CUST_000241,2022-11-23,31,13.63,Annual,5,10,1,2,Credit Card,709,55,1,0.7318612770536541,Critical Risk
CUST_000242,2021-08-21,4,12.91,Annual,8,9,2,10,Invoice,393,100,1,0.8755447890094021,Critical Risk
CUST_000243,2023-03-23,44,16.41,Quarterly,10,12,2,2,ACH,924,58,1,0.7957639920583504,Critical Risk
CUST_000244,2022-03-04,23,53.47,Annual,5,11,3,7,ACH,474,89,0,0.36145879799631814,Medium Risk
CUST_000245,2025-02-15,2,142.09,Monthly,9,3,2,9,Credit Card,877,100,1,0.8848583951111999,Critical Risk
CUST_000246,2024-10-16,56,44.33,Monthly,6,12,0,1,ACH,43,43,1,0.8455070273747554,Critical Risk
CUST_000247,2022-10-19,22,102.56,Monthly,8,8,2,8,ACH,307,92,1,0.7340847193664816,Critical Risk
CUST_000248,2022-02-19,51,39.52,Monthly,12,11,3,4,ACH,1377,74,1,0.7602882748033138,Critical Risk
CUST_000249,2022-06-23,57,71.65,Quarterly,10,6,1,6,ACH,780,79,0,0.2639862175499348,Low Risk
CUST_000250,2022-06-22,37,75.81,Monthly,4,12,3,3,Credit Card,1134,68,1,0.5533904966343828,High Risk
CUST_000251,2023-03-23,8,19.56,Annual,10,10,1,10,Invoice,1440,95,1,0.8895519776059589,Critical Risk
CUST_000252,2021-11-08,7,32.41,Annual,12,10,2,1,Credit Card,736,55,0,0.2612348700508316,Low Risk
CUST_000253,2021-10-27,14,60.71,Monthly,6,3,5,1,PayPal,1766,67,1,0.8089454799604411,Critical Risk
CUST_000254,2023-09-24,56,13.67,Quarterly,8,8,1,5,Credit Card,1475,72,1,0.6818017204643552,High Risk
CUST_000255,2023-04-24,55,32.43,Quarterly,4,10,2,4,PayPal,1572,70,0,0.5086401854998555,High Risk
CUST_000256,2024-06-03,3,48.26,Annual,10,11,0,8,ACH,426,79,0,0.3459558480964825,Medium Risk
CUST_000257,2026-01-10,50,288.96,Monthly,8,12,3,3,Credit Card,381,68,1,0.5647876853106958,High Risk
CUST_000258,2026-05-01,16,42.17,Monthly,12,8,3,3,Invoice,1492,72,1,0.7581966658548719,Critical Risk
CUST_000259,2024-07-30,55,94.66,Monthly,9,8,0,2,Invoice,783,52,1,0.7170054303456813,Critical Risk
CUST_000260,2025-09-25,19,38.29,Monthly,4,6,4,9,Invoice,1823,100,0,0.2918671377773817,Low Risk
CUST_000261,2021-12-25,51,89.58,Annual,7,7,1,5,PayPal,649,73,0,0.32274754122071037,Medium Risk
CUST_000262,2023-12-30,18,55.24,Quarterly,6,14,1,9,Invoice,1730,86,0,0.65604391630011,High Risk
CUST_000263,2021-07-08,52,118.84,Annual,10,12,1,7,PayPal,1419,78,1,0.7422508584091684,Critical Risk
CUST_000264,2022-12-01,16,36.46,Quarterly,10,12,1,8,ACH,265,83,1,0.6745386056774072,High Risk
CUST_000265,2025-04-13,8,56.36,Annual,13,4,3,7,PayPal,746,96,0,0.2668064284206034,Low Risk
CUST_000266,2022-06-06,33,59.72,Monthly,11,7,1,5,ACH,378,73,0,0.4025471104555444,Medium Risk
CUST_000267,2021-10-14,49,37.01,Quarterly,16,8,1,2,Credit Card,746,57,0,0.565278058629804,High Risk
CUST_000268,2023-03-06,12,17.79,Monthly,6,7,1,8,ACH,975,88,0,0.4617294887775948,Medium Risk
CUST_000269,2023-05-22,53,14.91,Quarterly,9,9,1,5,Credit Card,177,71,0,0.313017262703222,Medium Risk
CUST_000270,2021-08-29,11,10.84,Monthly,16,11,1,8,Invoice,846,84,1,0.8402510991096811,Critical Risk
CUST_000271,2024-05-03,5,113.39,Monthly,9,7,1,5,Invoice,1814,73,0,0.3024266207930607,Medium Risk
CUST_000272,2021-09-10,27,23.49,Quarterly,7,9,2,1,Invoice,936,56,1,0.6950974496658001,High Risk
CUST_000273,2021-08-03,12,21.88,Annual,3,17,3,10,Credit Card,1541,98,1,0.7488644938849857,Critical Risk
CUST_000274,2022-05-24,17,76.6,Quarterly,3,7,2,9,PayPal,335,98,0,0.21495341667653228,Low Risk
CUST_000275,2025-08-29,6,29.28,Quarterly,6,14,1,5,Invoice,582,66,1,0.7537109876080226,Critical Risk
CUST_000276,2024-01-18,33,45.27,Monthly,4,9,1,2,ACH,148,56,1,0.7291645869138591,Critical Risk
CUST_000277,2022-05-01,5,18.87,Annual,15,6,4,4,Invoice,614,79,1,0.832259925506143,Critical Risk
CUST_000278,2025-10-12,57,170.63,Monthly,11,14,3,1,ACH,1057,56,1,0.7634367135177514,Critical Risk
CUST_000279,2023-01-11,28,105.39,Annual,9,13,3,4,Invoice,584,72,1,0.6191498683060451,High Risk
CUST_000280,2025-12-31,14,109.68,Annual,5,10,4,5,PayPal,1772,80,0,0.6067469320400805,High Risk
CUST_000281,2025-03-28,5,36.11,Monthly,13,13,1,2,ACH,769,52,0,0.3625805857027299,Medium Risk
CUST_000282,2024-03-27,54,81.85,Annual,8,8,1,6,ACH,60,77,1,0.7571434808277163,Critical Risk
CUST_000283,2025-07-13,56,17.77,Annual,4,9,2,4,PayPal,553,71,0,0.3046793235099784,Medium Risk
CUST_000284,2025-07-27,59,10.43,Monthly,10,5,1,5,Credit Card,1650,75,1,0.8678872869788314,Critical Risk
CUST_000285,2023-12-01,33,11.01,Quarterly,11,9,1,10,ACH,1421,96,1,0.8109663865546218,Critical Risk
CUST_000286,2021-11-11,50,54.17,Annual,6,8,6,10,Invoice,443,100,0,0.25881501597743306,Low Risk
CUST_000287,2025-10-17,48,40.38,Quarterly,11,7,3,5,Credit Card,713,83,0,0.39331252692251456,Medium Risk
CUST_000288,2023-08-25,41,46.49,Monthly,7,9,2,4,PayPal,1012,71,1,0.6723138894713511,High Risk
CUST_000289,2022-02-18,19,10.37,Monthly,4,15,2,1,PayPal,872,50,1,0.9151414169964198,Critical Risk
CUST_000290,2024-04-11,22,37.47,Annual,5,11,1,5,Credit Card,1089,69,1,0.6393692511479974,High Risk
CUST_000291,2025-12-10,5,73.3,Monthly,6,6,2,4,ACH,566,74,1,0.5190688710482028,High Risk
CUST_000292,2024-09-01,59,39.23,Quarterly,6,9,2,6,Credit Card,868,81,0,0.35677939450656315,Medium Risk
CUST_000293,2022-12-25,2,75.88,Monthly,9,6,0,7,ACH,869,79,1,0.8413431427271161,Critical Risk
CUST_000294,2023-03-12,30,23.26,Annual,8,9,2,4,Credit Card,406,71,1,0.7155502455654974,Critical Risk
CUST_000295,2025-10-28,47,93.87,Annual,7,7,3,3,PayPal,435,73,0,0.39018144884531303,Medium Risk
CUST_000296,2022-08-22,39,54.39,Monthly,8,11,1,1,ACH,577,49,1,0.7812350009041752,Critical Risk
CUST_000297,2025-01-24,4,21.83,Monthly,10,8,4,2,ACH,1667,67,1,0.8877129119734438,Critical Risk
CUST_000298,2022-07-30,33,23.51,Annual,9,10,3,1,ACH,1184,60,1,0.8008792869635661,Critical Risk
CUST_000299,2021-06-03,13,59.45,Annual,7,18,1,9,PayPal,107,82,1,0.799987678352542,Critical Risk
CUST_000300,2024-07-12,20,98.58,Monthly,9,9,2,4,PayPal,1592,71,0,0.47778025540768776,Medium Risk
CUST_000301,2024-03-30,54,36.86,Quarterly,16,11,4,7,ACH,513,89,0,0.34393825577340137,Medium Risk
CUST_000302,2023-09-21,7,24.94,Monthly,5,15,3,6,PayPal,887,80,1,0.6409555187842224,High Risk
CUST_000303,2025-03-26,15,110.87,Monthly,7,6,3,1,Credit Card,548,64,0,0.5414412179856075,High Risk
CUST_000304,2022-08-02,23,65.32,Annual,12,11,4,2,Credit Card,450,64,0,0.3543568817146634,Medium Risk
CUST_000305,2022-02-18,14,39.72,Monthly,8,9,0,4,Invoice,1097,61,1,0.7427844531761955,Critical Risk
CUST_000306,2025-12-07,23,43.46,Quarterly,8,7,2,6,Invoice,1125,83,1,0.6472358877888915,High Risk
CUST_000307,2023-02-16,19,21.42,Monthly,8,11,5,5,Invoice,1669,79,1,0.8373067022626501,Critical Risk
CUST_000308,2023-12-21,54,59.28,Monthly,15,15,4,3,PayPal,985,65,0,0.24372424174753393,Low Risk
CUST_000309,2021-08-02,29,32.22,Monthly,7,9,2,9,PayPal,1368,96,0,0.5148802969012674,High Risk
CUST_000310,2024-12-30,56,281.82,Annual,7,7,1,7,ACH,721,83,0,0.27167880273435213,Low Risk
CUST_000311,2023-10-17,20,42.71,Annual,7,11,0,6,PayPal,161,69,0,0.3820160472291048,Medium Risk
CUST_000312,2021-10-12,29,43.27,Annual,6,7,1,5,ACH,520,73,1,0.7201937434679831,Critical Risk
CUST_000313,2024-10-29,24,51.72,Monthly,7,10,1,8,Invoice,1808,85,1,0.7411163063118021,Critical Risk
CUST_000314,2025-05-30,18,134.3,Monthly,8,7,4,8,Invoice,1183,98,1,0.7446398111965989,Critical Risk
CUST_000315,2023-12-13,10,90.68,Quarterly,13,12,1,10,Credit Card,785,93,0,0.3465712281574413,Medium Risk
CUST_000316,2024-07-31,41,39.99,Monthly,10,7,1,10,ACH,1298,98,0,0.41177561796651296,Medium Risk
CUST_000317,2025-01-15,57,73.42,Quarterly,9,6,3,10,PayPal,1778,100,1,0.8903869886546069,Critical Risk
CUST_000318,2025-12-03,8,54.12,Monthly,10,12,1,10,Invoice,257,93,0,0.2579847634462123,Low Risk
CUST_000319,2022-05-25,26,43.9,Quarterly,7,6,0,5,Credit Card,241,69,1,0.6574889743299321,High Risk
CUST_000320,2022-09-19,29,20.68,Monthly,5,5,2,1,ACH,699,60,0,0.7628255145764815,Critical Risk
CUST_000321,2021-11-10,10,41.18,Annual,11,12,0,3,PayPal,973,53,0,0.6367289905808832,High Risk
CUST_000322,2025-08-13,17,24.11,Monthly,11,9,1,4,PayPal,392,66,0,0.38052043434246197,Medium Risk
CUST_000323,2021-06-10,2,133.16,Monthly,12,6,2,1,Invoice,671,59,0,0.28483868785291133,Low Risk
CUST_000324,2025-12-10,6,30.43,Monthly,7,18,1,1,PayPal,1669,42,0,0.3203602756892231,Medium Risk
CUST_000325,2025-05-22,58,162.1,Monthly,7,10,1,4,Credit Card,440,65,1,0.7418566450078075,Critical Risk
CUST_000326,2024-08-17,5,48.08,Monthly,10,9,4,4,PayPal,946,76,0,0.34005239060290243,Medium Risk
CUST_000327,2023-07-21,28,59.92,Annual,5,6,4,7,Credit Card,758,94,1,0.6976526015736924,High Risk
CUST_000328,2021-12-19,41,49.15,Annual,12,10,2,6,PayPal,1658,80,0,0.35875538239413346,Medium Risk
CUST_000329,2023-12-04,5,16.93,Annual,10,13,2,1,PayPal,418,52,0,0.4226543321316158,Medium Risk
CUST_000330,2026-05-01,18,33.57,Annual,15,11,1,1,Credit Card,822,49,0,0.3422092909046606,Medium Risk
CUST_000331,2023-11-18,26,15.22,Annual,8,7,1,6,Credit Card,775,78,0,0.5667352322987305,High Risk
CUST_000332,2022-09-13,20,58.77,Monthly,14,11,3,7,Credit Card,1613,89,1,0.8791964475445934,Critical Risk
CUST_000333,2025-08-22,41,39.61,Monthly,16,13,1,2,Invoice,1064,52,0,0.3845532156703271,Medium Risk
CUST_000334,2021-09-30,49,85.25,Monthly,5,13,2,3,Invoice,1534,62,1,0.6947568383576246,High Risk
CUST_000335,2025-02-04,27,22.45,Quarterly,12,7,1,2,ACH,778,58,0,0.3147413476122146,Medium Risk
CUST_000336,2023-06-07,49,18.99,Monthly,11,11,3,6,PayPal,48,84,0,0.292461490762247,Low Risk
CUST_000337,2023-02-04,12,36.07,Monthly,9,11,3,1,Credit Card,262,59,1,0.8220817816052023,Critical Risk
CUST_000338,2023-07-23,7,140.58,Annual,3,8,3,7,ACH,1327,92,0,0.41733707512347523,Medium Risk
CUST_000339,2026-04-24,59,71.97,Monthly,15,7,2,10,Invoice,783,100,1,0.84951340265166,Critical Risk
CUST_000340,2022-11-23,3,37.14,Quarterly,3,7,3,2,ACH,1060,68,1,0.7716700102436359,Critical Risk
CUST_000341,2023-04-06,10,46.42,Quarterly,6,13,1,5,Credit Card,884,67,0,0.2539249459862694,Low Risk
CUST_000342,2021-09-23,34,14.4,Monthly,5,14,2,1,Invoice,33,51,1,0.8330434070434071,Critical Risk
CUST_000343,2024-02-07,25,218.59,Monthly,14,20,2,10,Invoice,178,90,1,0.8643680124223604,Critical Risk
CUST_000344,2025-10-07,35,64.89,Monthly,9,12,0,10,PayPal,1181,88,1,0.6246202392875861,High Risk
CUST_000345,2023-03-05,16,26.8,Annual,17,12,0,7,Credit Card,70,73,1,0.7486405232304123,Critical Risk
CUST_000346,2025-03-25,2,54.07,Monthly,8,8,0,5,Invoice,618,67,0,0.28539423071737474,Low Risk
CUST_000347,2025-12-02,24,15.8,Annual,4,8,2,5,Credit Card,1784,77,0,0.289597123829871,Low Risk
CUST_000348,2026-03-10,10,178.83,Annual,13,10,3,8,PayPal,419,95,1,0.7215160194513573,Critical Risk
CUST_000349,2023-03-16,38,19.61,Monthly,13,7,1,8,ACH,1514,88,1,0.8675452575300099,Critical Risk
CUST_000350,2021-09-09,22,62.21,Monthly,9,10,2,8,ACH,988,90,1,0.7202373732232645,Critical Risk
CUST_000351,2024-08-13,26,24.08,Annual,6,8,0,3,PayPal,1199,57,0,0.3767919249297278,Medium Risk
CUST_000352,2024-09-23,43,73.21,Monthly,6,12,4,8,PayPal,824,93,1,0.7122202339332554,Critical Risk
CUST_000353,2021-10-27,55,84.99,Quarterly,8,9,3,5,Invoice,1524,81,0,0.32824602830620536,Medium Risk
CUST_000354,2022-05-20,39,65.95,Monthly,5,13,1,1,PayPal,715,47,1,0.8594395644012338,Critical Risk
CUST_000355,2022-05-18,27,57.66,Annual,8,13,2,4,ACH,1431,67,0,0.34102227683836905,Medium Risk
CUST_000356,2026-01-19,29,121.5,Quarterly,9,7,2,5,Invoice,843,78,1,0.6738574453502515,High Risk
CUST_000357,2025-08-22,47,14.09,Quarterly,13,9,2,8,Invoice,1532,91,0,0.22876737077415935,Low Risk
CUST_000358,2022-11-29,38,30.09,Monthly,5,11,1,10,Invoice,626,94,1,0.7139242542747479,Critical Risk
CUST_000359,2023-03-24,20,24.27,Monthly,8,9,2,2,PayPal,1610,61,1,0.7547651279699363,Critical Risk
CUST_000360,2024-12-09,27,231.2,Annual,7,13,1,6,Credit Card,1096,72,1,0.6899946588533236,High Risk
CUST_000361,2022-03-28,41,34.66,Monthly,9,16,4,4,Invoice,749,69,0,0.44740859699581814,Medium Risk
CUST_000362,2026-01-24,54,75.95,Monthly,11,6,2,3,Credit Card,1103,69,1,0.6560675654022846,High Risk
CUST_000363,2025-12-01,20,67.72,Quarterly,3,10,2,9,PayPal,260,95,0,0.47735863693225994,Medium Risk
CUST_000364,2023-11-01,44,21.92,Monthly,11,10,1,5,Credit Card,1330,70,1,0.8026543092555062,Critical Risk
CUST_000365,2023-12-07,19,23.66,Monthly,9,7,1,2,PayPal,1550,58,1,0.880593851356637,Critical Risk
CUST_000366,2025-05-30,20,26.51,Monthly,5,14,5,3,Invoice,1693,66,1,0.7892250469052726,Critical Risk
CUST_000367,2021-08-07,35,36.48,Annual,6,10,4,9,ACH,1342,100,1,0.7243878273645366,Critical Risk
CUST_000368,2024-02-01,47,23.35,Annual,6,7,1,8,ACH,249,88,0,0.3364485687633749,Medium Risk
CUST_000369,2023-02-01,2,10.99,Monthly,4,11,3,6,Credit Card,59,84,1,0.892935064935065,Critical Risk
CUST_000370,2021-07-24,30,115.76,Monthly,3,17,4,8,ACH,923,88,0,0.3353692075488583,Medium Risk
CUST_000371,2023-09-19,53,178.5,Monthly,7,13,1,1,Invoice,1762,47,1,0.839897748688221,Critical Risk
CUST_000372,2021-09-01,34,30.89,Annual,2,7,4,2,PayPal,1086,58,0,0.3486509597913577,Medium Risk
CUST_000373,2025-11-23,22,30.66,Monthly,9,6,2,6,Credit Card,1046,84,0,0.5299405553826209,High Risk
CUST_000374,2021-12-11,3,10.36,Quarterly,6,14,1,5,PayPal,104,66,0,0.24925641025641024,Low Risk
CUST_000375,2024-02-22,6,67.01,Monthly,4,9,2,1,PayPal,278,56,1,0.8497012225281623,Critical Risk
CUST_000376,2025-03-31,15,97.27,Quarterly,12,8,3,4,PayPal,124,77,1,0.7066243930487889,Critical Risk
CUST_000377,2022-10-10,27,17.93,Monthly,4,6,0,8,ACH,242,84,1,0.8592625633823205,Critical Risk
CUST_000378,2024-02-07,10,18.7,Annual,7,15,4,9,Invoice,1142,95,1,0.8508221804589974,Critical Risk
CUST_000379,2022-02-25,9,88.05,Monthly,9,8,2,1,Invoice,1199,57,1,0.741815724678049,Critical Risk
CUST_000380,2022-06-17,33,57.89,Monthly,6,7,4,2,PayPal,937,68,0,0.36983042900685476,Medium Risk
CUST_000381,2023-03-01,32,12.29,Quarterly,8,15,2,3,ACH,512,60,1,0.8508756722344483,Critical Risk
CUST_000382,2022-12-31,48,58.72,Quarterly,7,9,4,7,PayPal,477,91,1,0.5739067272518815,High Risk
CUST_000383,2025-03-28,6,28.47,Monthly,8,20,0,5,PayPal,1338,55,1,0.8088411012233824,Critical Risk
CUST_000384,2024-08-01,41,33.0,Annual,9,9,4,2,ACH,1771,66,1,0.7804410699312766,Critical Risk
CUST_000385,2023-06-11,59,83.43,Annual,8,9,2,3,Credit Card,362,66,1,0.6665996425428662,High Risk
CUST_000386,2024-06-14,36,93.28,Quarterly,8,9,1,8,Credit Card,816,86,1,0.6642465594726462,High Risk
CUST_000387,2025-01-28,59,35.57,Monthly,8,5,3,4,ACH,1137,80,1,0.5519062882186347,High Risk
CUST_000388,2023-09-21,2,157.02,Annual,8,17,1,10,Credit Card,287,88,1,0.6312412243991191,High Risk
CUST_000389,2025-01-18,29,36.08,Monthly,7,7,0,9,ACH,1321,88,0,0.7009028415626375,Critical Risk
CUST_000390,2022-07-04,4,83.88,Monthly,12,9,4,6,PayPal,359,86,0,0.6703431477112832,High Risk
CUST_000391,2023-06-22,1,43.07,Quarterly,10,15,2,8,PayPal,321,85,0,0.6897872584836088,High Risk
CUST_000392,2024-04-13,19,123.91,Monthly,4,8,0,10,Invoice,1444,92,0,0.3926443680066523,Medium Risk
CUST_000393,2021-09-12,26,129.17,Monthly,10,12,5,6,ACH,898,83,1,0.712287384769614,Critical Risk
CUST_000394,2026-03-26,25,14.57,Annual,9,16,2,2,Credit Card,1025,54,1,0.7859443647840116,Critical Risk
CUST_000395,2025-09-15,10,147.83,Annual,7,16,1,10,Credit Card,303,89,1,0.7781449268983002,Critical Risk
CUST_000396,2022-07-14,53,97.3,Monthly,8,12,1,8,Credit Card,810,83,1,0.637306742741802,High Risk
CUST_000397,2024-10-17,15,88.35,Monthly,12,10,1,7,PayPal,1002,80,1,0.7450168415493147,Critical Risk
CUST_000398,2025-02-19,59,21.21,Quarterly,4,5,2,4,Credit Card,601,75,1,0.4908234163293526,Medium Risk
CUST_000399,2022-10-04,22,91.77,Monthly,6,8,2,6,PayPal,1029,82,0,0.5615701495851492,High Risk
CUST_000400,2026-04-06,51,104.9,Annual,9,11,4,9,PayPal,876,99,1,0.7837181186522532,Critical Risk
CUST_000401,2025-09-19,48,27.06,Annual,10,3,6,1,Invoice,1049,67,1,0.816148304715164,Critical Risk
CUST_000402,2022-10-10,21,162.1,Monthly,17,12,2,9,PayPal,461,93,1,0.8513900181190983,Critical Risk
CUST_000403,2024-02-25,59,12.56,Quarterly,9,12,2,10,Invoice,720,98,1,0.7835344013416302,Critical Risk
CUST_000404,2021-11-12,56,18.12,Annual,7,7,2,4,PayPal,1154,73,0,0.31355324000071155,Medium Risk
CUST_000405,2025-07-23,22,48.56,Monthly,4,17,4,1,PayPal,608,53,0,0.3185115874811297,Medium Risk
CUST_000406,2023-12-06,36,52.88,Annual,13,3,1,8,ACH,985,92,1,0.7120001091111292,Critical Risk
CUST_000407,2023-09-16,34,61.8,Annual,7,12,3,8,PayPal,423,93,1,0.5374559396368802,High Risk
CUST_000408,2022-03-20,30,10.86,Annual,8,8,2,9,PayPal,820,97,1,0.7706046263849099,Critical Risk
CUST_000409,2025-02-04,25,171.4,Quarterly,7,19,2,10,Invoice,1185,91,0,0.28455533065885785,Low Risk
CUST_000410,2023-07-18,45,12.28,Monthly,9,11,3,1,PayPal,1801,59,1,0.8815482905702785,Critical Risk
CUST_000411,2024-02-07,28,17.72,Monthly,8,14,3,2,ACH,155,61,0,0.3188713049826755,Medium Risk
CUST_000412,2024-07-13,1,10.71,Monthly,12,13,1,6,Credit Card,54,72,1,0.850126984126984,Critical Risk
CUST_000413,2022-02-13,49,51.83,Monthly,9,9,1,5,ACH,990,71,0,0.4820372091966369,Medium Risk
CUST_000414,2024-11-02,45,144.61,Monthly,7,14,1,3,ACH,218,56,1,0.620159673199161,High Risk
CUST_000415,2023-01-03,4,64.82,Quarterly,8,10,4,3,PayPal,1122,70,1,0.8396150382653704,Critical Risk
CUST_000416,2023-05-26,7,96.48,Annual,9,8,1,9,Credit Card,482,92,1,0.746522200830421,Critical Risk
CUST_000417,2022-02-17,49,10.67,Annual,6,10,1,1,PayPal,1100,50,1,0.8614603842511415,Critical Risk
CUST_000418,2026-04-16,9,49.05,Annual,8,7,1,4,ACH,312,68,1,0.7026550903966396,Critical Risk
CUST_000419,2023-01-23,36,40.77,Quarterly,4,7,2,7,Credit Card,1690,88,0,0.5016384043871563,High Risk
CUST_000420,2022-12-06,19,44.55,Monthly,9,12,1,5,ACH,731,68,1,0.7333289546113076,Critical Risk
CUST_000421,2025-11-26,1,13.75,Quarterly,6,12,2,9,ACH,612,93,1,0.8933947204968945,Critical Risk
CUST_000422,2025-01-11,10,67.67,Monthly,3,13,3,10,ACH,590,100,0,0.5366485104839558,High Risk
CUST_000423,2023-05-29,36,44.98,Quarterly,8,10,3,8,Credit Card,346,95,1,0.505466801155997,High Risk
CUST_000424,2022-07-06,9,82.44,Annual,12,10,2,1,PayPal,885,55,0,0.29796038727821567,Low Risk
CUST_000425,2024-12-01,45,43.21,Monthly,4,8,2,8,PayPal,372,92,1,0.6852143027808272,High Risk
CUST_000426,2026-01-24,46,18.09,Annual,11,13,2,10,Credit Card,485,97,1,0.6215805907783454,High Risk
CUST_000427,2021-06-29,42,62.24,Annual,13,11,1,10,Credit Card,1467,94,0,0.2837830877816747,Low Risk
CUST_000428,2023-06-07,32,19.46,Monthly,7,10,7,5,Credit Card,1453,80,1,0.8920867941563528,Critical Risk
CUST_000429,2025-07-27,32,112.94,Annual,10,11,3,6,ACH,377,84,0,0.319213240645858,Medium Risk
CUST_000430,2022-07-30,6,57.48,Monthly,6,13,2,1,PayPal,1246,52,0,0.3720548303958413,Medium Risk
CUST_000431,2024-12-22,48,18.55,Monthly,5,8,3,5,ACH,1499,82,1,0.8672335602175535,Critical Risk
CUST_000432,2025-07-05,38,173.96,Quarterly,11,12,1,4,Credit Card,784,63,1,0.4962993444033521,Medium Risk
CUST_000433,2025-11-03,17,46.53,Annual,8,8,1,9,Invoice,1347,92,1,0.7264088594525059,Critical Risk
CUST_000434,2024-09-03,10,13.78,Quarterly,8,7,1,4,ACH,1524,68,0,0.7166594901763144,Critical Risk
CUST_000435,2023-04-06,50,59.29,Annual,8,7,1,6,ACH,893,78,0,0.41422957193185256,Medium Risk
CUST_000436,2024-06-02,27,24.6,Monthly,8,14,1,10,Credit Card,1820,91,1,0.8132997232705932,Critical Risk
CUST_000437,2023-08-14,54,91.4,Annual,5,9,0,3,Credit Card,284,56,1,0.7444103633020716,Critical Risk
CUST_000438,2023-03-20,50,95.14,Annual,10,6,1,9,Credit Card,122,94,0,0.34512171713213907,Medium Risk
CUST_000439,2025-10-24,35,203.04,Quarterly,8,11,5,8,PayPal,600,94,1,0.6704102360052582,High Risk
CUST_000440,2025-08-23,52,44.84,Monthly,9,15,1,9,Credit Card,1200,85,0,0.4323697626958025,Medium Risk
CUST_000441,2023-08-26,59,40.34,Quarterly,9,11,0,10,PayPal,294,89,0,0.34753356617727066,Medium Risk
CUST_000442,2023-10-18,21,80.01,Quarterly,4,9,1,6,Invoice,637,76,0,0.4282951783774012,Medium Risk
CUST_000443,2023-02-03,25,17.11,Annual,10,8,5,8,Invoice,892,97,1,0.7544388009418453,Critical Risk
CUST_000444,2022-10-31,28,49.58,Quarterly,7,12,1,1,Credit Card,738,48,0,0.35138023536142815,Medium Risk
CUST_000445,2022-08-25,47,49.51,Monthly,8,11,1,1,ACH,820,49,0,0.5187342610539506,High Risk
CUST_000446,2025-12-26,15,14.69,Quarterly,4,10,1,10,Invoice,907,95,1,0.8123942779649199,Critical Risk
CUST_000447,2026-04-15,4,37.06,Annual,12,11,3,4,Credit Card,724,74,0,0.3160087100460141,Medium Risk
CUST_000448,2021-07-09,29,105.96,Monthly,4,5,0,1,ACH,114,50,1,0.8152625272629972,Critical Risk
CUST_000449,2024-10-14,59,106.95,Quarterly,5,6,1,7,ACH,817,84,0,0.2776791936332599,Low Risk
CUST_000450,2024-10-10,9,15.23,Monthly,7,8,5,4,PayPal,1706,77,1,0.9087715386831047,Critical Risk
CUST_000451,2022-08-25,27,14.76,Monthly,12,8,5,1,Invoice,906,62,0,0.30185422558194785,Medium Risk
CUST_000452,2024-06-16,26,25.24,Annual,11,9,2,1,ACH,86,56,0,0.25283872566024623,Low Risk
CUST_000453,2024-08-15,19,113.88,Monthly,11,9,0,6,Credit Card,945,71,1,0.7518994520999026,Critical Risk
CUST_000454,2022-09-29,56,16.9,Monthly,7,10,4,6,ACH,409,85,1,0.7216060191370307,Critical Risk
CUST_000455,2023-12-31,28,73.65,Quarterly,9,12,3,6,Invoice,1740,83,1,0.7944669094541381,Critical Risk
CUST_000456,2021-09-19,17,15.33,Monthly,4,6,2,9,ACH,234,99,1,0.8647329648644825,Critical Risk
CUST_000457,2023-09-14,43,58.79,Monthly,9,5,2,7,ACH,703,90,0,0.37224160710012444,Medium Risk
CUST_000458,2021-10-13,57,32.01,Monthly,9,5,2,7,Credit Card,1681,90,1,0.820046105395918,Critical Risk
CUST_000459,2025-11-29,41,87.77,Monthly,12,12,2,1,Credit Card,1234,53,0,0.3445443946685466,Medium Risk
CUST_000460,2024-12-29,42,23.31,Annual,13,12,2,8,Invoice,466,88,1,0.8535034387821008,Critical Risk
CUST_000461,2022-06-23,50,60.97,Annual,10,8,1,6,ACH,1390,77,1,0.6374051430421125,High Risk
CUST_000462,2024-03-09,20,23.44,Quarterly,2,5,1,5,ACH,604,65,1,0.5946611129864465,High Risk
CUST_000463,2023-04-01,45,72.53,Annual,5,12,2,6,PayPal,187,78,1,0.6751914753892582,High Risk
CUST_000464,2022-06-16,40,113.45,Monthly,10,8,3,9,ACH,225,100,1,0.787065298138587,Critical Risk
CUST_000465,2025-08-30,39,16.78,Quarterly,8,17,2,4,ACH,788,63,1,0.8346608837069819,Critical Risk
CUST_000466,2023-01-19,49,110.72,Annual,4,8,4,7,PayPal,1569,92,1,0.5629506381308906,High Risk
CUST_000467,2023-06-05,53,55.02,Annual,11,12,2,3,ACH,194,63,1,0.5723893106633641,High Risk
CUST_000468,2022-03-24,23,16.8,Annual,7,16,1,2,Invoice,580,49,1,0.7832165620896809,Critical Risk
CUST_000469,2021-08-31,47,37.89,Quarterly,3,10,3,3,Credit Card,1089,70,0,0.31728320567620183,Medium Risk
CUST_000470,2024-04-04,32,18.77,Annual,7,3,3,7,ACH,684,97,1,0.7626829644182503,Critical Risk
CUST_000471,2024-11-11,52,70.26,Monthly,9,10,2,6,ACH,1523,80,1,0.7245929174027071,Critical Risk
CUST_000472,2023-10-25,47,81.12,Annual,10,10,1,3,Credit Card,705,60,0,0.3636721381804176,Medium Risk
CUST_000473,2025-03-21,33,15.59,Monthly,8,11,4,4,Credit Card,1562,74,1,0.8776709590814789,Critical Risk
CUST_000474,2024-11-24,57,45.28,Monthly,12,11,1,1,PayPal,893,49,1,0.8513800999898765,Critical Risk
CUST_000475,2024-01-26,46,94.27,Monthly,10,15,1,7,PayPal,1069,75,1,0.7050425398016196,Critical Risk
CUST_000476,2022-02-23,5,147.57,Monthly,10,13,1,5,PayPal,776,67,0,0.24254418458098265,Low Risk
CUST_000477,2023-11-12,43,46.03,Monthly,9,10,4,1,ACH,776,60,1,0.7092723003412482,Critical Risk
CUST_000478,2026-03-28,48,160.07,Monthly,9,13,2,4,ACH,1053,67,0,0.3885473590201047,Medium Risk
CUST_000479,2024-06-17,34,48.36,Annual,8,9,3,4,PayPal,1301,76,0,0.4626120498210004,Medium Risk
CUST_000480,2026-04-13,40,35.06,Quarterly,5,20,0,7,Credit Card,1048,65,0,0.26789906836060456,Low Risk
CUST_000481,2025-06-16,11,104.26,Quarterly,9,6,5,6,PayPal,419,89,1,0.7514695088747431,Critical Risk
CUST_000482,2024-12-07,50,43.96,Monthly,5,8,4,10,Credit Card,1293,100,1,0.8080288463848083,Critical Risk
CUST_000483,2025-03-29,3,41.92,Annual,6,12,2,10,PayPal,650,98,1,0.7514993027924826,Critical Risk
CUST_000484,2024-07-18,58,43.7,Quarterly,8,11,1,4,PayPal,151,64,0,0.582181188821432,High Risk
CUST_000485,2023-09-04,33,103.8,Monthly,6,10,6,5,ACH,1168,80,0,0.6171652747569879,High Risk
CUST_000486,2025-01-17,11,99.17,Annual,14,15,2,2,Invoice,1265,55,0,0.22872882977516593,Low Risk
CUST_000487,2023-02-21,16,35.84,Annual,10,13,0,7,Credit Card,1032,72,1,0.7295290397106423,Critical Risk
CUST_000488,2023-04-13,18,30.27,Monthly,9,8,1,9,PayPal,273,92,0,0.6893840975449247,High Risk
CUST_000489,2022-07-25,30,43.86,Quarterly,10,14,1,9,PayPal,281,86,0,0.2644653735013379,Low Risk
CUST_000490,2024-01-20,48,52.52,Quarterly,7,11,1,7,Credit Card,1285,79,0,0.4201925221044832,Medium Risk
CUST_000491,2024-05-06,55,23.61,Monthly,12,6,3,7,Invoice,675,94,1,0.8464833701808524,Critical Risk
CUST_000492,2023-12-31,10,88.98,Monthly,9,10,1,8,Invoice,688,85,1,0.7116371594419933,Critical Risk
CUST_000493,2026-03-13,18,43.32,Monthly,5,6,1,5,ACH,274,74,1,0.7127904592706676,Critical Risk
CUST_000494,2021-09-17,38,30.33,Monthly,6,9,1,1,Invoice,136,51,1,0.7890055370660601,Critical Risk
CUST_000495,2021-08-15,19,15.65,Annual,9,9,2,10,Credit Card,1315,100,1,0.6618534206471429,High Risk
CUST_000496,2024-10-05,36,23.65,Annual,7,7,1,10,PayPal,1288,98,0,0.3094555601849217,Medium Risk
CUST_000497,2023-01-05,59,159.07,Monthly,11,16,5,10,Credit Card,34,99,1,0.5969991496598639,High Risk
CUST_000498,2023-03-11,13,28.2,Quarterly,4,12,2,3,Invoice,223,63,1,0.5646742372018737,High Risk
CUST_000499,2025-12-04,56,19.25,Monthly,8,15,3,3,Credit Card,1101,65,1,0.8119856880791663,Critical Risk
CUST_000500,2025-06-23,46,40.87,Monthly,4,9,1,3,Invoice,1251,61,1,0.7343181222270868,Critical Risk
CUST_000501,2024-10-10,3,28.34,Monthly,9,11,0,5,Credit Card,1195,64,0,0.355751039367551,Medium Risk
CUST_000502,2022-08-06,10,11.79,Annual,9,7,2,7,PayPal,1131,88,1,0.6687438386313685,High Risk
CUST_000503,2025-07-02,38,29.51,Monthly,7,14,1,9,Credit Card,1403,86,1,0.8649233397679137,Critical Risk
CUST_000504,2021-08-21,1,49.28,Monthly,9,7,3,4,ACH,1221,78,1,0.8745193971494183,Critical Risk
CUST_000505,2024-06-20,55,50.12,Monthly,7,15,1,8,PayPal,1781,80,1,0.6664721762167991,High Risk
CUST_000506,2024-01-16,56,32.05,Quarterly,12,7,4,10,PayPal,699,100,0,0.25163718525399564,Low Risk
CUST_000507,2023-05-21,27,39.65,Quarterly,11,9,2,6,ACH,1128,81,1,0.576886996909753,High Risk
CUST_000508,2023-08-04,46,178.37,Monthly,7,5,1,3,ACH,619,65,1,0.7007575518045877,Critical Risk
CUST_000509,2025-02-13,8,33.69,Monthly,9,10,3,10,PayPal,1459,100,1,0.7057157526410061,Critical Risk
CUST_000510,2024-08-28,51,24.94,Annual,11,11,2,5,PayPal,928,74,1,0.6798616736931642,High Risk
CUST_000511,2023-08-14,46,23.95,Annual,9,13,2,8,ACH,442,87,1,0.8336560063272956,Critical Risk
CUST_000512,2025-08-12,42,40.6,Monthly,8,18,3,1,PayPal,77,52,1,0.8231367360238327,Critical Risk
CUST_000513,2023-05-22,17,81.26,Quarterly,4,8,0,3,ACH,1291,57,0,0.27248844597132627,Low Risk
CUST_000514,2021-12-19,9,21.53,Annual,10,9,1,8,PayPal,549,86,1,0.772323234822876,Critical Risk
CUST_000515,2023-08-03,6,71.77,Monthly,10,10,0,7,Invoice,718,75,0,0.41216398964130785,Medium Risk
CUST_000516,2021-11-01,43,11.07,Annual,9,8,0,1,Invoice,1188,47,0,0.6372819537201678,High Risk
CUST_000517,2026-04-28,25,37.14,Quarterly,11,8,2,4,PayPal,1461,72,1,0.6721717787665591,High Risk
CUST_000518,2023-04-02,39,84.78,Annual,8,8,2,5,PayPal,796,77,1,0.6566345160967818,High Risk
CUST_000519,2022-12-30,49,30.68,Monthly,9,6,2,5,Credit Card,625,79,1,0.7065413053944413,Critical Risk
CUST_000520,2024-03-20,28,51.48,Monthly,10,10,0,5,PayPal,1117,65,1,0.687545490221364,High Risk
CUST_000521,2023-12-08,33,21.47,Monthly,4,5,0,4,Credit Card,1186,65,0,0.371163443856082,Medium Risk
CUST_000522,2023-08-15,54,77.74,Monthly,11,10,2,9,Invoice,1742,95,1,0.7899661335582921,Critical Risk
CUST_000523,2023-12-01,37,12.68,Annual,12,15,2,1,ACH,1251,50,1,0.7157660577138651,Critical Risk
CUST_000524,2022-07-29,9,105.71,Quarterly,8,11,1,7,Invoice,505,79,0,0.33145981503496125,Medium Risk
CUST_000525,2026-03-17,18,21.04,Annual,7,11,1,1,PayPal,1580,49,1,0.8449273502845905,Critical Risk
CUST_000526,2023-12-18,56,113.73,Quarterly,5,7,3,3,PayPal,1624,73,0,0.44633538163405134,Medium Risk
CUST_000527,2024-01-31,59,31.73,Monthly,10,13,5,10,Credit Card,119,100,0,0.5991122592141523,High Risk
CUST_000528,2023-10-10,21,74.13,Quarterly,8,8,2,5,ACH,650,77,1,0.6916477778531412,High Risk
CUST_000529,2024-07-16,2,29.23,Annual,6,5,2,8,ACH,1586,95,1,0.8411890754505432,Critical Risk
CUST_000530,2025-08-07,58,128.18,Monthly,4,8,3,7,Invoice,370,92,1,0.6847834925301578,High Risk
CUST_000531,2025-04-28,43,16.77,Annual,10,7,3,7,Credit Card,1574,93,1,0.8435259662751925,Critical Risk
CUST_000532,2024-08-05,59,19.83,Monthly,6,12,2,5,ACH,460,73,1,0.7193476589097075,Critical Risk
CUST_000533,2023-03-30,38,43.97,Annual,7,12,2,10,Invoice,1417,98,0,0.49257165570384226,Medium Risk
CUST_000534,2021-09-12,58,14.27,Annual,7,11,1,7,Invoice,1478,79,1,0.7755897039012574,Critical Risk
CUST_000535,2021-09-23,40,20.91,Monthly,11,8,1,10,Credit Card,1621,97,1,0.875356708959349,Critical Risk
CUST_000536,2024-07-15,36,153.91,Annual,11,12,2,3,PayPal,1767,63,0,0.31296625570829434,Medium Risk
CUST_000537,2026-01-03,50,197.52,Annual,5,5,3,4,Credit Card,1485,80,1,0.7379417719356921,Critical Risk
CUST_000538,2024-01-23,43,33.6,Monthly,6,8,2,4,Credit Card,347,72,0,0.3531793718895688,Medium Risk
CUST_000539,2021-11-17,37,138.38,Monthly,6,14,3,2,ACH,1138,61,0,0.560554517289143,High Risk
CUST_000540,2023-05-17,15,49.35,Monthly,7,15,1,5,Invoice,767,65,1,0.713485246876277,Critical Risk
CUST_000541,2022-08-02,28,25.72,Annual,8,10,0,9,Invoice,1724,85,0,0.611603134716292,High Risk
CUST_000542,2024-04-22,18,70.6,Quarterly,7,11,2,2,PayPal,735,59,0,0.48530189807512636,Medium Risk
CUST_000543,2022-03-27,34,63.78,Quarterly,9,4,2,1,PayPal,647,61,1,0.717617329308532,Critical Risk
CUST_000544,2026-01-06,22,236.07,Annual,9,12,2,10,Invoice,901,98,1,0.5567640492308016,High Risk
CUST_000545,2024-03-03,11,25.4,Annual,9,8,3,8,Credit Card,685,97,1,0.709108935235195,Critical Risk
CUST_000546,2023-03-09,58,65.75,Monthly,11,16,0,5,ACH,704,59,1,0.747382636292202,Critical Risk
CUST_000547,2022-06-16,57,12.67,Annual,14,13,1,4,Credit Card,718,62,0,0.22686800899344026,Low Risk
CUST_000548,2023-07-25,13,16.03,Monthly,7,5,1,3,PayPal,271,65,1,0.8646677945833287,Critical Risk
CUST_000549,2021-10-11,4,10.2,Monthly,5,9,2,7,Invoice,1724,86,1,0.8804348967556369,Critical Risk
CUST_000550,2023-05-17,22,386.26,Annual,9,11,5,7,PayPal,617,89,1,0.5617380134735941,High Risk
CUST_000551,2024-08-07,7,91.04,Monthly,11,12,2,9,ACH,851,93,0,0.37175116275283854,Medium Risk
CUST_000552,2024-12-06,43,87.26,Annual,7,11,2,4,PayPal,564,69,0,0.3637903557433935,Medium Risk
CUST_000553,2021-06-23,54,45.64,Quarterly,5,12,0,3,PayPal,1287,53,1,0.6226026274078473,High Risk
CUST_000554,2024-02-21,24,27.84,Monthly,14,10,0,6,Credit Card,1155,70,0,0.426522708508681,Medium Risk
CUST_000555,2023-04-09,4,18.2,Monthly,14,14,1,6,Credit Card,1582,71,0,0.4222388042991491,Medium Risk
CUST_000556,2021-10-14,28,26.75,Quarterly,9,12,0,5,Invoice,43,63,0,0.26169410496762957,Low Risk
CUST_000557,2023-03-18,15,33.58,Annual,12,8,1,2,PayPal,1150,57,1,0.6407051782870653,High Risk
CUST_000558,2024-10-20,1,80.59,Monthly,10,9,3,2,Invoice,1229,66,0,0.32659699067050235,Medium Risk
CUST_000559,2021-11-20,55,48.79,Monthly,12,8,4,5,Invoice,1059,82,0,0.42088405780948035,Medium Risk
CUST_000560,2024-12-31,3,14.03,Annual,8,14,2,3,ACH,333,61,1,0.8298321160403962,Critical Risk
CUST_000561,2022-11-19,14,10.91,Annual,10,8,2,3,ACH,1742,67,1,0.6846260488030844,High Risk
CUST_000562,2023-11-18,38,15.4,Monthly,8,14,1,10,PayPal,1724,91,1,0.9116733448615238,Critical Risk
CUST_000563,2022-10-15,50,36.42,Monthly,11,9,2,8,ACH,1541,91,1,0.7922820400680455,Critical Risk
CUST_000564,2023-01-06,57,145.3,Quarterly,9,7,2,1,PayPal,1698,58,1,0.6365927176213604,High Risk
CUST_000565,2024-05-29,1,60.72,Annual,8,13,2,5,PayPal,707,72,0,0.6356170824742854,High Risk
CUST_000566,2022-04-23,38,90.93,Quarterly,14,10,2,5,Credit Card,274,75,0,0.2676987221871189,Low Risk
CUST_000567,2024-09-29,38,41.4,Annual,10,6,0,9,Credit Card,572,89,1,0.7025911254395614,Critical Risk
CUST_000568,2024-03-04,21,32.44,Quarterly,7,13,3,1,Invoice,727,57,0,0.30047224406794437,Medium Risk
CUST_000569,2023-12-24,48,15.74,Monthly,9,8,3,1,ACH,1747,62,1,0.8250355790072681,Critical Risk
CUST_000570,2025-08-29,29,114.35,Annual,8,8,1,3,Invoice,1070,62,0,0.5264521423286567,High Risk
CUST_000571,2023-04-29,5,86.43,Monthly,10,14,5,6,ACH,1757,81,0,0.2652187817036846,Low Risk
CUST_000572,2025-11-30,49,19.2,Annual,10,8,1,9,PayPal,1036,92,1,0.7912320551375208,Critical Risk
CUST_000573,2021-09-26,10,45.9,Monthly,10,10,2,10,Credit Card,298,100,0,0.3694923834110789,Medium Risk
CUST_000574,2022-05-05,28,43.41,Monthly,6,15,2,7,Credit Card,1294,80,0,0.46089629887685646,Medium Risk
CUST_000575,2023-08-10,21,59.05,Quarterly,12,14,2,10,Invoice,1010,96,1,0.7223273588321625,Critical Risk
CUST_000576,2023-04-19,50,156.11,Quarterly,6,13,3,9,Credit Card,204,97,0,0.3402288179994142,Medium Risk
CUST_000577,2024-06-05,7,53.35,Monthly,4,16,2,2,PayPal,498,54,1,0.746103459281445,Critical Risk
CUST_000578,2022-10-02,3,48.85,Annual,14,9,1,5,Invoice,547,71,1,0.8187567073203103,Critical Risk
CUST_000579,2022-12-06,45,12.58,Monthly,13,11,1,1,Credit Card,39,49,1,0.8568903508771929,Critical Risk
CUST_000580,2023-05-06,47,13.25,Monthly,9,8,1,8,Credit Card,599,87,0,0.37469853948161613,Medium Risk
CUST_000581,2023-05-28,20,20.37,Quarterly,10,7,1,3,ACH,581,63,1,0.6943979591918241,High Risk
CUST_000582,2023-07-29,19,11.65,Monthly,4,10,2,7,Credit Card,555,85,0,0.6206933213397362,High Risk
CUST_000583,2026-01-29,35,78.0,Quarterly,8,5,2,1,ACH,692,60,0,0.30195293314018135,Medium Risk
CUST_000584,2021-06-24,4,74.25,Monthly,4,7,1,6,ACH,1781,78,1,0.8512294178826966,Critical Risk
CUST_000585,2023-09-18,5,17.31,Annual,6,10,4,9,ACH,684,100,0,0.20729099541766582,Low Risk
CUST_000586,2023-07-26,1,100.42,Annual,11,8,2,5,PayPal,326,77,1,0.8411729171868152,Critical Risk
CUST_000587,2025-02-04,4,18.41,Monthly,5,10,0,7,Invoice,669,75,1,0.8595997925384082,Critical Risk
CUST_000588,2022-12-22,12,27.92,Monthly,11,10,2,7,Invoice,1430,85,0,0.5362124970050417,High Risk
CUST_000589,2023-11-03,27,24.32,Quarterly,7,7,4,8,ACH,372,98,1,0.5157764570848554,High Risk
CUST_000590,2025-09-27,56,33.29,Annual,12,7,1,5,Credit Card,270,73,1,0.6989202035722988,High Risk
CUST_000591,2025-01-14,42,24.7,Monthly,5,8,1,4,Invoice,1720,67,0,0.6582297731162144,High Risk
CUST_000592,2025-02-25,23,43.56,Annual,3,8,1,1,Credit Card,592,52,1,0.7029734859878306,Critical Risk
CUST_000593,2025-05-27,25,36.16,Monthly,8,10,4,8,Invoice,139,95,1,0.8205026583400293,Critical Risk
CUST_000594,2024-10-29,21,225.51,Monthly,9,12,3,6,Invoice,1625,83,0,0.614808078080618,High Risk
CUST_000595,2021-11-09,58,12.88,Monthly,6,19,3,1,ACH,1049,51,1,0.7385576923076923,Critical Risk
CUST_000596,2022-09-28,52,17.67,Monthly,5,10,0,5,PayPal,410,65,0,0.3816355340829325,Medium Risk
CUST_000597,2022-11-02,24,12.71,Quarterly,5,13,4,10,Credit Card,1276,100,0,0.3053779606820881,Medium Risk
CUST_000598,2021-07-10,25,59.15,Annual,9,10,3,2,Credit Card,915,65,1,0.5598437068521394,High Risk
CUST_000599,2025-05-11,45,12.8,Quarterly,7,9,1,6,ACH,547,76,1,0.7217278445664325,Critical Risk
CUST_000600,2026-04-10,55,100.53,Annual,6,15,1,1,ACH,653,45,0,0.214724384243705,Low Risk
CUST_000601,2021-06-12,46,45.87,Quarterly,9,11,1,4,PayPal,1258,64,1,0.7034176325197481,Critical Risk
CUST_000602,2024-11-27,32,47.43,Annual,10,8,2,3,ACH,825,67,0,0.38851988161230794,Medium Risk
CUST_000603,2021-06-16,55,51.23,Annual,6,10,1,6,ACH,1197,75,1,0.6908506852878575,High Risk
CUST_000604,2023-04-05,32,19.37,Quarterly,8,12,3,7,Credit Card,558,88,0,0.40248222307915754,Medium Risk
CUST_000605,2024-02-21,5,21.01,Annual,6,14,7,5,Invoice,1227,76,1,0.8676136502503197,Critical Risk
CUST_000606,2023-01-15,36,29.2,Monthly,3,10,1,8,ACH,790,85,0,0.38039538911583665,Medium Risk
CUST_000607,2022-12-03,46,55.01,Annual,11,7,2,3,Invoice,908,68,1,0.6038607218340599,High Risk
CUST_000608,2024-04-01,42,21.79,Quarterly,5,10,3,3,Credit Card,508,70,0,0.34756271267268907,Medium Risk
CUST_000609,2021-09-23,49,16.18,Annual,7,11,2,2,Invoice,39,59,1,0.7581291098002477,Critical Risk
CUST_000610,2025-02-15,42,185.52,Annual,13,10,0,9,ACH,1212,85,1,0.7649798889843618,Critical Risk
CUST_000611,2021-11-13,58,11.11,Annual,7,12,3,4,PayPal,600,73,0,0.24551663623081516,Low Risk
CUST_000612,2024-03-25,39,91.15,Quarterly,5,14,4,2,Credit Card,1287,61,1,0.37292314315711167,Medium Risk
CUST_000613,2023-07-22,16,87.57,Monthly,5,15,2,7,PayPal,163,80,1,0.7992888585645871,Critical Risk
CUST_000614,2022-08-23,33,27.64,Annual,3,9,2,8,Credit Card,1419,91,1,0.5163145707641363,High Risk
CUST_000615,2024-12-03,49,17.29,Monthly,5,6,1,3,Credit Card,1742,64,1,0.8339567765215845,Critical Risk
CUST_000616,2023-06-28,21,17.87,Annual,9,10,4,9,PayPal,902,100,1,0.8008767529181753,Critical Risk
CUST_000617,2024-03-02,9,69.77,Annual,7,8,2,4,ACH,690,72,0,0.3849360322801696,Medium Risk
CUST_000618,2025-06-01,6,61.47,Monthly,10,9,1,7,ACH,1206,81,1,0.6822254712549113,High Risk
CUST_000619,2021-06-15,51,86.33,Monthly,6,12,2,9,Credit Card,452,93,0,0.4136773827340766,Medium Risk
CUST_000620,2025-08-18,45,148.61,Annual,10,13,1,7,PayPal,577,77,1,0.6769354702694531,High Risk
CUST_000621,2024-12-22,35,68.87,Monthly,11,10,3,5,ACH,1672,80,1,0.7542657066318512,Critical Risk
CUST_000622,2023-11-19,39,18.47,Monthly,8,2,4,10,ACH,1215,100,1,0.5911010382817105,High Risk
CUST_000623,2025-11-24,22,23.95,Quarterly,11,8,1,1,ACH,357,52,1,0.8172451758480096,Critical Risk
CUST_000624,2022-03-26,41,102.32,Monthly,7,10,3,2,PayPal,43,65,1,0.6983529260874746,High Risk
CUST_000625,2024-01-02,54,21.74,Monthly,10,13,2,7,Invoice,78,82,1,0.8613586865829774,Critical Risk
CUST_000626,2021-09-18,5,13.76,Quarterly,7,13,3,5,Invoice,1396,77,0,0.7069624784561975,Critical Risk
CUST_000627,2024-06-12,42,70.75,Monthly,8,9,4,9,ACH,1641,100,1,0.7523177254617235,Critical Risk
CUST_000628,2021-09-07,23,35.75,Monthly,9,15,1,3,ACH,625,55,1,0.6503309466458503,High Risk
CUST_000629,2025-04-18,17,136.31,Annual,5,11,4,9,Invoice,601,99,1,0.6967064889294119,High Risk
CUST_000630,2022-01-15,12,62.53,Annual,7,11,2,10,Credit Card,373,99,0,0.27311099773565833,Low Risk
CUST_000631,2023-09-19,23,14.74,Quarterly,13,13,2,6,Credit Card,490,77,0,0.35694065119051716,Medium Risk
CUST_000632,2024-06-11,16,157.69,Quarterly,4,7,3,10,PayPal,702,100,0,0.196932789930729,Low Risk
CUST_000633,2022-05-13,3,24.96,Annual,9,8,1,10,Credit Card,703,97,1,0.8590224584730579,Critical Risk
CUST_000634,2021-11-08,30,30.57,Monthly,9,13,0,3,ACH,791,52,1,0.8016889628112783,Critical Risk
CUST_000635,2022-10-19,57,35.73,Monthly,7,5,1,1,Credit Card,829,55,1,0.6589008858557684,High Risk
CUST_000636,2021-12-14,22,12.63,Monthly,9,13,4,10,Invoice,1287,100,1,0.8146064604671254,Critical Risk
CUST_000637,2022-05-23,9,44.31,Monthly,8,14,0,9,Credit Card,1492,81,1,0.7921617201650832,Critical Risk
CUST_000638,2023-01-27,29,16.58,Annual,6,15,1,3,ACH,1338,55,1,0.5867313867778534,High Risk
CUST_000639,2023-06-01,47,35.62,Annual,7,15,1,2,ACH,899,50,1,0.6780681896142261,High Risk
CUST_000640,2022-01-04,37,31.59,Monthly,8,10,2,1,Invoice,1002,55,1,0.6682759047204826,High Risk
CUST_000641,2025-07-22,23,84.11,Quarterly,12,4,0,4,PayPal,667,66,0,0.31014658116023136,Medium Risk
CUST_000642,2025-04-01,13,91.27,Monthly,2,9,2,7,PayPal,782,76,1,0.8275862169994934,Critical Risk
CUST_000643,2026-04-21,32,18.33,Monthly,8,14,0,3,ACH,740,51,1,0.8759739578474723,Critical Risk
CUST_000644,2021-11-14,46,32.83,Annual,6,12,1,10,Credit Card,1380,93,1,0.73892269798524,Critical Risk
CUST_000645,2022-09-15,52,33.37,Monthly,5,21,4,6,Invoice,506,75,0,0.6156043740223496,High Risk
CUST_000646,2022-11-03,47,18.21,Monthly,6,13,1,3,PayPal,901,57,1,0.7779329312568893,Critical Risk
CUST_000647,2024-12-20,48,90.09,Monthly,8,13,3,9,Credit Card,171,97,0,0.36989912541431463,Medium Risk
CUST_000648,2024-04-09,23,71.42,Monthly,12,7,4,7,Invoice,1043,93,1,0.6994532917306175,High Risk
CUST_000649,2026-03-29,45,20.56,Annual,7,10,3,6,Credit Card,537,85,1,0.7204112737037938,Critical Risk
CUST_000650,2024-05-06,17,32.84,Quarterly,7,12,3,4,ACH,36,73,1,0.709395924695224,Critical Risk
CUST_000651,2024-01-05,55,15.59,Monthly,5,16,1,4,PayPal,878,59,1,0.8741139555718387,Critical Risk
CUST_000652,2026-02-02,40,59.47,Monthly,7,13,2,4,PayPal,1214,67,1,0.6412006225973214,High Risk
CUST_000653,2024-03-18,21,16.47,Annual,6,10,2,5,ACH,51,75,0,0.33645555046045816,Medium Risk
CUST_000654,2024-09-05,2,223.2,Quarterly,12,5,0,1,PayPal,1323,50,1,0.873158906882591,Critical Risk
CUST_000655,2023-09-06,37,85.86,Monthly,11,9,4,7,ACH,979,91,0,0.41818547659867233,Medium Risk
CUST_000656,2021-11-19,6,34.73,Monthly,3,10,5,9,ACH,1182,100,1,0.5323924841937712,High Risk
CUST_000657,2023-07-16,44,53.2,Annual,12,7,1,6,ACH,997,78,1,0.522436585367992,High Risk
CUST_000658,2025-03-11,18,131.15,Annual,2,12,1,2,Credit Card,70,43,1,0.46667230518620045,Medium Risk
CUST_000659,2026-01-08,30,50.38,Monthly,10,9,3,7,ACH,933,91,1,0.7402452176056512,Critical Risk
CUST_000660,2024-08-24,22,19.59,Annual,8,8,1,3,ACH,1594,62,1,0.8200343292202972,Critical Risk
CUST_000661,2022-12-30,54,33.8,Monthly,5,11,3,6,ACH,878,84,1,0.6886604346059929,High Risk
CUST_000662,2024-01-28,33,102.62,Annual,10,9,4,9,Invoice,1098,100,1,0.6691573219696753,High Risk
CUST_000663,2022-02-28,30,61.67,Annual,7,11,3,10,ACH,1189,100,0,0.33697423004572863,Medium Risk
CUST_000664,2021-10-26,17,62.59,Quarterly,4,10,3,8,ACH,914,95,1,0.6618049292022657,High Risk
CUST_000665,2022-03-08,43,110.8,Monthly,13,13,1,6,ACH,163,72,0,0.342730819727603,Medium Risk
CUST_000666,2023-04-30,32,122.2,Monthly,12,7,0,10,PayPal,464,93,0,0.6318664634485321,High Risk
CUST_000667,2025-03-16,42,136.16,Monthly,8,10,1,5,Invoice,265,70,0,0.5995849508260682,High Risk
CUST_000668,2022-07-03,51,14.98,Quarterly,12,9,1,4,PayPal,1019,66,1,0.8040797160348044,Critical Risk
CUST_000669,2022-05-20,14,49.28,Monthly,4,12,2,8,Credit Card,820,88,1,0.8666773042499065,Critical Risk
CUST_000670,2024-05-04,58,77.45,Monthly,7,12,2,6,ACH,1516,78,1,0.7253095272863274,Critical Risk
CUST_000671,2022-10-10,10,80.72,Monthly,6,7,0,8,PayPal,89,83,1,0.804519390995074,Critical Risk
CUST_000672,2023-07-17,47,56.66,Annual,12,10,3,9,ACH,326,100,0,0.28834365138444523,Low Risk
CUST_000673,2024-04-02,51,19.12,Monthly,8,14,1,4,Invoice,1067,61,0,0.5243725657438167,High Risk
CUST_000674,2024-06-26,36,89.83,Monthly,8,19,2,10,ACH,824,91,1,0.742515193872044,Critical Risk
CUST_000675,2022-06-15,34,73.67,Monthly,9,14,2,2,PayPal,1248,56,0,0.4210388786858095,Medium Risk
CUST_000676,2025-01-31,9,14.5,Quarterly,9,10,3,7,PayPal,169,90,1,0.6916999423949761,High Risk
CUST_000677,2023-10-26,42,41.16,Annual,3,15,3,8,Invoice,1160,90,0,0.28952080646851086,Low Risk
CUST_000678,2025-10-23,28,19.56,Annual,5,11,3,4,Invoice,992,74,0,0.3178266758026434,Medium Risk
CUST_000679,2024-04-24,11,30.59,Quarterly,6,10,1,2,PayPal,1733,55,1,0.48148930716127825,Medium Risk
CUST_000680,2021-08-24,14,10.91,Quarterly,8,4,1,9,Credit Card,1118,96,1,0.8176139083289184,Critical Risk
CUST_000681,2023-04-06,39,35.57,Monthly,15,9,3,3,PayPal,1582,71,0,0.3747677148158218,Medium Risk
CUST_000682,2022-01-12,55,49.91,Quarterly,4,9,3,3,ACH,664,71,1,0.5435254857912104,High Risk
CUST_000683,2023-08-29,47,58.32,Monthly,12,7,1,9,Credit Card,687,93,1,0.7979687579365339,Critical Risk
CUST_000684,2023-07-29,54,64.46,Monthly,6,9,3,8,Invoice,1575,96,1,0.756074876975411,Critical Risk
CUST_000685,2026-01-27,19,100.48,Quarterly,10,15,1,4,PayPal,412,60,1,0.4131541062837342,Medium Risk
CUST_000686,2021-09-18,54,22.13,Monthly,11,13,2,10,Invoice,1496,97,1,0.8613573512282993,Critical Risk
CUST_000687,2024-07-09,15,16.42,Monthly,3,8,3,4,Credit Card,179,77,1,0.8634605800140437,Critical Risk
CUST_000688,2023-01-05,28,105.37,Monthly,10,15,1,1,PayPal,1415,45,1,0.8144324579726964,Critical Risk
CUST_000689,2021-07-08,24,18.52,Annual,10,9,3,1,ACH,811,61,1,0.7833381723985476,Critical Risk
CUST_000690,2026-03-27,8,193.97,Monthly,6,11,0,9,Invoice,70,84,0,0.3313129153713527,Medium Risk
CUST_000691,2022-07-10,43,102.43,Annual,2,7,3,1,PayPal,1317,53,0,0.2523954290856514,Low Risk
CUST_000692,2021-08-18,9,44.75,Quarterly,7,7,1,2,PayPal,400,58,1,0.716537455818089,Critical Risk
CUST_000693,2022-02-04,47,209.29,Annual,4,11,0,7,Credit Card,492,74,0,0.6878630262713185,High Risk
CUST_000694,2025-07-28,33,15.12,Monthly,14,10,4,2,PayPal,1443,65,0,0.37228198423763054,Medium Risk
CUST_000695,2025-09-28,33,28.05,Quarterly,15,13,1,4,PayPal,868,62,0,0.2818625377302216,Low Risk
CUST_000696,2023-12-18,19,60.84,Monthly,7,13,3,10,Invoice,1816,100,0,0.30347666115746863,Medium Risk
CUST_000697,2023-12-12,3,31.54,Monthly,11,5,1,2,PayPal,381,60,0,0.3174349606407988,Medium Risk
CUST_000698,2022-10-14,10,141.81,Monthly,7,12,3,3,Credit Card,1608,68,0,0.37825895027931244,Medium Risk
CUST_000699,2026-03-02,40,13.39,Annual,11,10,1,6,PayPal,152,75,1,0.7512252555939608,Critical Risk
CUST_000700,2024-09-14,47,49.86,Monthly,9,12,0,7,PayPal,1446,73,1,0.805271850825101,Critical Risk
CUST_000701,2024-05-04,42,54.69,Monthly,11,15,1,2,Credit Card,369,50,1,0.8226432764574889,Critical Risk
CUST_000702,2022-08-06,1,62.88,Monthly,8,10,1,9,ACH,583,90,0,0.3996359802397304,Medium Risk
CUST_000703,2025-04-01,29,24.76,Monthly,8,6,2,2,Credit Card,580,64,0,0.49659329513631717,Medium Risk
CUST_000704,2024-06-03,50,32.67,Annual,12,10,3,4,ACH,95,75,1,0.7073923013218517,Critical Risk
CUST_000705,2023-06-25,34,102.79,Quarterly,3,6,4,5,ACH,1117,84,1,0.7051528287348546,Critical Risk
CUST_000706,2025-11-07,51,20.84,Annual,11,8,0,8,ACH,1242,82,1,0.6404192512535485,High Risk
CUST_000707,2021-11-09,13,97.69,Monthly,13,12,1,4,Invoice,1219,63,0,0.39464854026636753,Medium Risk
CUST_000708,2025-04-02,54,51.35,Monthly,4,12,2,1,ACH,1375,53,1,0.8590479913142264,Critical Risk
CUST_000709,2025-02-12,1,81.81,Quarterly,7,9,0,7,ACH,1004,76,1,0.8728890193088507,Critical Risk
CUST_000710,2022-11-23,34,72.52,Monthly,12,14,1,9,PayPal,1448,86,1,0.8095956036763933,Critical Risk
CUST_000711,2026-02-16,29,21.63,Quarterly,8,9,3,5,Invoice,288,81,0,0.31686965291881797,Medium Risk
CUST_000712,2025-08-11,48,52.06,Monthly,7,11,3,2,Credit Card,678,64,0,0.40274213406326076,Medium Risk
CUST_000713,2025-02-02,47,111.14,Quarterly,14,7,1,9,Credit Card,1674,93,0,0.1644821855914264,Low Risk
CUST_000714,2024-05-15,13,38.29,Monthly,8,8,1,3,PayPal,584,62,1,0.6729659662113125,High Risk
CUST_000715,2024-04-28,48,179.95,Monthly,6,13,2,2,Credit Card,1524,57,1,0.5138326485679301,High Risk
CUST_000716,2022-06-25,49,40.09,Annual,8,6,2,4,Credit Card,476,74,1,0.668011343741124,High Risk
CUST_000717,2021-12-27,53,17.7,Annual,9,14,0,4,Credit Card,650,56,1,0.7312198047760355,Critical Risk
CUST_000718,2024-01-03,29,34.67,Monthly,6,7,4,10,Invoice,1032,100,1,0.7301242639587809,Critical Risk
CUST_000719,2022-02-23,39,161.52,Annual,5,8,1,5,Credit Card,935,72,1,0.6453390357529071,High Risk
CUST_000720,2022-07-12,24,29.26,Annual,10,9,4,1,Invoice,386,61,1,0.7335949312882526,Critical Risk
CUST_000721,2025-12-10,26,111.28,Monthly,10,16,2,10,Invoice,1397,94,1,0.9023580477711615,Critical Risk
CUST_000722,2023-11-30,17,116.54,Monthly,6,7,3,1,Invoice,920,63,0,0.3878534028950845,Medium Risk
CUST_000723,2023-05-06,7,31.55,Monthly,13,9,1,10,Credit Card,61,96,0,0.1931618547717149,Low Risk
CUST_000724,2023-04-06,13,14.35,Monthly,5,12,6,7,Credit Card,1121,88,1,0.8490519074911966,Critical Risk
CUST_000725,2025-04-02,5,74.47,Annual,7,13,3,5,Credit Card,1156,77,0,0.658144061499481,High Risk
CUST_000726,2023-06-19,26,28.66,Monthly,6,19,1,10,ACH,676,86,0,0.3128889172231278,Medium Risk
CUST_000727,2023-09-28,49,86.38,Monthly,19,11,4,6,Credit Card,1226,84,0,0.3786675331206386,Medium Risk
CUST_000728,2023-11-24,3,39.23,Monthly,5,9,1,7,Credit Card,857,81,1,0.8656703283010546,Critical Risk
CUST_000729,2022-04-01,7,43.21,Annual,11,8,1,1,PayPal,442,52,1,0.7801645330801203,Critical Risk
CUST_000730,2022-03-17,58,85.23,Monthly,11,8,5,5,ACH,1117,82,0,0.48547980379870403,Medium Risk
CUST_000731,2021-12-26,49,34.09,Monthly,8,11,4,8,Credit Card,1766,94,1,0.8155496602754192,Critical Risk
CUST_000732,2023-02-13,39,39.27,Monthly,13,7,0,3,PayPal,1812,58,0,0.36773581198442584,Medium Risk
CUST_000733,2023-02-20,53,33.6,Quarterly,4,7,3,2,PayPal,903,68,0,0.2693583739795796,Low Risk
CUST_000734,2024-10-11,1,32.89,Monthly,9,8,2,2,PayPal,203,62,1,0.7406612360021022,Critical Risk
CUST_000735,2023-06-05,49,47.32,Annual,12,10,5,4,PayPal,1568,75,0,0.3486513297408473,Medium Risk
CUST_000736,2026-01-14,17,92.72,Monthly,11,10,2,7,Credit Card,1542,85,0,0.8140124027423564,Critical Risk
CUST_000737,2021-08-20,43,32.45,Monthly,6,13,4,2,Invoice,121,62,1,0.7436908648065761,Critical Risk
CUST_000738,2023-06-02,25,47.14,Annual,3,17,4,6,PayPal,241,78,1,0.7668932082476085,Critical Risk
CUST_000739,2023-01-09,59,65.54,Monthly,6,10,5,7,PayPal,1223,90,1,0.6925038304356727,High Risk
CUST_000740,2023-10-11,3,25.7,Quarterly,5,9,2,9,Invoice,475,96,1,0.5226160736108233,High Risk
CUST_000741,2025-03-31,15,26.25,Quarterly,8,15,0,7,Credit Card,1047,70,0,0.2888169549081389,Low Risk
CUST_000742,2022-12-03,29,145.46,Annual,7,10,0,1,Invoice,59,45,0,0.3171360720221632,Medium Risk
CUST_000743,2024-08-07,53,74.28,Annual,4,16,2,8,PayPal,316,84,1,0.5077230243653676,High Risk
CUST_000744,2023-03-03,43,53.04,Monthly,5,12,2,3,Invoice,710,63,0,0.41509405328146104,Medium Risk
CUST_000745,2023-02-01,32,62.17,Monthly,11,8,2,7,PayPal,563,87,1,0.7159114941299491,Critical Risk
CUST_000746,2022-12-11,26,11.49,Quarterly,16,7,3,6,ACH,1126,88,0,0.2996126471389535,Low Risk
CUST_000747,2024-04-30,16,58.13,Annual,11,8,3,3,Invoice,38,72,0,0.5323134619892889,High Risk
CUST_000748,2025-09-10,25,45.62,Annual,7,9,3,2,Credit Card,188,66,0,0.4206368609143136,Medium Risk
CUST_000749,2024-07-14,54,49.46,Monthly,17,8,0,4,PayPal,173,62,1,0.7517065171824838,Critical Risk
CUST_000750,2024-04-12,28,32.27,Monthly,9,10,2,1,Credit Card,832,55,1,0.6643097846300191,High Risk
CUST_000751,2024-09-22,9,14.25,Quarterly,10,17,2,10,ACH,947,93,1,0.926002591895175,Critical Risk
CUST_000752,2023-07-05,56,20.74,Monthly,10,13,4,10,ACH,779,100,0,0.3066054250677331,Medium Risk
CUST_000753,2023-05-01,56,160.54,Monthly,7,13,0,7,ACH,147,72,1,0.7478257089912261,Critical Risk
CUST_000754,2023-09-22,1,36.27,Monthly,14,15,3,3,Credit Card,1745,65,1,0.9031524726976542,Critical Risk
CUST_000755,2024-12-27,29,41.43,Quarterly,10,9,4,2,PayPal,1752,66,0,0.407984854191991,Medium Risk
CUST_000756,2023-11-02,57,12.71,Monthly,7,12,1,5,Credit Card,1020,68,1,0.7961183739277196,Critical Risk
CUST_000757,2022-11-03,22,11.91,Quarterly,10,4,0,7,Credit Card,170,81,1,0.5602669830169831,High Risk
CUST_000758,2022-11-26,16,73.15,Monthly,8,11,4,1,Credit Card,761,59,1,0.7760335870918404,Critical Risk
CUST_000759,2022-02-10,41,48.62,Quarterly,17,12,7,1,Invoice,526,58,1,0.7722982893013977,Critical Risk
CUST_000760,2023-01-21,51,45.54,Annual,8,16,0,10,ACH,208,84,1,0.7727425155145995,Critical Risk
CUST_000761,2021-09-29,44,23.93,Monthly,6,11,3,8,Credit Card,1624,94,0,0.42744705465166805,Medium Risk
CUST_000762,2023-01-27,51,78.28,Annual,10,14,6,5,PayPal,1181,76,1,0.7267844607563033,Critical Risk
CUST_000763,2025-11-14,54,19.21,Monthly,4,12,0,8,PayPal,964,78,0,0.6720408393588875,High Risk
CUST_000764,2022-06-16,41,20.53,Monthly,9,8,0,3,ACH,100,57,1,0.6934885640624066,High Risk
CUST_000765,2023-09-30,7,40.88,Quarterly,9,15,4,2,Invoice,535,60,1,0.7862331312179542,Critical Risk
CUST_000766,2024-02-28,14,26.86,Monthly,11,11,1,7,Invoice,758,79,0,0.42270179512148753,Medium Risk
CUST_000767,2024-08-07,29,24.22,Monthly,10,5,4,6,Credit Card,1047,90,1,0.7529654408815047,Critical Risk
CUST_000768,2023-01-01,19,61.82,Monthly,11,11,2,4,Invoice,1485,69,0,0.4564651866272106,Medium Risk
CUST_000769,2022-02-12,19,62.63,Monthly,10,9,3,7,PayPal,94,91,1,0.7910931553482741,Critical Risk
CUST_000770,2026-04-04,2,97.01,Quarterly,5,12,4,9,Invoice,1103,98,0,0.2526716546337317,Low Risk
CUST_000771,2023-01-30,41,37.04,Monthly,9,13,2,9,ACH,459,92,0,0.44263258694997076,Medium Risk
CUST_000772,2022-05-18,45,13.79,Quarterly,5,10,4,3,Credit Card,320,70,1,0.7613068711119593,Critical Risk
CUST_000773,2025-05-29,15,25.99,Quarterly,4,3,0,1,ACH,860,52,1,0.6990785734015387,High Risk
CUST_000774,2021-10-04,3,205.61,Monthly,10,7,2,4,Invoice,1384,73,1,0.7262225492002521,Critical Risk
CUST_000775,2022-03-05,11,55.35,Monthly,15,10,1,10,PayPal,895,95,1,0.7866610624756598,Critical Risk
CUST_000776,2022-07-14,53,71.85,Quarterly,1,16,1,1,ACH,495,24,1,0.490545616044104,Medium Risk
CUST_000777,2022-08-06,46,10.37,Monthly,13,10,2,7,Invoice,60,85,0,0.31167919347919354,Medium Risk
CUST_000778,2024-12-19,30,46.51,Monthly,10,11,1,2,ACH,89,54,0,0.3337499155919192,Medium Risk
CUST_000779,2021-09-25,57,11.91,Monthly,6,12,2,8,ACH,813,88,1,0.759340523775424,Critical Risk
CUST_000780,2024-12-08,40,52.11,Annual,7,10,3,5,PayPal,1050,80,1,0.618500572658743,High Risk
CUST_000781,2022-08-21,18,136.77,Annual,7,13,3,10,Credit Card,322,100,0,0.2683531040135219,Low Risk
CUST_000782,2025-09-28,51,182.76,Monthly,8,12,2,1,ACH,1078,53,1,0.5336306329483458,High Risk
CUST_000783,2022-09-16,48,48.89,Monthly,11,8,2,2,PayPal,57,62,0,0.3309601245924614,Medium Risk
CUST_000784,2023-03-04,2,40.64,Quarterly,10,6,0,4,Invoice,1663,64,1,0.9605029239766081,Critical Risk
CUST_000785,2023-05-05,32,155.04,Annual,6,7,3,3,Invoice,306,73,1,0.5377047588586316,High Risk
CUST_000786,2022-11-04,8,65.98,Annual,7,5,2,5,ACH,1053,80,0,0.35243112787659997,Medium Risk
CUST_000787,2022-05-25,22,13.36,Annual,8,17,1,4,ACH,1806,58,0,0.28568468688760507,Low Risk
CUST_000788,2025-02-12,6,41.34,Monthly,15,7,4,2,PayPal,1040,68,1,0.7252182462680645,Critical Risk
CUST_000789,2023-12-09,12,23.74,Annual,10,7,3,9,ACH,1106,100,1,0.7543857696056999,Critical Risk
CUST_000790,2023-01-13,47,41.73,Monthly,10,11,2,7,Credit Card,1558,84,1,0.779601572154824,Critical Risk
CUST_000791,2025-11-17,57,40.39,Monthly,12,6,3,5,PayPal,614,84,0,0.3449651415736437,Medium Risk
CUST_000792,2026-02-01,40,53.63,Annual,8,11,0,4,Invoice,173,59,0,0.32225261266665306,Medium Risk
CUST_000793,2024-05-19,36,32.06,Monthly,10,10,3,10,Credit Card,1296,100,0,0.41139997975474385,Medium Risk
CUST_000794,2022-01-29,15,18.97,Quarterly,11,16,3,5,ACH,43,74,0,0.2257277799277606,Low Risk
CUST_000795,2026-03-25,28,45.03,Monthly,5,7,1,2,Invoice,1011,58,1,0.7087136557056659,Critical Risk
CUST_000796,2023-03-10,52,98.66,Quarterly,7,13,2,8,PayPal,903,87,0,0.3000549494040311,Medium Risk
CUST_000797,2022-04-19,57,64.53,Quarterly,13,7,0,2,Credit Card,1395,53,1,0.8037318506769217,Critical Risk
CUST_000798,2025-11-11,49,30.65,Monthly,4,15,5,8,Invoice,539,90,0,0.35494682094615926,Medium Risk
CUST_000799,2024-07-19,45,147.07,Annual,4,11,3,5,Invoice,1248,79,0,0.3798527653367551,Medium Risk
CUST_000800,2024-04-09,18,131.64,Monthly,7,6,2,4,Credit Card,900,74,0,0.4657248048533137,Medium Risk
CUST_000801,2022-12-06,2,21.74,Quarterly,7,15,2,7,ACH,59,80,1,0.6193333333333334,High Risk
CUST_000802,2021-10-14,13,12.01,Monthly,9,8,3,1,ACH,1374,62,1,0.6540765080274731,High Risk
CUST_000803,2023-05-17,45,77.61,Annual,9,12,1,7,ACH,1098,78,0,0.3843457627344255,Medium Risk
CUST_000804,2021-09-22,54,97.9,Monthly,5,11,3,10,PayPal,1168,100,0,0.40619128357550255,Medium Risk
CUST_000805,2025-01-12,15,181.89,Monthly,11,13,3,5,ACH,1696,77,1,0.7082490487801013,Critical Risk
CUST_000806,2025-02-01,20,120.29,Monthly,11,9,0,6,Invoice,972,71,1,0.6725010262566016,High Risk
CUST_000807,2024-01-25,29,55.88,Monthly,6,8,1,5,Invoice,750,72,1,0.5957842264412379,High Risk
CUST_000808,2023-11-20,59,47.76,Annual,8,8,1,7,ACH,746,82,1,0.5299320801258074,High Risk
CUST_000809,2022-07-18,42,11.41,Annual,11,5,1,1,PayPal,602,55,1,0.8045710058634096,Critical Risk
CUST_000810,2023-07-13,29,24.16,Annual,7,8,2,2,PayPal,469,62,1,0.7508988964248745,Critical Risk
CUST_000811,2025-04-11,3,40.77,Monthly,7,7,0,6,Credit Card,829,73,1,0.6087409084536192,High Risk
CUST_000812,2025-05-20,19,59.51,Monthly,8,10,1,7,PayPal,86,80,1,0.808081431034976,Critical Risk
CUST_000813,2025-10-25,3,50.74,Monthly,11,9,0,8,ACH,951,81,1,0.8397137714926288,Critical Risk
CUST_000814,2024-12-14,54,77.86,Quarterly,3,2,1,4,Invoice,99,73,0,0.3057719122438583,Medium Risk
CUST_000815,2023-01-04,14,26.41,Quarterly,8,8,3,3,Credit Card,1129,72,0,0.5066221681307949,High Risk
CUST_000816,2022-02-21,40,51.62,Monthly,13,19,1,9,Invoice,933,81,1,0.8663852501309235,Critical Risk
CUST_000817,2022-07-10,59,14.61,Monthly,10,9,2,2,ACH,378,61,0,0.3572443595623022,Medium Risk
CUST_000818,2022-05-31,55,36.69,Monthly,15,10,4,10,Credit Card,689,100,1,0.8720411630910516,Critical Risk
CUST_000819,2024-01-30,4,79.35,Annual,6,13,1,1,PayPal,1162,47,0,0.5917923060048144,High Risk
CUST_000820,2023-10-17,59,69.11,Annual,4,10,3,6,Credit Card,426,85,0,0.3850657381774358,Medium Risk
CUST_000821,2023-10-12,52,243.58,Annual,6,11,4,3,ACH,1226,69,0,0.2940738465592503,Low Risk
CUST_000822,2023-03-19,11,26.28,Monthly,10,9,1,7,PayPal,402,81,1,0.7326148073538971,Critical Risk
CUST_000823,2025-12-20,58,44.48,Annual,8,7,3,8,Invoice,165,98,0,0.34593470545732563,Medium Risk
CUST_000824,2026-03-06,31,29.99,Annual,4,8,1,2,PayPal,431,57,0,0.2783100169493934,Low Risk
CUST_000825,2022-01-04,43,39.04,Monthly,5,12,1,7,Invoice,439,78,0,0.4537001468967275,Medium Risk
CUST_000826,2024-06-17,32,107.23,Annual,5,9,3,10,Invoice,1521,100,1,0.667351250719797,High Risk
CUST_000827,2024-06-30,27,67.63,Monthly,13,15,1,5,ACH,318,65,1,0.4780936315490409,Medium Risk
CUST_000828,2025-11-11,30,117.04,Monthly,8,9,2,5,ACH,1573,76,1,0.6214510147902765,High Risk
CUST_000829,2024-02-08,43,21.38,Quarterly,4,12,1,5,ACH,1677,68,1,0.7624457406242859,Critical Risk
CUST_000830,2023-02-15,2,113.32,Monthly,6,8,2,5,ACH,1001,77,0,0.3973854430040396,Medium Risk
CUST_000831,2026-02-12,49,13.08,Quarterly,6,11,3,10,Invoice,1119,100,0,0.3155493725358567,Medium Risk
CUST_000832,2023-11-29,9,119.73,Annual,10,11,2,5,ACH,173,74,1,0.6449691074305306,High Risk
CUST_000833,2022-12-13,28,29.95,Monthly,10,9,2,7,PayPal,1564,86,1,0.779837314934716,Critical Risk
CUST_000834,2025-10-12,31,28.89,Annual,7,8,2,8,PayPal,1679,92,1,0.5998047049366704,High Risk
CUST_000835,2024-03-30,34,45.88,Annual,6,4,2,4,Credit Card,648,76,0,0.4536674953519981,Medium Risk
CUST_000836,2022-11-27,56,151.25,Monthly,9,10,0,7,Credit Card,328,75,1,0.6109512597618751,High Risk
CUST_000837,2021-09-06,15,12.45,Monthly,10,7,3,9,ACH,770,100,1,0.7671370124245585,Critical Risk
CUST_000838,2022-11-29,48,31.71,Monthly,11,8,1,2,Invoice,1192,57,1,0.7540432134698781,Critical Risk
CUST_000839,2021-09-23,25,107.1,Monthly,8,8,3,9,Credit Card,494,100,1,0.8615106853639083,Critical Risk
CUST_000840,2022-01-28,36,35.21,Monthly,2,10,1,6,Credit Card,1673,65,0,0.32678867274834805,Medium Risk
CUST_000841,2022-04-29,8,21.1,Monthly,8,12,0,9,ACH,1811,83,1,0.8236205374636613,Critical Risk
CUST_000842,2022-06-07,9,37.65,Monthly,1,8,3,7,Credit Card,1097,72,0,0.3604905509981166,Medium Risk
CUST_000843,2026-03-17,58,34.35,Quarterly,5,6,2,5,PayPal,677,79,0,0.3176707858015394,Medium Risk
CUST_000844,2022-11-23,58,133.5,Monthly,10,15,0,5,PayPal,871,60,0,0.33781854512562715,Medium Risk
CUST_000845,2022-09-12,37,81.76,Annual,10,8,3,1,Invoice,1123,62,0,0.46079470340874956,Medium Risk
CUST_000846,2022-02-03,48,45.17,Annual,9,12,2,3,PayPal,413,63,0,0.31061652927390626,Medium Risk
CUST_000847,2023-02-21,45,232.71,Annual,13,9,0,6,Invoice,153,71,1,0.7448917811741512,Critical Risk
CUST_000848,2022-05-25,39,41.3,Monthly,7,10,1,2,ACH,1374,55,1,0.7974781521662212,Critical Risk
CUST_000849,2022-02-16,32,13.0,Quarterly,7,7,4,6,Invoice,1176,88,0,0.29398101138414934,Low Risk
CUST_000850,2022-07-06,58,25.21,Annual,12,8,2,5,PayPal,1512,77,0,0.33740691981074,Medium Risk
CUST_000851,2021-12-25,52,38.64,Quarterly,2,12,3,1,PayPal,244,48,0,0.1865460877441227,Low Risk
CUST_000852,2022-10-28,17,18.53,Monthly,9,12,4,3,Credit Card,992,68,1,0.6229943954357116,High Risk
CUST_000853,2024-07-16,35,157.41,Monthly,6,9,2,1,Credit Card,1003,56,1,0.7099964154425047,Critical Risk
CUST_000854,2025-01-17,37,82.8,Annual,10,17,2,7,PayPal,234,78,0,0.3769877822610473,Medium Risk
CUST_000855,2023-09-05,19,25.62,Monthly,14,13,0,7,ACH,561,72,0,0.2804038604537349,Low Risk
CUST_000856,2023-07-02,44,54.68,Monthly,12,12,1,1,Credit Card,384,48,0,0.7467089744283207,Critical Risk
CUST_000857,2022-08-18,29,73.91,Monthly,5,15,1,8,ACH,1041,80,0,0.3797349868629146,Medium Risk
CUST_000858,2024-04-27,59,151.75,Annual,9,6,5,7,Credit Card,590,94,1,0.8045430264273443,Critical Risk
CUST_000859,2024-03-10,7,116.7,Quarterly,5,12,2,3,Invoice,1040,63,1,0.7006659765106317,Critical Risk
CUST_000860,2023-09-08,28,46.2,Monthly,7,12,3,2,Invoice,684,63,0,0.40984912417626146,Medium Risk
CUST_000861,2025-05-10,9,84.51,Quarterly,14,10,5,9,Credit Card,290,100,0,0.17655739494821426,Low Risk
CUST_000862,2023-09-04,28,51.29,Annual,10,11,4,7,ACH,1362,89,1,0.6956347097523463,High Risk
CUST_000863,2022-06-01,6,50.23,Monthly,12,4,1,6,Credit Card,454,81,0,0.2861187103237564,Low Risk
CUST_000864,2024-07-04,29,16.09,Quarterly,8,8,2,5,PayPal,1650,77,0,0.3109660177934001,Medium Risk
CUST_000865,2025-04-25,58,16.74,Quarterly,9,8,1,5,PayPal,78,72,1,0.7282547749407616,Critical Risk
CUST_000866,2023-07-06,17,47.7,Annual,5,16,3,3,PayPal,267,64,0,0.5133283732683444,High Risk
CUST_000867,2023-03-14,16,25.66,Monthly,7,12,2,5,PayPal,386,73,1,0.7653779530208528,Critical Risk
CUST_000868,2022-07-31,23,11.06,Annual,11,11,1,8,Invoice,232,84,1,0.8545404273645949,Critical Risk
CUST_000869,2024-06-26,31,74.16,Monthly,8,8,2,2,Invoice,1252,62,1,0.626427591336417,High Risk
CUST_000870,2026-02-02,3,11.65,Monthly,8,8,2,3,PayPal,353,67,1,0.7261243493348758,Critical Risk
CUST_000871,2021-10-04,21,55.23,Monthly,6,4,1,3,ACH,308,66,1,0.707049927181196,Critical Risk
CUST_000872,2024-06-04,26,48.74,Quarterly,9,10,2,6,PayPal,55,80,0,0.314905476837121,Medium Risk
CUST_000873,2022-09-01,36,183.39,Quarterly,9,8,0,1,Credit Card,845,47,1,0.8155382036733714,Critical Risk
CUST_000874,2023-01-17,42,43.1,Monthly,8,15,0,5,Invoice,729,60,1,0.6865998854795394,High Risk
CUST_000875,2024-11-09,37,13.29,Monthly,8,3,0,9,PayPal,794,92,0,0.5493329673943533,High Risk
CUST_000876,2024-05-01,53,50.11,Quarterly,5,12,1,1,ACH,1631,48,1,0.5122505241087414,High Risk
CUST_000877,2023-12-16,22,101.97,Monthly,14,10,3,6,Credit Card,429,85,1,0.7672066372492773,Critical Risk
CUST_000878,2026-03-23,42,298.01,Annual,10,8,2,7,Credit Card,1535,87,0,0.32175310604984475,Medium Risk
CUST_000879,2024-04-23,12,38.14,Monthly,6,4,4,1,ACH,756,66,1,0.8079461573991215,Critical Risk
CUST_000880,2021-08-09,42,29.31,Monthly,7,9,2,6,Credit Card,976,81,1,0.778577326842849,Critical Risk
CUST_000881,2024-12-17,13,128.57,Quarterly,11,9,2,4,ACH,1588,71,1,0.7265891434117293,Critical Risk
CUST_000882,2023-09-17,11,20.61,Monthly,9,12,0,4,ACH,720,58,1,0.7738008357471169,Critical Risk
CUST_000883,2023-02-19,54,57.78,Monthly,4,10,3,6,Credit Card,1620,85,1,0.8583341222270672,Critical Risk
CUST_000884,2022-12-25,16,36.02,Monthly,9,14,3,10,Invoice,914,100,0,0.3625546541026623,Medium Risk
CUST_000885,2023-10-17,8,12.1,Quarterly,8,9,1,10,ACH,1659,96,0,0.3244718743078213,Medium Risk
CUST_000886,2021-07-20,40,31.33,Quarterly,10,6,2,8,Invoice,1412,94,0,0.2481879626071169,Low Risk
CUST_000887,2025-01-27,59,25.41,Monthly,9,11,3,3,ACH,1226,69,1,0.5901392408133478,High Risk
CUST_000888,2024-05-01,57,67.93,Monthly,8,11,2,7,PayPal,1649,84,1,0.7669375791747409,Critical Risk
CUST_000889,2024-04-11,40,158.59,Annual,8,5,3,10,Invoice,1389,100,1,0.7157261130571745,Critical Risk
CUST_000890,2023-10-21,45,25.6,Monthly,13,4,2,4,Credit Card,654,76,1,0.7434036192127378,Critical Risk
CUST_000891,2023-11-06,59,93.42,Annual,7,7,1,3,PayPal,296,63,0,0.33081371742168225,Medium Risk
CUST_000892,2022-01-02,2,12.85,Monthly,9,9,2,3,Invoice,971,66,1,0.916496770168098,Critical Risk
CUST_000893,2022-01-13,30,48.62,Monthly,9,9,5,6,ACH,1276,86,1,0.7775788672433492,Critical Risk
CUST_000894,2022-11-03,30,13.66,Annual,5,13,1,10,Credit Card,1269,92,0,0.3114763182671961,Medium Risk
CUST_000895,2025-04-08,12,145.93,Monthly,7,12,2,8,Invoice,599,88,1,0.5837999867638168,High Risk
CUST_000896,2021-11-27,10,82.7,Quarterly,12,12,0,1,Credit Card,1463,43,1,0.8313393348337084,Critical Risk
CUST_000897,2023-12-02,44,63.64,Monthly,8,10,5,4,Credit Card,351,75,1,0.7040769792207173,Critical Risk
CUST_000898,2025-08-20,11,96.83,Monthly,8,13,2,1,Credit Card,342,52,1,0.6292549417324009,High Risk
CUST_000899,2024-05-24,15,62.14,Quarterly,9,12,4,8,Credit Card,108,93,0,0.19817403867718064,Low Risk
CUST_000900,2025-02-07,16,183.6,Monthly,6,14,1,5,PayPal,970,66,1,0.6468821496825577,High Risk
CUST_000901,2026-04-23,17,72.58,Annual,7,12,3,3,PayPal,275,68,0,0.41068876708738666,Medium Risk
CUST_000902,2024-01-30,26,139.29,Monthly,4,14,2,8,Invoice,778,86,1,0.790317092861675,Critical Risk
CUST_000903,2024-02-25,2,46.4,Annual,8,9,1,9,PayPal,1154,91,0,0.40742416517067953,Medium Risk
CUST_000904,2022-11-14,50,16.23,Annual,11,13,1,5,ACH,563,67,0,0.3509206250508464,Medium Risk
CUST_000905,2022-11-05,12,47.56,Monthly,9,9,2,1,Credit Card,1230,56,1,0.8022697502726501,Critical Risk
CUST_000906,2023-12-08,51,16.78,Quarterly,6,9,2,6,Credit Card,1377,81,1,0.8473085132415098,Critical Risk
CUST_000907,2023-07-09,26,54.88,Annual,10,11,3,5,Invoice,291,79,0,0.3307870297625197,Medium Risk
CUST_000908,2023-03-17,23,42.94,Monthly,6,14,2,6,PayPal,1053,76,0,0.41092191263608036,Medium Risk
CUST_000909,2023-07-22,18,58.72,Annual,8,8,0,4,ACH,1075,62,1,0.6523118694398522,High Risk
CUST_000910,2025-04-24,32,10.5,Annual,9,6,1,7,PayPal,1603,84,1,0.8193442203173654,Critical Risk
CUST_000911,2023-05-10,49,20.84,Monthly,6,8,2,5,Credit Card,52,77,1,0.49665312138217854,Medium Risk
CUST_000912,2025-12-08,38,43.8,Monthly,10,9,3,7,ACH,1117,91,0,0.5531849641680325,High Risk
CUST_000913,2025-09-21,57,160.29,Monthly,6,7,1,10,PayPal,1398,98,1,0.7897715228465355,Critical Risk
CUST_000914,2022-11-17,47,34.19,Monthly,6,10,2,2,PayPal,1558,60,0,0.4040884812271273,Medium Risk
CUST_000915,2025-11-07,3,37.61,Annual,8,7,3,3,Invoice,224,73,0,0.2604497224417747,Low Risk
CUST_000916,2024-01-01,38,72.71,Monthly,6,12,3,1,Invoice,49,58,1,0.8550729507036334,Critical Risk
CUST_000917,2022-10-05,3,56.29,Quarterly,8,9,1,3,ACH,1726,61,0,0.4148801684778882,Medium Risk
CUST_000918,2026-03-01,30,27.76,Monthly,7,7,5,8,ACH,281,98,0,0.42464648224379653,Medium Risk
CUST_000919,2022-12-09,1,36.45,Monthly,6,11,1,5,ACH,781,69,1,0.8273745529224484,Critical Risk
CUST_000920,2024-01-27,30,22.28,Annual,4,9,1,9,Credit Card,910,91,0,0.3375185107461833,Medium Risk
CUST_000921,2024-02-28,45,179.1,Annual,11,8,0,1,Invoice,1585,47,0,0.25912520438696485,Low Risk
CUST_000922,2024-06-13,32,17.0,Annual,8,6,2,5,PayPal,1251,79,0,0.4212409407571952,Medium Risk
CUST_000923,2022-04-09,28,33.25,Monthly,3,8,2,2,ACH,669,62,0,0.4280307764357444,Medium Risk
CUST_000924,2021-11-11,21,11.31,Monthly,10,4,2,8,Credit Card,1513,96,0,0.2939860823114926,Low Risk
CUST_000925,2026-01-18,58,22.54,Monthly,5,6,5,2,ACH,969,69,1,0.7745068069868778,Critical Risk
CUST_000926,2023-04-06,46,85.81,Quarterly,8,11,2,9,Invoice,240,94,1,0.6543378519387157,High Risk
CUST_000927,2024-12-08,13,21.23,Monthly,9,8,1,6,Credit Card,1554,77,1,0.8537236849985548,Critical Risk
CUST_000928,2025-04-13,27,14.17,Quarterly,4,16,5,10,Credit Card,1165,99,1,0.7867161292592825,Critical Risk
CUST_000929,2025-03-24,36,42.17,Annual,10,12,2,9,ACH,566,93,0,0.3328470009110427,Medium Risk
CUST_000930,2024-01-31,7,10.5,Monthly,13,15,1,2,Invoice,1816,50,1,0.6884999999999999,High Risk
CUST_000931,2024-12-01,22,14.43,Annual,8,13,4,9,ACH,270,97,1,0.7511334216294641,Critical Risk
CUST_000932,2025-01-12,10,92.42,Quarterly,11,11,0,4,Invoice,751,59,0,0.37286998737690097,Medium Risk
CUST_000933,2024-05-24,39,83.81,Quarterly,9,7,0,3,Invoice,428,58,1,0.630372271326909,High Risk
CUST_000934,2021-10-07,53,133.34,Monthly,15,12,1,4,Invoice,1667,63,1,0.7671351293388199,Critical Risk
CUST_000935,2024-03-23,15,106.38,Monthly,5,9,3,8,Credit Card,791,96,1,0.7896361769222482,Critical Risk
CUST_000936,2022-05-03,15,67.47,Monthly,9,5,2,7,Invoice,518,90,0,0.420979411114611,Medium Risk
CUST_000937,2023-06-21,4,12.69,Monthly,11,18,2,6,Credit Card,1781,72,1,0.856192118226601,Critical Risk
CUST_000938,2023-08-10,32,86.36,Annual,9,7,1,1,ACH,1160,53,0,0.39648447228680367,Medium Risk
CUST_000939,2021-12-26,23,103.38,Quarterly,8,6,1,2,Credit Card,1541,59,0,0.23973573577731916,Low Risk
CUST_000940,2024-06-25,55,90.24,Monthly,7,8,3,10,Invoice,514,100,1,0.775931985142597,Critical Risk
CUST_000941,2024-05-19,6,45.51,Annual,5,12,3,2,PayPal,1388,63,0,0.370484204245088,Medium Risk
CUST_000942,2022-04-12,24,23.26,Annual,8,10,3,8,Invoice,551,95,1,0.8074662841745266,Critical Risk
CUST_000943,2026-02-09,20,103.32,Monthly,8,14,1,5,Credit Card,992,66,0,0.44657382922725675,Medium Risk
CUST_000944,2023-02-19,58,74.94,Monthly,8,5,1,5,PayPal,772,75,0,0.35642067311770936,Medium Risk
CUST_000945,2023-04-20,37,207.54,Annual,5,11,0,6,Credit Card,596,69,1,0.7597600550080921,Critical Risk
CUST_000946,2023-04-27,20,18.46,Quarterly,8,12,0,3,PayPal,1653,53,1,0.836998502234826,Critical Risk
CUST_000947,2025-01-31,12,22.79,Annual,9,9,3,2,PayPal,536,66,0,0.3682585735449534,Medium Risk
CUST_000948,2026-05-02,33,21.9,Monthly,12,13,3,3,Credit Card,1506,67,1,0.9339877587079893,Critical Risk
CUST_000949,2026-03-13,28,88.64,Monthly,6,8,7,5,Invoice,1597,82,0,0.40955268747400664,Medium Risk
CUST_000950,2024-06-17,8,20.35,Monthly,8,7,0,10,PayPal,375,93,0,0.6774968319507884,High Risk
CUST_000951,2024-05-16,1,13.45,Annual,5,6,2,9,Credit Card,589,99,1,0.7579242424242425,Critical Risk
CUST_000952,2022-04-24,37,337.18,Annual,7,11,4,5,ACH,1336,79,0,0.4997996600688793,Medium Risk
CUST_000953,2025-02-08,22,11.26,Monthly,14,9,4,6,Credit Card,1129,86,0,0.26337571622703526,Low Risk
CUST_000954,2023-12-04,6,100.16,Quarterly,6,8,1,10,Credit Card,61,97,0,0.22294346853904076,Low Risk
CUST_000955,2024-12-31,21,32.74,Annual,16,10,4,3,ACH,644,70,1,0.7564800886043525,Critical Risk
CUST_000956,2026-03-30,32,102.14,Annual,12,5,2,5,PayPal,1345,80,0,0.22387796418049966,Low Risk
CUST_000957,2022-07-31,35,50.44,Quarterly,5,12,1,4,Invoice,724,63,1,0.6824546589916658,High Risk
CUST_000958,2026-01-28,15,125.95,Monthly,4,6,1,7,Credit Card,867,84,1,0.6768788493359587,High Risk
CUST_000959,2023-05-03,5,140.32,Quarterly,5,14,1,8,Invoice,137,81,1,0.5605297680980295,High Risk
CUST_000960,2022-01-09,56,10.46,Monthly,5,13,3,1,Invoice,207,57,1,0.8605148407148409,Critical Risk
CUST_000961,2025-11-30,46,13.92,Monthly,6,4,1,3,Invoice,1788,66,1,0.8007251754023902,Critical Risk
CUST_000962,2025-08-26,50,24.41,Quarterly,10,20,1,9,Credit Card,175,80,1,0.8859531772575251,Critical Risk
CUST_000963,2024-06-28,48,65.33,Quarterly,12,14,1,1,PayPal,698,46,0,0.23905208571733666,Low Risk
CUST_000964,2025-02-19,6,119.58,Annual,5,10,1,8,ACH,1348,85,0,0.43052601576346317,Medium Risk
CUST_000965,2026-01-05,25,40.8,Annual,9,15,3,2,PayPal,1696,60,1,0.7106879971314374,Critical Risk
CUST_000966,2024-03-23,56,56.69,Annual,9,6,1,10,ACH,1040,99,1,0.45855070012363425,Medium Risk
CUST_000967,2022-09-11,46,20.44,Quarterly,13,8,3,10,Invoice,1034,100,1,0.851693525818719,Critical Risk
CUST_000968,2025-08-08,59,91.73,Monthly,7,5,2,5,PayPal,1391,80,0,0.5406012862664775,High Risk
CUST_000969,2023-05-21,56,181.06,Quarterly,7,17,1,3,PayPal,333,53,1,0.8359283174246679,Critical Risk
CUST_000970,2025-09-09,40,25.64,Monthly,7,9,2,7,ACH,1786,86,0,0.358149310410747,Medium Risk
CUST_000971,2025-04-09,29,44.14,Monthly,6,9,4,2,ACH,711,66,1,0.6587479553370434,High Risk
CUST_000972,2023-08-17,7,14.5,Monthly,12,5,1,8,Invoice,669,90,1,0.769821700178555,Critical Risk
CUST_000973,2021-07-10,40,50.95,Annual,8,7,1,1,PayPal,460,53,0,0.5555938605083013,High Risk
CUST_000974,2024-03-31,13,44.94,Quarterly,7,10,1,6,PayPal,183,75,0,0.3491547892155936,Medium Risk
CUST_000975,2025-03-28,38,17.8,Annual,11,8,2,3,Invoice,787,67,1,0.7936952788768439,Critical Risk
CUST_000976,2024-08-17,18,39.18,Quarterly,14,7,0,1,Invoice,1725,48,1,0.7214352928300218,Critical Risk
CUST_000977,2024-03-27,2,30.33,Monthly,5,15,0,10,ACH,1308,85,1,0.6813409961685823,High Risk
CUST_000978,2022-09-14,8,46.89,Annual,6,10,3,1,Credit Card,1720,60,0,0.3338480221629648,Medium Risk
CUST_000979,2023-10-27,11,54.05,Quarterly,5,7,2,3,PayPal,1171,68,1,0.6153439227464079,High Risk
CUST_000980,2022-12-19,33,10.43,Annual,7,10,1,6,PayPal,664,75,1,0.8208159504348947,Critical Risk
CUST_000981,2022-11-27,54,81.57,Annual,7,8,1,7,Credit Card,134,82,1,0.7022095820374936,Critical Risk
CUST_000982,2024-01-01,38,72.42,Annual,7,11,0,4,ACH,1763,59,0,0.2934226812763924,Low Risk
CUST_000983,2024-10-02,48,32.81,Quarterly,9,19,2,3,PayPal,1788,56,1,0.8394630346824177,Critical Risk
CUST_000984,2026-02-17,27,12.72,Quarterly,7,12,2,3,ACH,805,63,1,0.806176000987288,Critical Risk
CUST_000985,2025-02-22,20,80.31,Monthly,12,12,5,4,Credit Card,1554,73,0,0.6285193363918424,High Risk
CUST_000986,2026-01-20,12,165.25,Quarterly,7,6,0,3,Invoice,649,59,0,0.6303401747193604,High Risk
CUST_000987,2022-05-18,43,23.73,Monthly,14,9,0,4,ACH,629,61,0,0.38025540594640134,Medium Risk
CUST_000988,2021-08-09,31,29.54,Monthly,5,5,2,6,ACH,303,85,1,0.52783226791255,High Risk
CUST_000989,2024-03-30,27,20.16,Quarterly,5,4,3,9,Credit Card,1766,100,0,0.23137542077093692,Low Risk
CUST_000990,2024-04-25,32,53.01,Monthly,7,8,0,10,Invoice,51,92,1,0.7988931065772094,Critical Risk
CUST_000991,2024-02-17,10,18.41,Quarterly,8,14,0,10,PayPal,1544,86,1,0.8654679326255661,Critical Risk
CUST_000992,2022-09-11,3,32.02,Monthly,6,13,1,7,ACH,1426,77,1,0.7360674871445291,Critical Risk
CUST_000993,2026-01-25,45,69.7,Monthly,9,11,0,7,PayPal,220,74,1,0.7120144981933008,Critical Risk
CUST_000994,2024-02-25,27,51.06,Monthly,8,13,2,7,Credit Card,79,82,1,0.8356448399192031,Critical Risk
CUST_000995,2022-08-13,35,34.43,Monthly,5,9,2,5,Credit Card,615,76,0,0.4687493464473046,Medium Risk
CUST_000996,2023-12-26,31,37.26,Annual,8,8,5,7,Invoice,926,92,1,0.6772481179767149,High Risk
CUST_000997,2025-02-22,15,51.29,Monthly,7,12,2,8,Invoice,928,88,1,0.7812441644281735,Critical Risk
CUST_000998,2025-02-10,16,10.29,Monthly,16,5,1,7,PayPal,905,85,1,0.8469220338194671,Critical Risk
CUST_000999,2022-09-09,13,14.09,Monthly,8,17,3,3,Invoice,1015,63,0,0.3081050052309962,Medium Risk
CUST_001000,2025-08-27,49,116.54,Monthly,7,10,1,10,Credit Card,981,95,0,0.7256499614175703,Critical Risk
CUST_001001,2025-11-18,35,14.05,Annual,6,9,1,9,Invoice,1700,91,1,0.7794279799936003,Critical Risk
CUST_001002,2022-03-20,52,71.35,Monthly,12,13,2,10,Invoice,184,97,0,0.4241035348328315,Medium Risk
CUST_001003,2023-08-23,11,136.31,Annual,3,6,1,6,Invoice,44,79,0,0.22562004817525402,Low Risk
CUST_001004,2022-08-13,59,25.78,Quarterly,5,7,4,8,PayPal,1558,98,0,0.48215180824285847,Medium Risk
CUST_001005,2023-07-18,21,33.14,Annual,6,12,2,6,ACH,628,78,1,0.6153097413273518,High Risk
CUST_001006,2024-11-07,51,52.07,Quarterly,11,8,0,4,Credit Card,242,62,1,0.7258490225038402,Critical Risk
CUST_001007,2024-04-04,54,116.73,Monthly,6,15,3,1,Invoice,907,55,1,0.825237753712964,Critical Risk
CUST_001008,2023-03-30,11,152.28,Monthly,6,9,7,7,PayPal,1564,91,1,0.783356574817813,Critical Risk
CUST_001009,2021-12-28,30,77.27,Quarterly,5,14,1,8,Credit Card,1130,81,0,0.4977468017503884,Medium Risk
CUST_001010,2026-02-11,48,14.53,Annual,6,14,1,4,Credit Card,1213,61,1,0.7326228196307422,Critical Risk
CUST_001011,2025-12-21,53,65.31,Annual,9,8,4,9,PayPal,846,100,0,0.4916756661398621,Medium Risk
CUST_001012,2024-02-26,35,36.41,Annual,5,9,0,8,PayPal,625,81,0,0.49022753149372994,Medium Risk
CUST_001013,2023-11-15,22,41.81,Monthly,8,12,2,10,PayPal,653,98,1,0.6140474465799488,High Risk
CUST_001014,2025-12-16,38,12.52,Monthly,9,12,1,2,PayPal,1506,53,1,0.9513440270371117,Critical Risk
CUST_001015,2025-10-31,31,20.6,Annual,6,19,2,10,Invoice,1286,91,0,0.3297427137838915,Medium Risk
CUST_001016,2022-06-08,14,88.15,Annual,8,8,1,8,Credit Card,1554,87,1,0.6249123126432352,High Risk
CUST_001017,2022-08-18,24,40.25,Monthly,9,13,1,4,Invoice,445,62,1,0.6063411851356592,High Risk
CUST_001018,2024-03-09,50,27.95,Quarterly,9,14,4,10,PayPal,1174,100,0,0.2987745514868417,Low Risk
CUST_001019,2022-02-21,49,34.23,Monthly,4,14,2,9,PayPal,1362,91,1,0.7545224904428044,Critical Risk
CUST_001020,2023-08-23,32,106.34,Monthly,8,11,0,3,PayPal,697,54,0,0.7180861880152334,Critical Risk
CUST_001021,2026-02-23,36,79.11,Quarterly,9,8,3,3,Invoice,390,72,1,0.6087383124700978,High Risk
CUST_001022,2024-11-03,32,25.89,Annual,9,10,3,7,ACH,1401,90,1,0.7736224494767845,Critical Risk
CUST_001023,2026-03-11,55,16.25,Annual,4,13,5,8,Credit Card,105,92,0,0.27150828670775196,Low Risk
CUST_001024,2022-04-20,15,24.52,Monthly,7,8,3,6,ACH,1763,87,1,0.807239214375477,Critical Risk
CUST_001025,2025-10-10,43,136.76,Monthly,8,14,1,6,PayPal,247,71,1,0.7267173460679593,Critical Risk
CUST_001026,2025-12-28,58,53.56,Annual,10,12,2,10,Credit Card,1518,98,0,0.23726194927028033,Low Risk
CUST_001027,2021-06-27,35,48.12,Monthly,6,6,2,8,PayPal,833,94,1,0.7389957652722913,Critical Risk
CUST_001028,2026-03-21,3,55.37,Quarterly,6,14,2,10,ACH,219,96,0,0.22059119473222286,Low Risk
CUST_001029,2021-06-22,16,32.79,Quarterly,7,10,1,10,Credit Card,1143,95,1,0.6549335688315857,High Risk
CUST_001030,2026-01-12,5,92.28,Quarterly,8,12,0,2,PayPal,365,48,1,0.6488951438936613,High Risk
CUST_001031,2024-04-02,21,47.04,Monthly,9,11,2,5,Credit Card,253,74,1,0.7623408933340714,Critical Risk
CUST_001032,2021-09-19,10,16.21,Annual,15,13,4,2,Invoice,1773,62,1,0.9001885678908735,Critical Risk
CUST_001033,2023-01-12,19,16.91,Monthly,8,5,5,3,ACH,665,75,1,0.8719495191294159,Critical Risk
CUST_001034,2024-01-06,25,48.49,Monthly,5,11,1,7,Credit Card,427,79,1,0.646622200920122,High Risk
CUST_001035,2026-01-28,4,147.89,Monthly,6,9,2,1,ACH,1424,56,1,0.8145558084251421,Critical Risk
CUST_001036,2022-07-05,29,28.43,Monthly,12,8,2,4,Invoice,310,72,0,0.37762511997977993,Medium Risk
CUST_001037,2022-02-09,19,111.83,Quarterly,10,8,2,7,ACH,734,87,1,0.6564868229262728,High Risk
CUST_001038,2023-11-15,43,82.22,Monthly,4,9,2,5,Invoice,456,76,1,0.6903474819219793,High Risk
CUST_001039,2025-05-08,2,24.24,Monthly,5,7,4,5,ACH,1133,83,1,0.8833011853101642,Critical Risk
CUST_001040,2023-11-15,10,11.85,Quarterly,14,9,2,3,Invoice,382,66,1,0.6701030519843013,High Risk
CUST_001041,2021-08-17,43,15.37,Monthly,5,9,4,8,Invoice,755,96,0,0.32265415016724985,Medium Risk
CUST_001042,2025-07-26,25,75.19,Annual,15,9,2,3,Credit Card,524,66,0,0.27653427464552044,Low Risk
CUST_001043,2022-12-31,20,21.14,Monthly,7,7,2,7,Credit Card,1529,88,0,0.5097900100140245,High Risk
CUST_001044,2022-12-31,48,33.2,Monthly,8,11,1,1,Credit Card,1743,49,1,0.7265244818795309,Critical Risk
CUST_001045,2024-07-05,19,44.83,Quarterly,5,6,0,3,Credit Card,1716,59,0,0.24747399922631072,Low Risk
CUST_001046,2026-01-30,23,74.63,Monthly,6,10,6,1,PayPal,1309,60,1,0.5673903170751172,High Risk
CUST_001047,2024-06-30,24,16.01,Annual,13,13,1,4,Invoice,1183,62,1,0.8594102797347948,Critical Risk
CUST_001048,2026-03-03,11,36.07,Monthly,10,10,2,3,PayPal,1168,65,1,0.592729983258712,High Risk
CUST_001049,2024-08-07,46,43.19,Monthly,5,10,0,9,PayPal,585,85,0,0.5061189937151416,High Risk
CUST_001050,2023-05-24,34,48.92,Monthly,11,20,1,2,Credit Card,1737,45,1,0.9190127973885716,Critical Risk
CUST_001051,2022-06-06,55,95.29,Monthly,6,12,2,5,ACH,92,73,0,0.4785728883213214,Medium Risk
CUST_001052,2023-07-09,28,19.42,Monthly,10,12,1,10,ACH,1159,93,0,0.4662417619097265,Medium Risk
CUST_001053,2022-04-04,5,92.47,Annual,4,13,2,3,PayPal,1420,62,0,0.6047620355884831,High Risk
CUST_001054,2024-09-06,59,69.03,Monthly,6,12,3,3,PayPal,1218,68,1,0.7173823351492138,Critical Risk
CUST_001055,2024-06-20,5,50.58,Monthly,9,11,1,5,Invoice,1341,69,0,0.365840462604827,Medium Risk
CUST_001056,2024-11-15,51,70.12,Monthly,10,20,4,2,Credit Card,1027,55,1,0.785852804367808,Critical Risk
CUST_001057,2022-06-04,21,36.55,Quarterly,6,8,2,5,Credit Card,500,77,1,0.733698404446042,Critical Risk
CUST_001058,2024-01-16,12,17.45,Quarterly,6,9,2,3,Invoice,1076,66,1,0.7603475458746661,Critical Risk
CUST_001059,2022-02-16,50,64.8,Annual,3,6,3,2,PayPal,1406,69,0,0.27222125284119064,Low Risk
CUST_001060,2024-07-27,4,47.19,Quarterly,13,12,0,5,Credit Card,227,63,1,0.804649212292458,Critical Risk
CUST_001061,2025-09-12,54,61.0,Monthly,10,13,1,3,PayPal,1229,57,0,0.4562695460841926,Medium Risk
CUST_001062,2024-11-25,49,30.62,Monthly,8,12,0,8,PayPal,1598,78,1,0.7853845539841027,Critical Risk
CUST_001063,2025-05-22,42,128.69,Annual,14,8,0,2,Credit Card,1798,52,1,0.7957035674973938,Critical Risk
CUST_001064,2023-05-29,20,54.26,Annual,7,11,3,7,Credit Card,305,89,0,0.3276133163902186,Medium Risk
CUST_001065,2024-11-03,38,14.46,Monthly,12,13,3,8,Invoice,671,92,1,0.7013053495270896,Critical Risk
CUST_001066,2023-04-27,25,39.87,Monthly,9,14,1,7,Invoice,497,76,1,0.7107309399764358,Critical Risk
CUST_001067,2021-07-14,14,80.6,Quarterly,12,13,1,2,PayPal,372,52,0,0.2867600428983667,Low Risk
CUST_001068,2023-05-02,11,89.03,Quarterly,3,7,1,9,PayPal,1207,93,0,0.26202381974259237,Low Risk
CUST_001069,2024-02-29,32,44.12,Monthly,7,7,1,10,ACH,159,98,1,0.7081729102399537,Critical Risk
CUST_001070,2025-08-27,11,122.57,Annual,7,11,0,6,PayPal,991,69,0,0.34509086704517167,Medium Risk
CUST_001071,2026-03-17,18,25.58,Monthly,8,8,2,9,Credit Card,1662,97,1,0.8264294600510703,Critical Risk
CUST_001072,2023-03-15,27,36.43,Monthly,8,9,2,3,Credit Card,103,66,1,0.6856322602466385,High Risk
CUST_001073,2025-10-01,55,124.43,Monthly,9,14,0,9,Credit Card,953,81,0,0.3742775082426561,Medium Risk
CUST_001074,2025-09-06,54,123.29,Monthly,7,8,3,3,ACH,1068,72,1,0.7356641826416395,Critical Risk
CUST_001075,2023-05-19,18,67.87,Monthly,4,14,3,3,ACH,623,66,0,0.3754942801781809,Medium Risk
CUST_001076,2025-05-18,56,107.94,Quarterly,9,15,3,8,Invoice,516,90,0,0.30112685656328847,Medium Risk
CUST_001077,2026-01-16,23,14.65,Monthly,12,11,2,6,Credit Card,1528,79,1,0.8281077590321893,Critical Risk
CUST_001078,2024-01-23,11,110.12,Annual,7,16,1,1,PayPal,1154,44,0,0.22351952335168007,Low Risk
CUST_001079,2026-03-16,21,29.33,Monthly,9,11,1,2,PayPal,849,54,0,0.46790792758556854,Medium Risk
CUST_001080,2021-12-18,44,19.82,Monthly,7,8,5,10,PayPal,1476,100,1,0.841863313670549,Critical Risk
CUST_001081,2025-05-31,5,23.68,Quarterly,11,19,1,8,Invoice,489,76,1,0.8202376639655182,Critical Risk
CUST_001082,2023-06-18,23,37.06,Annual,8,6,1,7,PayPal,1323,84,1,0.6917022726821727,High Risk
CUST_001083,2024-02-19,41,24.46,Quarterly,8,11,3,8,Invoice,60,94,1,0.7694007965819994,Critical Risk
CUST_001084,2022-10-30,59,29.32,Quarterly,9,6,2,8,Credit Card,102,94,1,0.7876988164543118,Critical Risk
CUST_001085,2026-04-25,25,17.25,Monthly,3,9,2,6,ACH,587,81,1,0.7864764125010028,Critical Risk
CUST_001086,2024-08-16,41,27.56,Monthly,8,9,3,7,Invoice,1349,91,1,0.7688450046569452,Critical Risk
CUST_001087,2022-11-03,54,52.46,Quarterly,9,11,0,6,Invoice,1752,69,1,0.81096769593396,Critical Risk
CUST_001088,2021-08-21,10,39.16,Quarterly,6,10,1,1,PayPal,632,50,0,0.3284757229630366,Medium Risk
CUST_001089,2024-05-14,22,31.29,Annual,9,5,1,5,Credit Card,557,75,1,0.47268025970607147,Medium Risk
CUST_001090,2025-07-04,19,78.61,Annual,7,13,3,10,Credit Card,1439,100,1,0.6845918550366554,High Risk
CUST_001091,2024-08-02,1,121.99,Annual,8,10,2,1,PayPal,750,55,0,0.2522117126852496,Low Risk
CUST_001092,2026-03-08,7,80.69,Monthly,8,19,3,2,Invoice,765,56,1,0.8074666886144617,Critical Risk
CUST_001093,2024-05-07,4,30.17,Annual,9,6,1,5,PayPal,1628,74,0,0.29323301850136174,Low Risk
CUST_001094,2024-11-23,1,78.22,Quarterly,9,13,3,2,PayPal,1181,62,1,0.8055591412245462,Critical Risk
CUST_001095,2025-01-14,15,18.24,Annual,8,3,2,4,ACH,438,77,1,0.7848877250625961,Critical Risk
CUST_001096,2026-04-05,40,16.98,Monthly,8,4,1,3,PayPal,992,66,0,0.41557652788144905,Medium Risk
CUST_001097,2026-02-14,12,31.2,Monthly,8,12,3,9,PayPal,1606,98,0,0.4484367573403897,Medium Risk
CUST_001098,2022-12-10,22,92.44,Monthly,7,12,1,10,Credit Card,1364,93,1,0.7028220752192494,Critical Risk
CUST_001099,2022-06-23,22,24.14,Monthly,9,11,4,5,ACH,515,79,1,0.8021362098938156,Critical Risk
CUST_001100,2025-05-03,50,13.27,Quarterly,6,11,1,2,Credit Card,1408,54,1,0.8397277537132615,Critical Risk
CUST_001101,2024-07-06,47,17.06,Monthly,6,12,1,10,Credit Card,544,93,1,0.5312704107926959,High Risk
CUST_001102,2024-11-23,17,107.86,Monthly,6,12,2,6,Invoice,1208,78,1,0.6675805673774614,High Risk
CUST_001103,2024-06-03,29,60.23,Monthly,7,9,2,6,Invoice,1707,81,1,0.653155020174905,High Risk
CUST_001104,2022-09-05,46,24.6,Annual,8,7,1,5,Credit Card,574,73,0,0.450999736254388,Medium Risk
CUST_001105,2023-12-02,14,50.52,Annual,10,4,2,3,PayPal,882,71,0,0.5096062198854565,High Risk
CUST_001106,2023-07-07,50,47.49,Monthly,9,7,1,8,Invoice,1191,88,0,0.5247964738207566,High Risk
CUST_001107,2023-07-11,20,63.27,Monthly,8,7,1,5,Invoice,722,73,0,0.41845430299489367,Medium Risk
CUST_001108,2021-10-29,50,23.28,Monthly,8,8,2,10,Invoice,494,100,0,0.44165547746709954,Medium Risk
CUST_001109,2023-10-27,48,109.9,Annual,3,9,0,9,PayPal,1528,86,0,0.6132122753416859,High Risk
CUST_001110,2024-04-13,33,28.51,Monthly,9,9,3,4,PayPal,1221,76,1,0.6406777606350542,High Risk
CUST_001111,2025-05-05,55,69.23,Quarterly,11,8,2,4,Invoice,511,72,0,0.29290720933357783,Low Risk
CUST_001112,2021-06-23,59,10.81,Monthly,12,7,0,2,PayPal,821,53,1,0.8594803063401593,Critical Risk
CUST_001113,2022-02-21,43,33.31,Monthly,5,11,2,3,Invoice,1191,64,0,0.4498727370674452,Medium Risk
CUST_001114,2022-10-13,15,31.67,Annual,8,10,0,7,PayPal,334,75,1,0.7087276769037111,Critical Risk
CUST_001115,2022-02-23,12,49.21,Monthly,11,11,4,6,Invoice,1209,84,1,0.7039882479774409,Critical Risk
CUST_001116,2024-02-17,40,13.78,Annual,12,6,2,7,Credit Card,1726,89,0,0.31129754223753914,Medium Risk
CUST_001117,2024-04-24,54,88.06,Monthly,0,5,4,7,Invoice,972,65,1,0.7248774192895711,Critical Risk
CUST_001118,2023-06-29,20,22.28,Annual,7,10,2,9,Invoice,810,95,0,0.4395641976181063,Medium Risk
CUST_001119,2023-01-03,30,66.51,Annual,12,6,1,3,ACH,201,64,0,0.3381976640708411,Medium Risk
CUST_001120,2021-10-21,38,91.28,Quarterly,5,5,4,6,ACH,634,90,0,0.32161282886335557,Medium Risk
CUST_001121,2025-01-03,3,51.26,Monthly,7,9,3,2,Invoice,312,66,0,0.4180550927312084,Medium Risk
CUST_001122,2026-04-05,28,77.52,Monthly,6,7,2,3,ACH,104,68,0,0.484698223880497,Medium Risk
CUST_001123,2024-05-19,56,64.21,Monthly,8,9,1,6,PayPal,265,76,0,0.37402113325323477,Medium Risk
CUST_001124,2023-06-05,26,31.97,Quarterly,12,7,4,1,Credit Card,491,63,0,0.28837747815033454,Low Risk
CUST_001125,2022-10-14,30,92.74,Quarterly,9,12,1,8,Invoice,1266,83,0,0.6244414783838852,High Risk
CUST_001126,2022-11-25,13,27.46,Monthly,12,6,3,4,ACH,325,79,1,0.5948650305246309,High Risk
CUST_001127,2026-02-06,13,52.34,Monthly,8,6,4,5,ACH,886,84,0,0.42660272356667966,Medium Risk
CUST_001128,2022-03-27,2,78.4,Monthly,8,9,0,5,ACH,164,66,0,0.3220025694292909,Medium Risk
CUST_001129,2025-12-28,37,33.82,Monthly,14,7,2,6,PayPal,236,83,1,0.7207139913680638,Critical Risk
CUST_001130,2024-02-11,49,28.03,Monthly,9,12,2,1,PayPal,1765,53,1,0.8281905759790271,Critical Risk
CUST_001131,2024-11-12,38,40.75,Monthly,8,13,3,8,Invoice,1410,92,0,0.7448819435683991,Critical Risk
CUST_001132,2025-12-09,2,95.18,Annual,5,9,1,5,ACH,1559,71,1,0.7710833868124631,Critical Risk
CUST_001133,2022-02-04,36,142.91,Quarterly,1,8,1,3,PayPal,580,42,1,0.7911566798674105,Critical Risk
CUST_001134,2022-12-14,54,49.38,Quarterly,6,9,1,8,Invoice,1590,86,1,0.6502956042551401,High Risk
CUST_001135,2026-04-08,26,64.16,Monthly,7,6,0,10,PayPal,441,94,0,0.4095310105956677,Medium Risk
CUST_001136,2021-12-11,11,126.79,Annual,8,10,1,3,Invoice,541,60,0,0.33212809804162524,Medium Risk
CUST_001137,2022-06-15,8,15.19,Quarterly,5,10,2,3,ACH,1133,65,1,0.8389712628997562,Critical Risk
CUST_001138,2026-02-25,44,23.2,Monthly,8,13,3,8,Invoice,868,92,1,0.8710321963190389,Critical Risk
CUST_001139,2025-09-12,40,71.7,Annual,5,11,1,10,PayPal,846,94,0,0.3109682141102994,Medium Risk
CUST_001140,2026-01-14,43,96.79,Monthly,6,12,2,8,Credit Card,726,88,1,0.7164046329688314,Critical Risk
CUST_001141,2023-02-18,22,107.26,Monthly,14,6,3,3,Invoice,1507,74,0,0.7311164050194857,Critical Risk
CUST_001142,2026-01-12,20,36.82,Monthly,5,12,3,4,Credit Card,172,73,1,0.8403264595952541,Critical Risk
CUST_001143,2025-09-17,8,14.68,Monthly,4,10,1,6,Invoice,1792,75,1,0.859485043324498,Critical Risk
CUST_001144,2026-01-12,29,38.79,Annual,12,12,0,1,ACH,666,43,1,0.8160514123739763,Critical Risk
CUST_001145,2022-03-31,40,23.12,Monthly,6,6,1,9,PayPal,1311,94,1,0.8392182326347468,Critical Risk
CUST_001146,2026-03-30,26,27.21,Monthly,8,11,3,2,ACH,937,64,0,0.43436279276383644,Medium Risk
CUST_001147,2024-08-18,30,83.98,Monthly,7,13,1,1,PayPal,1643,47,0,0.43692541646585603,Medium Risk
CUST_001148,2022-07-10,17,13.93,Quarterly,3,12,1,5,Credit Card,1168,68,1,0.8221939964445838,Critical Risk
CUST_001149,2024-04-15,20,97.89,Monthly,9,15,2,7,PayPal,1820,80,1,0.7718617781490302,Critical Risk
CUST_001150,2024-09-15,52,37.9,Annual,7,7,1,8,Credit Card,1295,88,1,0.6607029874273254,High Risk
CUST_001151,2022-01-06,55,55.32,Annual,7,9,5,5,PayPal,857,81,1,0.7113758137763903,Critical Risk
CUST_001152,2025-03-04,16,14.7,Monthly,7,10,4,8,Credit Card,1631,95,1,0.7099002679755535,Critical Risk
CUST_001153,2024-08-28,46,30.58,Monthly,8,18,1,3,ACH,456,52,1,0.8239040558717164,Critical Risk
CUST_001154,2022-02-11,43,14.7,Annual,9,10,0,7,Invoice,831,75,1,0.8880484979958564,Critical Risk
CUST_001155,2024-06-10,7,172.91,Monthly,8,14,3,8,Invoice,441,91,0,0.2785181793987654,Low Risk
CUST_001156,2022-10-05,16,92.32,Monthly,13,16,4,5,PayPal,802,74,1,0.7167394228986244,Critical Risk
CUST_001157,2022-08-28,45,40.78,Annual,9,8,5,5,ACH,1472,82,1,0.7616013372422349,Critical Risk
CUST_001158,2021-07-06,59,22.65,Monthly,11,13,3,7,PayPal,1069,87,1,0.9153476719147985,Critical Risk
CUST_001159,2022-04-27,47,145.49,Monthly,10,14,6,2,Invoice,323,61,0,0.6513331020009485,High Risk
CUST_001160,2025-06-22,56,31.13,Monthly,6,9,1,3,ACH,263,61,1,0.6750719283836846,High Risk
CUST_001161,2023-12-08,48,18.78,Monthly,4,8,4,9,Invoice,640,100,1,0.6994918605598545,High Risk
CUST_001162,2021-07-03,27,51.41,Annual,8,8,1,7,Credit Card,459,82,1,0.6485892777242025,High Risk
CUST_001163,2022-07-02,53,153.92,Annual,10,12,0,6,ACH,713,68,0,0.27492214002796944,Low Risk
CUST_001164,2022-09-28,23,10.19,Annual,4,9,1,1,Credit Card,969,51,1,0.8437890289561055,Critical Risk
CUST_001165,2022-05-03,24,23.6,Annual,11,11,2,7,Invoice,1314,84,0,0.4509808667333294,Medium Risk
CUST_001166,2024-07-10,9,149.39,Monthly,11,7,5,5,ACH,661,83,1,0.4496246674611682,Medium Risk
CUST_001167,2025-07-30,35,19.38,Monthly,6,5,5,6,Invoice,1739,90,1,0.8520041465328787,Critical Risk
CUST_001168,2021-08-03,51,16.01,Monthly,5,12,3,2,Invoice,1227,63,1,0.7986056617116679,Critical Risk
CUST_001169,2021-12-09,20,52.22,Monthly,12,12,5,8,ACH,1809,93,1,0.6903566420429078,High Risk
CUST_001170,2022-02-26,37,108.97,Quarterly,8,12,4,10,Credit Card,234,100,1,0.48601374847109874,Medium Risk
CUST_001171,2024-08-17,42,42.42,Quarterly,10,9,3,6,Credit Card,276,86,1,0.6757591374920952,High Risk
CUST_001172,2024-12-03,17,270.74,Monthly,6,10,2,2,PayPal,1055,60,1,0.6529378096347603,High Risk
CUST_001173,2022-07-29,47,66.84,Monthly,6,5,4,8,PayPal,860,100,1,0.8213141184963763,Critical Risk
CUST_001174,2024-01-11,31,13.85,Monthly,10,11,1,1,PayPal,622,49,1,0.8614685855418128,Critical Risk
CUST_001175,2022-04-24,55,256.91,Monthly,5,9,3,2,ACH,705,66,1,0.6911139871708776,High Risk
CUST_001176,2025-05-18,57,36.2,Monthly,9,8,2,5,PayPal,707,77,0,0.454043890025148,Medium Risk
CUST_001177,2021-11-14,8,26.94,Annual,10,13,3,6,Credit Card,783,82,1,0.7143206588468461,Critical Risk
CUST_001178,2021-09-18,15,50.81,Quarterly,13,12,1,5,Invoice,1423,68,1,0.5517090004107271,High Risk
CUST_001179,2024-01-31,31,28.14,Annual,4,10,3,2,PayPal,1653,65,0,0.3920768632185212,Medium Risk
CUST_001180,2023-02-27,53,14.52,Monthly,6,6,0,3,Invoice,431,59,1,0.7890815412729171,Critical Risk
CUST_001181,2024-04-04,30,10.07,Monthly,9,9,6,10,Invoice,293,100,1,0.7775721931495458,Critical Risk
CUST_001182,2023-11-16,46,39.85,Annual,9,10,2,4,PayPal,569,70,0,0.3362890888164145,Medium Risk
CUST_001183,2025-09-02,20,100.66,Quarterly,9,3,2,8,Credit Card,929,97,1,0.6524453775391905,High Risk
CUST_001184,2024-11-06,39,52.47,Quarterly,6,7,1,1,Invoice,963,53,0,0.476622266938757,Medium Risk
CUST_001185,2023-06-04,53,367.0,Quarterly,5,10,1,6,Invoice,1135,75,1,0.6023532141700723,High Risk
CUST_001186,2025-09-16,55,26.9,Annual,10,13,4,7,Credit Card,989,87,1,0.7423373173637069,Critical Risk
CUST_001187,2024-11-01,12,26.46,Annual,11,7,2,9,PayPal,780,98,0,0.27968583194381214,Low Risk
CUST_001188,2023-10-26,49,18.7,Monthly,9,4,1,3,Credit Card,1381,66,0,0.2941936885521348,Low Risk
CUST_001189,2022-12-03,17,18.96,Annual,10,11,1,10,Credit Card,1367,94,1,0.8093863702418282,Critical Risk
CUST_001190,2026-04-27,42,26.79,Monthly,5,9,6,3,PayPal,1500,71,1,0.7827277482476193,Critical Risk
CUST_001191,2022-08-26,30,88.71,Monthly,8,12,1,10,PayPal,1753,93,0,0.6675157933744513,High Risk
CUST_001192,2025-01-20,29,128.09,Annual,6,12,1,4,Invoice,906,63,1,0.629858982709525,High Risk
CUST_001193,2021-07-12,19,194.62,Monthly,9,10,1,1,Invoice,448,50,1,0.5433972575140384,High Risk
CUST_001194,2026-02-17,46,23.22,Monthly,11,13,0,7,ACH,1090,72,1,0.8804245398117772,Critical Risk
CUST_001195,2026-04-29,11,116.56,Monthly,5,14,1,10,ACH,1000,91,1,0.7529901507954965,Critical Risk
CUST_001196,2024-07-26,34,29.89,Monthly,11,6,2,3,Invoice,1244,69,0,0.3456535809024545,Medium Risk
CUST_001197,2026-01-05,50,15.99,Monthly,11,6,3,5,Credit Card,665,84,1,0.8045549285613948,Critical Risk
CUST_001198,2023-12-04,7,112.02,Monthly,8,10,3,7,ACH,1037,90,0,0.5643319621870686,High Risk
CUST_001199,2021-11-15,44,60.54,Monthly,5,16,0,5,Credit Card,832,59,0,0.3488955566747757,Medium Risk
CUST_001200,2024-12-15,58,19.0,Monthly,10,8,2,6,Credit Card,721,82,1,0.787029271070456,Critical Risk
CUST_001201,2023-09-29,34,38.09,Quarterly,6,10,2,4,PayPal,943,70,0,0.38095947855790835,Medium Risk
CUST_001202,2024-10-06,59,26.93,Monthly,7,9,3,1,ACH,1238,61,1,0.8303194841987646,Critical Risk
CUST_001203,2022-04-29,20,76.74,Monthly,5,9,2,7,Credit Card,1561,86,1,0.8565432259676037,Critical Risk
CUST_001204,2025-10-21,50,40.2,Annual,7,10,0,2,ACH,1417,50,0,0.36705417281241254,Medium Risk
CUST_001205,2024-01-07,38,236.78,Quarterly,10,6,3,7,ACH,305,94,1,0.7897707788871735,Critical Risk
CUST_001206,2024-05-18,24,12.82,Annual,12,7,2,1,Credit Card,652,58,1,0.6689997393668609,High Risk
CUST_001207,2022-06-17,10,31.93,Monthly,8,6,2,9,ACH,728,99,1,0.7075966203664882,Critical Risk
CUST_001208,2023-06-18,32,42.88,Annual,6,7,3,10,PayPal,1377,100,1,0.5839450701214687,High Risk
CUST_001209,2022-05-05,52,44.97,Annual,10,11,2,4,ACH,1719,69,1,0.654190398572416,High Risk
CUST_001210,2025-11-11,15,28.99,Annual,5,9,1,9,PayPal,298,91,0,0.2578178308407645,Low Risk
CUST_001211,2022-09-17,37,75.33,Annual,2,11,5,3,Invoice,946,59,1,0.7534346510577818,Critical Risk
CUST_001212,2021-10-07,20,113.87,Quarterly,5,10,2,2,Credit Card,1413,60,0,0.2198463533853165,Low Risk
CUST_001213,2025-06-11,3,149.61,Quarterly,5,9,4,5,Invoice,885,81,0,0.346011588346761,Medium Risk
CUST_001214,2022-05-30,37,91.76,Annual,12,10,0,3,Invoice,508,55,1,0.6966089457795859,High Risk
CUST_001215,2023-03-18,57,105.05,Monthly,15,12,2,6,ACH,1042,78,0,0.30080106113293537,Medium Risk
CUST_001216,2024-01-18,40,49.99,Annual,9,11,3,4,Invoice,212,74,0,0.38280008833194196,Medium Risk
CUST_001217,2024-05-09,8,97.4,Quarterly,7,10,1,4,Credit Card,327,65,0,0.3563646488515088,Medium Risk
CUST_001218,2025-09-20,40,28.08,Monthly,9,10,3,10,Credit Card,1392,100,1,0.7786154249869399,Critical Risk
CUST_001219,2024-11-17,44,35.41,Quarterly,11,10,2,5,Credit Card,1022,75,1,0.6497434329252413,High Risk
CUST_001220,2026-01-10,56,29.06,Monthly,6,7,2,6,Credit Card,1763,83,1,0.6674911094765646,High Risk
CUST_001221,2025-12-14,23,41.5,Monthly,7,13,1,10,Invoice,969,92,0,0.6735558023934274,High Risk
CUST_001222,2024-10-21,40,26.81,Quarterly,5,6,0,10,Invoice,1591,94,0,0.16861480468233545,Low Risk
CUST_001223,2026-05-02,11,173.0,Monthly,11,11,4,10,PayPal,1502,100,0,0.34549373279739615,Medium Risk
CUST_001224,2026-02-02,46,28.76,Monthly,5,16,1,6,ACH,617,69,1,0.6502750944906924,High Risk
CUST_001225,2024-07-18,8,15.16,Monthly,7,7,4,7,Credit Card,1167,93,0,0.39614246522096586,Medium Risk
CUST_001226,2025-06-17,29,47.41,Monthly,9,8,3,7,Invoice,103,92,1,0.8457844486921593,Critical Risk
CUST_001227,2022-01-10,30,12.94,Monthly,7,8,1,4,Invoice,375,67,0,0.5721665677101482,High Risk
CUST_001228,2025-12-15,56,15.86,Monthly,6,16,2,6,Invoice,696,74,1,0.8436614227344588,Critical Risk
CUST_001229,2022-02-18,10,22.38,Monthly,10,12,2,4,PayPal,706,68,1,0.8540523971414173,Critical Risk
CUST_001230,2024-01-09,39,41.21,Quarterly,1,3,1,2,ACH,1542,42,0,0.2805043616004094,Low Risk
CUST_001231,2025-08-17,28,38.39,Quarterly,10,13,3,8,ACH,1819,92,0,0.2208421830000747,Low Risk
CUST_001232,2021-09-09,49,90.39,Monthly,8,12,3,1,Credit Card,1093,58,0,0.409036171702387,Medium Risk
CUST_001233,2023-11-13,36,77.25,Annual,10,12,2,5,ACH,1336,73,0,0.5117067125675727,High Risk
CUST_001234,2024-06-12,13,37.78,Monthly,5,13,2,3,Invoice,1118,62,0,0.40476832979712674,Medium Risk
CUST_001235,2026-04-23,32,30.3,Monthly,9,12,2,6,Credit Card,985,78,0,0.5317200901921588,High Risk
CUST_001236,2025-08-15,36,29.02,Monthly,11,9,2,8,Invoice,1365,91,1,0.8024482182871394,Critical Risk
CUST_001237,2021-10-02,37,84.36,Quarterly,6,15,1,1,PayPal,1677,45,1,0.5706844327579756,High Risk
CUST_001238,2025-11-12,26,12.67,Quarterly,4,13,3,10,ACH,1003,100,1,0.7272541147248808,Critical Risk
CUST_001239,2023-11-17,22,10.65,Monthly,9,17,3,4,Credit Card,849,68,1,0.6564614875272435,High Risk
CUST_001240,2026-04-20,4,89.37,Monthly,3,7,1,4,PayPal,898,68,1,0.8449013771389258,Critical Risk
CUST_001241,2023-01-27,31,42.42,Monthly,1,10,3,6,Credit Card,210,65,1,0.7409447912354135,Critical Risk
CUST_001242,2021-10-10,18,17.01,Annual,10,9,2,1,ACH,1323,56,1,0.7551159047546259,Critical Risk
CUST_001243,2021-11-25,38,23.43,Annual,7,9,1,6,PayPal,701,76,1,0.8259373049446113,Critical Risk
CUST_001244,2025-06-16,24,144.78,Monthly,10,10,4,10,Invoice,765,100,1,0.8096412020147118,Critical Risk
CUST_001245,2022-08-29,56,108.13,Annual,6,15,5,9,Credit Card,1264,95,1,0.7979495206849448,Critical Risk
CUST_001246,2021-11-08,23,71.86,Monthly,10,12,2,1,PayPal,997,53,0,0.3864088753627828,Medium Risk
CUST_001247,2025-06-08,22,42.91,Quarterly,5,18,2,3,PayPal,960,57,1,0.831358531861749,Critical Risk
CUST_001248,2024-03-09,2,46.73,Annual,11,14,3,5,PayPal,78,76,0,0.3432365575599887,Medium Risk
CUST_001249,2024-03-17,31,194.94,Monthly,7,12,2,10,ACH,1195,98,0,0.36464264493356063,Medium Risk
CUST_001250,2023-11-04,55,178.73,Annual,9,15,1,2,ACH,1240,50,0,0.24790000514096053,Low Risk
CUST_001251,2022-01-10,11,22.12,Quarterly,8,12,4,3,ACH,1186,68,1,0.8672048509766798,Critical Risk
CUST_001252,2022-05-21,28,93.33,Monthly,7,12,1,2,ACH,1148,53,1,0.7643136495241862,Critical Risk
CUST_001253,2021-11-15,46,20.99,Monthly,4,10,1,4,ACH,61,65,1,0.8363647468581042,Critical Risk
CUST_001254,2023-04-10,32,22.01,Quarterly,10,7,2,8,PayPal,757,93,0,0.23010228335365665,Low Risk
CUST_001255,2021-12-10,5,66.36,Monthly,9,12,1,9,PayPal,947,88,0,0.4532629690493868,Medium Risk
CUST_001256,2025-06-19,38,35.96,Monthly,8,8,4,8,Invoice,90,97,1,0.8069743606928816,Critical Risk
CUST_001257,2025-09-09,10,144.08,Monthly,10,14,1,10,ACH,946,91,0,0.31591460876792626,Medium Risk
CUST_001258,2025-06-03,40,14.66,Quarterly,8,11,2,10,Credit Card,1598,99,0,0.5907981088633882,High Risk
CUST_001259,2025-04-22,46,45.82,Annual,17,12,0,1,Invoice,1516,43,1,0.8172732270320613,Critical Risk
CUST_001260,2022-04-11,24,135.37,Quarterly,14,8,3,9,Invoice,848,100,1,0.7352452313851103,Critical Risk
CUST_001261,2023-02-27,35,127.23,Annual,11,6,1,5,Credit Card,1741,74,1,0.7084333220761176,Critical Risk
CUST_001262,2024-09-22,44,18.51,Monthly,10,8,1,2,Invoice,1196,57,1,0.7847558655908806,Critical Risk
CUST_001263,2022-01-13,48,32.84,Annual,14,13,1,9,Invoice,1312,87,1,0.7872297028174516,Critical Risk
CUST_001264,2024-12-06,23,58.26,Annual,6,16,1,2,Invoice,1787,49,0,0.22836347505263915,Low Risk
CUST_001265,2022-09-21,17,18.68,Monthly,10,13,3,1,ACH,1750,57,1,0.9026680060183235,Critical Risk
CUST_001266,2022-08-28,1,182.14,Monthly,7,13,0,3,ACH,1365,52,1,0.7457376417466147,Critical Risk
CUST_001267,2023-10-28,55,133.11,Monthly,5,13,0,6,PayPal,91,67,1,0.8075216665100963,Critical Risk
CUST_001268,2021-12-19,31,19.13,Annual,4,9,3,3,PayPal,1414,71,1,0.7354467986648161,Critical Risk
CUST_001269,2022-07-30,31,16.46,Quarterly,9,8,2,6,ACH,1381,82,1,0.7681199779838745,Critical Risk
CUST_001270,2023-12-12,42,14.46,Annual,2,8,3,3,ACH,112,62,1,0.7307346635602983,Critical Risk
CUST_001271,2022-11-27,57,130.09,Quarterly,5,6,1,10,Invoice,1493,99,1,0.7980595483345497,Critical Risk
CUST_001272,2025-08-06,55,20.76,Monthly,6,7,3,2,Credit Card,1741,68,1,0.736667304829189,Critical Risk
CUST_001273,2024-02-25,42,36.92,Quarterly,7,7,1,2,Invoice,888,58,1,0.6424397872525855,High Risk
CUST_001274,2022-09-26,53,39.79,Quarterly,4,8,1,4,Credit Card,1442,67,1,0.41893107519359485,Medium Risk
CUST_001275,2024-05-08,56,55.69,Monthly,5,16,2,3,PayPal,522,59,1,0.8068885260443183,Critical Risk
CUST_001276,2023-01-30,34,13.72,Quarterly,8,12,4,8,Credit Card,503,93,1,0.7717368702655354,Critical Risk
CUST_001277,2026-04-28,9,22.86,Monthly,4,10,2,1,PayPal,683,55,1,0.7608108397895411,Critical Risk
CUST_001278,2024-01-03,22,144.04,Quarterly,5,7,3,6,Invoice,1350,88,0,0.2601471066068862,Low Risk
CUST_001279,2022-06-30,13,129.52,Quarterly,7,10,2,6,Credit Card,1241,80,0,0.3171377353420832,Medium Risk
CUST_001280,2026-02-14,25,86.0,Annual,11,10,3,5,ACH,1359,80,0,0.36035298225568935,Medium Risk
CUST_001281,2022-05-30,48,10.98,Annual,11,8,2,10,Invoice,1116,100,1,0.8946404631138772,Critical Risk
CUST_001282,2024-10-06,18,29.8,Monthly,3,10,2,8,Credit Card,1118,90,1,0.849715169178456,Critical Risk
CUST_001283,2025-12-22,51,59.44,Annual,10,14,2,1,PayPal,1725,51,0,0.32764952293504407,Medium Risk
CUST_001284,2024-09-09,12,26.09,Monthly,8,13,4,5,Invoice,248,77,1,0.6121264057716207,High Risk
CUST_001285,2021-06-25,40,130.17,Annual,9,9,1,4,Credit Card,559,66,0,0.4710677121109967,Medium Risk
CUST_001286,2023-06-02,17,60.24,Annual,8,5,2,8,PayPal,1071,95,0,0.4132463363811162,Medium Risk
CUST_001287,2026-02-03,15,13.73,Quarterly,4,3,4,10,PayPal,1043,100,0,0.5048140441926307,High Risk
CUST_001288,2025-03-27,42,129.85,Monthly,5,11,5,2,PayPal,966,64,0,0.38623599563438804,Medium Risk
CUST_001289,2025-07-11,15,168.23,Quarterly,8,8,4,10,PayPal,904,100,1,0.6932682277976266,High Risk
CUST_001290,2022-09-22,15,14.04,Quarterly,8,9,1,7,ACH,1686,81,1,0.7565893707175642,Critical Risk
CUST_001291,2024-08-25,55,48.0,Annual,10,10,1,2,Credit Card,616,55,1,0.644503185130455,High Risk
CUST_001292,2022-02-03,39,28.07,Monthly,7,12,4,8,Invoice,611,93,1,0.7693902061719564,Critical Risk
CUST_001293,2024-02-23,13,34.95,Monthly,6,9,4,5,Credit Card,208,81,0,0.47549373710132137,Medium Risk
CUST_001294,2021-08-22,17,19.9,Monthly,5,8,0,2,Credit Card,1274,52,1,0.9132781222598161,Critical Risk
CUST_001295,2021-10-15,32,53.15,Annual,9,6,0,1,ACH,1601,49,1,0.7146520136325226,Critical Risk
CUST_001296,2025-03-07,9,168.48,Annual,8,10,2,9,Credit Card,652,95,0,0.3455403215391062,Medium Risk
CUST_001297,2023-06-21,40,44.97,Quarterly,13,13,1,2,ACH,1599,52,0,0.31126107606300063,Medium Risk
CUST_001298,2024-10-05,20,14.33,Monthly,7,12,3,1,PayPal,1324,58,1,0.8194616219790837,Critical Risk
CUST_001299,2025-12-11,26,58.38,Monthly,8,5,1,7,Invoice,151,85,1,0.796458458329628,Critical Risk
CUST_001300,2023-08-14,27,30.79,Annual,8,7,1,6,Invoice,1702,78,0,0.38250159166823944,Medium Risk
CUST_001301,2024-07-07,21,106.87,Quarterly,6,10,0,8,Invoice,510,80,0,0.348128152029523,Medium Risk
CUST_001302,2025-12-09,18,38.52,Quarterly,12,14,3,10,PayPal,1006,100,0,0.3427963363160626,Medium Risk
CUST_001303,2022-12-01,13,20.71,Quarterly,9,12,2,3,ACH,642,63,0,0.39775403290805444,Medium Risk
CUST_001304,2023-07-31,16,20.6,Monthly,9,12,1,3,ACH,424,58,0,0.4172835181987018,Medium Risk
CUST_001305,2024-12-16,9,83.22,Annual,7,10,0,6,ACH,913,70,0,0.49127500390095313,Medium Risk
CUST_001306,2024-02-02,12,25.43,Quarterly,10,5,2,6,ACH,1351,85,0,0.21777003135087022,Low Risk
CUST_001307,2021-11-05,44,82.89,Monthly,10,10,6,3,Credit Card,1539,70,1,0.7130079240249892,Critical Risk
CUST_001308,2026-01-19,38,21.53,Monthly,8,11,1,6,Credit Card,535,74,1,0.790975875741637,Critical Risk
CUST_001309,2023-06-05,19,29.41,Monthly,6,12,1,1,PayPal,1244,48,1,0.8550163544050708,Critical Risk
CUST_001310,2025-10-17,7,41.32,Monthly,10,12,0,1,PayPal,1734,43,1,0.8118828883425142,Critical Risk
CUST_001311,2021-10-06,57,153.41,Annual,7,3,4,5,ACH,1754,87,1,0.5807902092888189,High Risk
CUST_001312,2024-10-01,35,144.22,Monthly,15,9,1,4,Invoice,1211,66,1,0.725868794201664,Critical Risk
CUST_001313,2025-04-07,48,21.59,Monthly,5,6,2,2,Credit Card,526,64,0,0.3512910870759397,Medium Risk
CUST_001314,2023-01-16,18,32.18,Monthly,10,5,0,3,ACH,938,60,1,0.7567398023964459,Critical Risk
CUST_001315,2024-10-26,16,18.09,Annual,5,12,0,1,ACH,1768,43,1,0.900341255164273,Critical Risk
CUST_001316,2022-04-22,55,45.67,Monthly,7,6,4,6,PayPal,782,89,1,0.6875320408484353,High Risk
CUST_001317,2022-03-01,39,40.86,Annual,3,10,3,10,Credit Card,1700,100,1,0.6308689475831522,High Risk
CUST_001318,2023-06-29,4,125.51,Monthly,6,13,1,5,PayPal,1424,67,0,0.32376659250987205,Medium Risk
CUST_001319,2021-10-29,59,142.97,Monthly,8,13,2,10,ACH,1303,97,1,0.7811602705128651,Critical Risk
CUST_001320,2021-09-13,25,34.19,Monthly,5,12,1,6,PayPal,343,73,0,0.5417106301731527,High Risk
CUST_001321,2022-09-28,32,43.84,Monthly,4,7,1,6,PayPal,1501,78,0,0.4553801915787158,Medium Risk
CUST_001322,2025-01-10,40,123.28,Monthly,8,10,3,2,PayPal,1168,65,0,0.3850477830915715,Medium Risk
CUST_001323,2022-11-25,13,92.18,Monthly,8,12,3,8,Invoice,1430,93,1,0.7595766294443494,Critical Risk
CUST_001324,2023-10-23,45,10.18,Quarterly,5,11,3,6,Credit Card,842,84,1,0.825026255038408,Critical Risk
CUST_001325,2025-03-09,17,29.29,Annual,7,8,1,2,PayPal,1138,57,0,0.3885829244009769,Medium Risk
CUST_001326,2025-11-27,49,37.39,Monthly,8,9,1,1,ACH,868,51,1,0.7607529068444718,Critical Risk
CUST_001327,2024-10-30,37,23.05,Monthly,10,7,5,9,Credit Card,435,100,1,0.793510378279866,Critical Risk
CUST_001328,2022-04-29,6,21.13,Quarterly,7,6,2,4,ACH,1422,74,1,0.5741897237089972,High Risk
CUST_001329,2023-04-08,19,11.93,Annual,7,8,1,10,Credit Card,1789,97,0,0.21265092850819947,Low Risk
CUST_001330,2023-07-17,13,61.55,Monthly,2,17,4,8,Credit Card,801,78,0,0.3291669113339824,Medium Risk
CUST_001331,2023-08-10,57,25.23,Annual,8,13,2,2,Credit Card,1260,57,0,0.26267228228321704,Low Risk
CUST_001332,2022-05-29,26,12.69,Annual,8,11,1,9,PayPal,1732,89,1,0.8261421606478193,Critical Risk
CUST_001333,2023-09-25,14,23.13,Annual,8,15,1,8,Invoice,1394,80,1,0.8869691956934628,Critical Risk
CUST_001334,2025-07-18,31,90.95,Monthly,7,14,0,2,Credit Card,1794,46,1,0.8006773550403044,Critical Risk
CUST_001335,2022-11-02,54,105.35,Monthly,4,15,2,9,Invoice,966,90,1,0.8169141611227121,Critical Risk
CUST_001336,2025-10-19,4,42.99,Monthly,7,16,2,8,PayPal,582,84,1,0.808630222383737,Critical Risk
CUST_001337,2024-09-12,39,36.9,Quarterly,9,10,2,2,ACH,966,60,1,0.6449469060531873,High Risk
CUST_001338,2022-02-07,8,200.5,Annual,13,11,3,6,Invoice,697,84,1,0.7615987060272827,Critical Risk
CUST_001339,2024-12-02,25,21.19,Monthly,6,8,2,5,Invoice,532,77,0,0.42582517253208363,Medium Risk
CUST_001340,2021-10-17,13,22.13,Quarterly,8,8,4,2,Credit Card,1736,67,1,0.8081969295734425,Critical Risk
CUST_001341,2023-12-20,32,27.26,Quarterly,10,8,2,8,Invoice,157,92,0,0.2772798001414759,Low Risk
CUST_001342,2023-03-18,59,19.48,Quarterly,3,3,2,1,Credit Card,477,62,1,0.6912033483021418,High Risk
CUST_001343,2024-02-17,38,33.85,Quarterly,7,10,4,8,Invoice,1187,95,0,0.3535621040584986,Medium Risk
CUST_001344,2023-02-05,38,130.86,Quarterly,7,7,3,6,Invoice,924,88,1,0.6965133459019388,High Risk
CUST_001345,2024-02-08,56,57.77,Monthly,14,11,1,9,Credit Card,656,89,0,0.4746726665865911,Medium Risk
CUST_001346,2025-09-17,28,36.55,Quarterly,7,16,2,6,Credit Card,888,74,1,0.6327278878444562,High Risk
CUST_001347,2025-09-29,53,146.22,Quarterly,13,13,1,1,Invoice,1310,47,0,0.2717051725322527,Low Risk
CUST_001348,2023-09-28,30,12.48,Monthly,4,10,2,10,ACH,44,100,0,0.23916016024065168,Low Risk
CUST_001349,2021-08-17,3,21.8,Monthly,5,6,3,5,PayPal,1716,84,1,0.9096803546041161,Critical Risk
CUST_001350,2026-04-18,28,51.72,Quarterly,9,12,1,7,ACH,1454,78,1,0.7152069280288329,Critical Risk
CUST_001351,2023-02-07,3,57.8,Monthly,13,10,1,4,PayPal,1367,65,1,0.6500350208683199,High Risk
CUST_001352,2021-10-04,45,12.02,Quarterly,10,5,1,4,PayPal,1380,70,1,0.6946764179971617,High Risk
CUST_001353,2022-10-26,54,35.8,Monthly,8,6,1,3,Credit Card,1157,64,0,0.4620705032517908,Medium Risk
CUST_001354,2023-02-07,34,62.37,Monthly,7,11,2,8,ACH,541,89,0,0.5075673613230183,High Risk
CUST_001355,2026-03-17,16,69.88,Monthly,5,9,1,5,PayPal,1248,71,0,0.5247065553012646,High Risk
CUST_001356,2025-06-13,22,60.82,Monthly,8,8,1,6,Invoice,1151,77,1,0.603985177662803,High Risk
CUST_001357,2024-01-10,32,29.32,Annual,7,14,5,3,Invoice,1648,66,1,0.7805744567997602,Critical Risk
CUST_001358,2021-08-28,38,14.91,Annual,13,10,3,1,Invoice,315,60,0,0.6934737336887067,High Risk
CUST_001359,2025-12-24,8,37.85,Monthly,10,7,3,8,PayPal,807,98,0,0.36409988223934564,Medium Risk
CUST_001360,2022-05-29,55,16.89,Monthly,5,13,0,8,Credit Card,852,77,1,0.8904300709297388,Critical Risk
CUST_001361,2026-01-28,8,157.47,Monthly,10,11,2,7,Invoice,1735,84,1,0.6909883498758377,High Risk
CUST_001362,2024-08-14,57,42.23,Monthly,13,7,1,7,ACH,793,83,0,0.3393510730767046,Medium Risk
CUST_001363,2024-04-08,6,29.08,Annual,7,13,2,4,Invoice,527,67,0,0.35062394663421836,Medium Risk
CUST_001364,2022-09-25,14,82.69,Monthly,8,12,0,10,Credit Card,772,88,1,0.6853084306741702,High Risk
CUST_001365,2024-02-29,32,44.45,Monthly,4,9,5,6,Invoice,925,86,0,0.4716730488270144,Medium Risk
CUST_001366,2022-10-04,35,28.56,Monthly,9,5,3,6,Invoice,1676,90,1,0.7758535934028129,Critical Risk
CUST_001367,2026-02-23,10,93.56,Monthly,6,12,1,8,PayPal,1263,83,0,0.4956551390965289,Medium Risk
CUST_001368,2021-09-22,3,110.93,Monthly,10,14,4,1,Credit Card,1524,56,1,0.5772968487000556,High Risk
CUST_001369,2026-04-22,59,65.89,Monthly,7,8,3,6,ACH,929,87,1,0.7553776956595007,Critical Risk
CUST_001370,2022-11-02,12,12.41,Quarterly,8,9,2,2,Credit Card,1031,61,0,0.343128451406254,Medium Risk
CUST_001371,2023-12-13,49,51.77,Quarterly,6,12,2,5,ACH,1280,73,1,0.6552834857950901,High Risk
CUST_001372,2024-10-30,59,82.05,Quarterly,8,6,1,9,PayPal,1254,94,1,0.7025923700380982,Critical Risk
CUST_001373,2023-03-02,31,17.34,Monthly,13,13,0,1,PayPal,94,42,1,0.9002631578947369,Critical Risk
CUST_001374,2024-05-21,29,22.98,Monthly,4,9,2,6,ACH,1041,81,1,0.8405779289403701,Critical Risk
CUST_001375,2026-04-10,5,117.06,Annual,8,7,0,9,Invoice,1703,88,1,0.7642080106622647,Critical Risk
CUST_001376,2024-02-08,52,11.02,Annual,2,7,2,5,Credit Card,795,68,1,0.7689203444401268,Critical Risk
CUST_001377,2025-05-22,25,79.86,Quarterly,7,12,1,5,ACH,908,68,1,0.6428253282873924,High Risk
CUST_001378,2025-07-05,41,42.1,Monthly,7,9,0,3,Invoice,1532,56,0,0.4387350413241124,Medium Risk
CUST_001379,2025-05-05,31,39.6,Monthly,8,8,3,2,ACH,1067,67,1,0.686691495225469,High Risk
CUST_001380,2025-04-02,21,10.36,Annual,8,17,4,7,PayPal,1401,83,1,0.8366136922433735,Critical Risk
CUST_001381,2025-09-27,58,95.57,Quarterly,4,13,3,3,Credit Card,140,67,0,0.2980863962697456,Low Risk
CUST_001382,2025-12-13,20,32.3,Quarterly,10,14,0,3,ACH,1601,51,0,0.15929705714833356,Low Risk
CUST_001383,2021-11-05,39,48.91,Annual,10,4,1,2,ACH,1525,61,0,0.6374857002782247,High Risk
CUST_001384,2023-09-18,22,66.55,Quarterly,5,10,1,4,Credit Card,1593,65,0,0.2648981720605493,Low Risk
CUST_001385,2022-12-16,4,70.64,Annual,5,8,1,8,Invoice,856,87,1,0.801873104382383,Critical Risk
CUST_001386,2023-08-22,13,166.16,Quarterly,4,11,2,4,PayPal,1313,69,1,0.7170171887695805,Critical Risk
CUST_001387,2023-08-14,45,47.89,Quarterly,6,7,3,4,PayPal,1003,78,0,0.39185241548094923,Medium Risk
CUST_001388,2021-10-29,42,35.52,Quarterly,7,11,0,10,Credit Card,663,89,0,0.32905984990141796,Medium Risk
CUST_001389,2021-11-05,50,163.63,Monthly,7,17,0,10,Invoice,1634,83,1,0.7556607453647382,Critical Risk
CUST_001390,2024-01-26,49,61.38,Monthly,8,9,1,6,PayPal,1533,76,0,0.46924383690205573,Medium Risk
CUST_001391,2024-06-19,20,27.7,Annual,7,8,2,9,Invoice,1198,97,1,0.5701249087698264,High Risk
CUST_001392,2022-04-10,52,16.76,Monthly,6,8,2,3,PayPal,1429,67,1,0.8839067649083425,Critical Risk
CUST_001393,2023-08-03,13,102.43,Quarterly,9,9,5,7,Credit Card,639,91,1,0.5320473613487355,High Risk
CUST_001394,2025-05-12,17,32.49,Monthly,8,9,1,4,Credit Card,1431,66,1,0.7348798466037103,Critical Risk
CUST_001395,2023-07-30,54,64.01,Monthly,10,8,0,7,Invoice,450,77,0,0.3237181875983056,Medium Risk
CUST_001396,2022-08-24,36,41.82,Annual,7,10,6,4,PayPal,1499,75,1,0.8251641021987473,Critical Risk
CUST_001397,2023-03-03,33,21.09,Monthly,6,9,2,6,PayPal,1527,81,0,0.7269889137367099,Critical Risk
CUST_001398,2023-11-27,1,56.03,Monthly,12,8,1,3,Invoice,1167,62,1,0.816366344711886,Critical Risk
CUST_001399,2025-12-27,15,13.13,Monthly,9,10,0,4,Invoice,1724,60,1,0.8789370430594136,Critical Risk
CUST_001400,2023-03-30,13,36.67,Annual,6,6,2,5,Invoice,249,79,1,0.5953421749050171,High Risk
CUST_001401,2023-07-29,17,49.55,Monthly,7,12,2,7,ACH,794,83,1,0.7553467345260049,Critical Risk
CUST_001402,2024-09-06,24,38.64,Quarterly,8,10,7,1,PayPal,441,60,1,0.5457365176394271,High Risk
CUST_001403,2022-07-01,58,79.05,Monthly,6,12,2,8,Invoice,1018,88,1,0.6483257962649592,High Risk
CUST_001404,2023-07-24,8,97.99,Quarterly,6,12,0,6,Invoice,210,68,0,0.29023260245753585,Low Risk
CUST_001405,2026-03-13,50,83.75,Monthly,13,9,2,8,Invoice,833,91,1,0.7522192761312725,Critical Risk
CUST_001406,2023-06-15,27,11.98,Monthly,5,13,1,8,ACH,183,82,1,0.8417850818252482,Critical Risk
CUST_001407,2022-04-08,45,20.79,Monthly,6,14,3,9,Invoice,1139,96,0,0.33467083939724795,Medium Risk
CUST_001408,2022-09-21,23,48.46,Monthly,6,11,3,4,Credit Card,256,74,1,0.7767531174586141,Critical Risk
CUST_001409,2022-09-20,46,146.53,Annual,8,12,2,3,ACH,57,63,1,0.7120950212267781,Critical Risk
CUST_001410,2021-07-18,8,100.08,Monthly,8,10,1,1,Invoice,1673,50,1,0.4689981999314448,Medium Risk
CUST_001411,2024-03-15,8,102.43,Monthly,10,10,3,9,PayPal,1437,100,1,0.7963736759340557,Critical Risk
CUST_001412,2022-06-02,59,28.06,Annual,15,4,1,2,Invoice,1587,61,1,0.7580916695792524,Critical Risk
CUST_001413,2021-06-05,26,38.06,Monthly,6,9,2,9,ACH,975,96,1,0.7236608915211333,Critical Risk
CUST_001414,2024-02-09,47,41.81,Monthly,5,7,4,10,Invoice,1391,100,0,0.5132932624435624,High Risk
CUST_001415,2021-11-08,59,18.56,Annual,11,8,1,8,Invoice,1426,87,1,0.9132850550549284,Critical Risk
CUST_001416,2022-06-04,13,11.58,Quarterly,6,10,1,9,PayPal,98,90,1,0.4761170407151047,Medium Risk
CUST_001417,2022-08-02,39,156.78,Monthly,10,11,1,2,PayPal,1306,54,0,0.4078978168766815,Medium Risk
CUST_001418,2021-10-30,37,23.77,Monthly,6,17,4,7,PayPal,1018,83,1,0.8754605062023749,Critical Risk
CUST_001419,2025-03-09,49,23.72,Quarterly,6,5,1,7,Invoice,1576,85,0,0.37912160769027287,Medium Risk
CUST_001420,2023-01-13,28,14.35,Monthly,7,15,0,3,Credit Card,245,50,1,0.9132041186536823,Critical Risk
CUST_001421,2023-08-24,25,141.91,Quarterly,8,10,2,4,ACH,1496,70,0,0.5550232932965743,High Risk
CUST_001422,2024-01-29,16,53.34,Monthly,8,8,4,10,ACH,1226,100,1,0.5913349381308196,High Risk
CUST_001423,2023-07-13,55,64.99,Quarterly,7,11,2,9,ACH,822,94,0,0.42905210174691033,Medium Risk
CUST_001424,2024-10-13,2,131.28,Monthly,10,7,0,1,ACH,557,48,1,0.785242513611615,Critical Risk
CUST_001425,2025-04-27,54,31.2,Quarterly,6,8,0,3,PayPal,665,57,1,0.6570023802618556,High Risk
CUST_001426,2023-10-10,18,58.58,Monthly,9,6,2,7,ACH,723,89,1,0.5524789716913666,High Risk
CUST_001427,2024-07-11,17,11.98,Annual,10,11,2,2,ACH,1044,59,0,0.6061309568126937,High Risk
CUST_001428,2022-05-09,30,20.34,Monthly,13,10,2,3,Credit Card,1048,65,0,0.6374176769896033,High Risk
CUST_001429,2023-09-07,39,98.97,Monthly,7,9,3,4,Invoice,1216,76,1,0.6805668675056489,High Risk
CUST_001430,2022-09-08,13,82.79,Annual,9,15,2,1,Invoice,1705,50,1,0.6707089196115752,High Risk
CUST_001431,2023-02-27,32,31.59,Annual,8,13,3,9,Invoice,789,97,0,0.3512316301335463,Medium Risk
CUST_001432,2025-10-13,50,33.65,Quarterly,10,7,6,9,Credit Card,1244,100,1,0.8344265646186768,Critical Risk
CUST_001433,2022-05-04,29,48.13,Monthly,6,9,4,3,ACH,545,71,0,0.4764457338718657,Medium Risk
CUST_001434,2025-06-24,46,10.01,Quarterly,12,11,2,5,Credit Card,1601,74,0,0.247689393939394,Low Risk
CUST_001435,2026-01-06,30,23.8,Monthly,11,6,1,2,Credit Card,1018,59,0,0.3409871654866635,Medium Risk
CUST_001436,2021-09-16,18,21.67,Quarterly,6,17,2,8,Credit Card,1391,83,0,0.36885253461031925,Medium Risk
CUST_001437,2023-10-09,13,24.42,Quarterly,8,14,1,5,PayPal,1542,66,1,0.788735882195312,Critical Risk
CUST_001438,2024-10-05,43,91.97,Monthly,8,7,0,2,Credit Card,1402,53,1,0.8017130773544641,Critical Risk
CUST_001439,2025-09-01,21,26.4,Quarterly,5,10,2,6,Credit Card,934,80,0,0.34572747118769187,Medium Risk
CUST_001440,2024-11-12,30,20.63,Quarterly,7,9,4,6,ACH,1255,86,0,0.3125305517435946,Medium Risk
CUST_001441,2021-11-19,21,45.09,Monthly,10,11,2,5,ACH,295,74,1,0.7590061552514804,Critical Risk
CUST_001442,2026-02-17,48,110.36,Annual,5,13,2,6,PayPal,1746,77,0,0.3714470869838458,Medium Risk
CUST_001443,2025-04-12,55,23.81,Monthly,10,10,1,8,Credit Card,1573,85,1,0.8832562970162415,Critical Risk
CUST_001444,2022-12-16,17,14.09,Quarterly,6,8,2,5,ACH,1816,77,0,0.2654071902741451,Low Risk
CUST_001445,2025-01-13,40,32.03,Monthly,8,13,4,1,Invoice,661,57,0,0.3981545917489084,Medium Risk
CUST_001446,2025-03-11,19,78.85,Monthly,6,14,1,2,Invoice,1368,51,0,0.41438209869642106,Medium Risk
CUST_001447,2025-05-21,52,50.0,Monthly,10,10,6,9,Invoice,1309,100,1,0.8084936355411917,Critical Risk
CUST_001448,2022-01-31,15,94.86,Annual,5,12,3,8,PayPal,270,93,0,0.4722421212451034,Medium Risk
CUST_001449,2024-08-01,9,170.44,Quarterly,10,15,4,4,ACH,432,70,1,0.804348034260766,Critical Risk
CUST_001450,2023-10-07,52,88.67,Quarterly,12,10,3,1,ACH,1737,60,1,0.7434714989899929,Critical Risk
CUST_001451,2023-09-21,10,56.29,Monthly,7,16,1,8,Credit Card,841,79,1,0.7798952334909438,Critical Risk
CUST_001452,2023-12-09,44,44.0,Monthly,10,7,2,1,Invoice,831,58,1,0.7005577732184628,Critical Risk
CUST_001453,2024-03-31,31,12.04,Annual,9,8,2,9,Invoice,850,97,1,0.8504350080937024,Critical Risk
CUST_001454,2023-01-16,53,217.77,Annual,8,15,3,10,ACH,800,100,0,0.2086676167821563,Low Risk
CUST_001455,2023-01-13,23,34.18,Monthly,5,13,1,9,Credit Card,628,87,1,0.784466914841852,Critical Risk
CUST_001456,2024-07-08,52,18.26,Monthly,10,11,2,5,Credit Card,268,74,0,0.3672050469386803,Medium Risk
CUST_001457,2026-04-08,30,64.94,Annual,9,10,3,3,Invoice,1311,70,0,0.3719521451150045,Medium Risk
CUST_001458,2023-01-15,33,26.72,Monthly,11,13,4,1,ACH,1241,57,1,0.754025455297837,Critical Risk
CUST_001459,2024-05-23,57,54.07,Annual,12,11,2,2,PayPal,971,59,0,0.3435000875950545,Medium Risk
CUST_001460,2022-02-28,52,54.19,Annual,11,7,2,5,ACH,44,78,1,0.7347997364271173,Critical Risk
CUST_001461,2023-02-03,9,39.51,Quarterly,3,12,0,2,PayPal,1152,48,1,0.7835549427869166,Critical Risk
CUST_001462,2025-11-07,54,100.43,Annual,9,9,2,6,Invoice,1421,81,0,0.3726480277618674,Medium Risk
CUST_001463,2025-07-22,47,25.39,Monthly,6,11,3,3,ACH,152,69,0,0.3863114627831123,Medium Risk
CUST_001464,2026-03-01,1,39.77,Quarterly,11,7,2,7,Invoice,413,88,1,0.8587416582826157,Critical Risk
CUST_001465,2023-08-04,44,48.58,Annual,6,13,2,10,Credit Card,292,97,1,0.6116976660988042,High Risk
CUST_001466,2024-07-10,35,64.48,Monthly,7,7,4,10,Invoice,1242,100,1,0.7920860991503467,Critical Risk
CUST_001467,2024-07-06,11,86.62,Annual,9,10,1,9,PayPal,320,90,0,0.37103460375874675,Medium Risk
CUST_001468,2025-11-28,34,35.11,Monthly,9,6,1,1,Invoice,1634,54,0,0.2874149106230835,Low Risk
CUST_001469,2022-04-01,16,61.93,Quarterly,8,11,0,3,Invoice,1230,54,0,0.5452569452942656,High Risk
CUST_001470,2023-05-26,9,18.16,Monthly,6,8,0,10,ACH,1055,92,1,0.6357483493830308,High Risk
CUST_001471,2023-09-09,32,144.89,Annual,6,12,1,4,ACH,191,63,0,0.339305718703025,Medium Risk
CUST_001472,2024-01-05,15,34.15,Monthly,7,12,2,6,Invoice,521,78,1,0.6215328112494132,High Risk
CUST_001473,2023-04-21,12,75.38,Monthly,6,13,2,3,Credit Card,1675,62,1,0.7855069944426514,Critical Risk
CUST_001474,2022-07-18,33,11.03,Quarterly,8,7,3,4,ACH,733,78,0,0.3364266260736281,Medium Risk
CUST_001475,2024-06-13,45,21.48,Quarterly,8,14,0,10,Credit Card,576,86,1,0.8467714682978601,Critical Risk
CUST_001476,2025-12-06,14,43.38,Monthly,10,16,4,5,PayPal,639,74,0,0.3235492656692533,Medium Risk
CUST_001477,2021-10-22,57,115.29,Monthly,11,16,1,4,ACH,1003,59,0,0.30443720242801137,Medium Risk
CUST_001478,2025-05-26,57,47.46,Monthly,5,8,1,3,Invoice,960,62,1,0.7012294383977254,Critical Risk
CUST_001479,2025-01-12,8,142.87,Annual,7,6,3,7,ACH,770,94,0,0.28957887546054445,Low Risk
CUST_001480,2023-05-12,8,43.06,Annual,7,13,1,8,Credit Card,329,82,0,0.528072544793992,High Risk
CUST_001481,2021-08-12,27,43.71,Annual,6,8,1,2,Invoice,263,57,0,0.3343056207290035,Medium Risk
CUST_001482,2022-07-19,12,16.38,Annual,10,14,3,10,Invoice,1188,100,1,0.9110738165184668,Critical Risk
CUST_001483,2024-10-19,1,91.14,Quarterly,9,7,0,6,Credit Card,1348,73,1,0.8412917307885163,Critical Risk
CUST_001484,2025-06-10,43,24.18,Monthly,13,11,3,9,ACH,1394,99,1,0.8563715802124632,Critical Risk
CUST_001485,2021-06-05,40,124.94,Monthly,5,13,5,1,PayPal,1772,57,1,0.5613114968364432,High Risk
CUST_001486,2021-07-08,42,130.86,Annual,6,11,4,8,Invoice,534,94,0,0.32987271514544986,Medium Risk
CUST_001487,2023-02-23,51,153.51,Quarterly,7,5,5,6,Invoice,938,90,1,0.5601167923545826,High Risk
CUST_001488,2023-08-17,11,46.72,Annual,18,9,5,4,Credit Card,1009,76,0,0.3211283958660539,Medium Risk
CUST_001489,2025-09-30,39,66.52,Annual,7,7,0,6,Invoice,272,73,1,0.7129611312108689,Critical Risk
CUST_001490,2025-02-22,43,85.37,Annual,9,9,2,10,Invoice,1151,100,1,0.6794029107326929,High Risk
CUST_001491,2023-09-24,31,17.02,Quarterly,9,8,3,9,PayPal,887,100,0,0.3822652676354039,Medium Risk
CUST_001492,2024-05-10,17,55.93,Monthly,5,9,5,5,Invoice,289,81,1,0.7808080051644611,Critical Risk
CUST_001493,2022-08-30,33,11.74,Monthly,4,8,1,5,PayPal,113,72,0,0.4108784666757736,Medium Risk
CUST_001494,2026-04-01,32,44.41,Quarterly,9,11,2,3,Invoice,560,64,1,0.6306582338135913,High Risk
CUST_001495,2024-07-02,58,18.41,Quarterly,8,8,2,9,PayPal,1174,97,0,0.19218554140005245,Low Risk
CUST_001496,2025-07-22,29,20.1,Monthly,1,12,2,3,Credit Card,828,43,0,0.3052983705490176,Medium Risk
CUST_001497,2022-09-12,21,32.71,Monthly,7,3,2,5,Credit Card,752,82,1,0.7728650161408936,Critical Risk
CUST_001498,2025-02-28,21,38.32,Monthly,5,10,2,1,PayPal,788,55,0,0.6832457877114745,High Risk
CUST_001499,2022-03-24,40,58.8,Monthly,7,7,2,10,Credit Card,72,100,1,0.8231882993254253,Critical Risk
CUST_001500,2025-07-21,23,13.87,Quarterly,9,10,3,7,ACH,93,90,0,0.2736918860312039,Low Risk
CUST_001501,2023-02-20,56,45.03,Monthly,7,8,3,8,PayPal,795,97,0,0.5020093749539342,High Risk
CUST_001502,2022-05-16,6,20.08,Quarterly,4,10,3,8,Invoice,799,95,0,0.33536979006168394,Medium Risk
CUST_001503,2023-06-25,22,52.66,Monthly,7,13,5,10,Invoice,1015,100,1,0.7265872765923612,Critical Risk
CUST_001504,2026-04-15,50,60.72,Annual,2,10,3,1,Invoice,366,50,0,0.236853464756127,Low Risk
CUST_001505,2024-03-25,38,50.68,Monthly,7,15,3,10,ACH,1653,100,0,0.27832105545271835,Low Risk
CUST_001506,2024-09-20,37,77.03,Annual,8,7,3,10,Credit Card,873,100,1,0.6463353531202474,High Risk
CUST_001507,2022-07-08,45,30.44,Annual,6,3,0,10,ACH,1797,97,1,0.44304019945102524,Medium Risk
CUST_001508,2023-01-20,51,82.43,Annual,7,10,4,1,PayPal,753,60,0,0.3431467343364727,Medium Risk
CUST_001509,2023-07-28,54,38.35,Monthly,3,7,2,7,ACH,864,88,1,0.827617810196325,Critical Risk
CUST_001510,2025-10-21,8,43.1,Monthly,8,9,2,1,Credit Card,1324,56,1,0.8697581150544539,Critical Risk
CUST_001511,2024-12-17,41,62.22,Monthly,7,9,2,5,ACH,72,76,1,0.6916487419330904,High Risk
CUST_001512,2023-08-19,49,10.93,Monthly,7,12,3,4,Invoice,1127,73,1,0.7961380213587869,Critical Risk
CUST_001513,2023-03-23,35,63.06,Annual,10,10,2,3,Invoice,1692,65,0,0.2538311892481261,Low Risk
CUST_001514,2026-01-09,51,58.19,Annual,6,17,2,1,Invoice,561,48,0,0.5981543263635457,High Risk
CUST_001515,2022-12-04,11,28.54,Annual,6,10,0,8,Invoice,564,80,1,0.6865226394898649,High Risk
CUST_001516,2021-09-04,24,14.48,Annual,9,9,4,3,Invoice,1510,71,0,0.43183167220427515,Medium Risk
CUST_001517,2023-09-29,49,14.77,Monthly,4,13,0,10,Invoice,1668,87,1,0.9140424627052804,Critical Risk
CUST_001518,2024-01-23,21,138.34,Monthly,5,13,0,4,PayPal,1627,57,1,0.7995862973860344,Critical Risk
CUST_001519,2021-10-08,51,68.44,Monthly,6,12,3,4,ACH,528,73,1,0.5901625619902263,High Risk
CUST_001520,2022-10-23,2,16.8,Quarterly,13,15,1,1,Credit Card,603,45,1,0.9207777777777778,Critical Risk
CUST_001521,2023-10-21,40,32.06,Annual,6,12,2,1,Invoice,1383,53,1,0.6436322122364302,High Risk
CUST_001522,2026-03-09,19,54.88,Monthly,9,5,3,4,Credit Card,466,80,1,0.7400004953548348,Critical Risk
CUST_001523,2021-10-09,39,100.26,Monthly,2,10,3,6,ACH,346,75,0,0.39012812826158866,Medium Risk
CUST_001524,2024-02-23,28,12.23,Quarterly,5,11,3,6,Invoice,594,84,1,0.7809431491745561,Critical Risk
CUST_001525,2024-03-16,59,23.5,Annual,8,5,3,4,PayPal,1042,80,1,0.7889163485985116,Critical Risk
CUST_001526,2022-04-12,17,120.25,Annual,4,13,1,6,ACH,1696,72,0,0.3367083158017652,Medium Risk
CUST_001527,2025-11-22,6,10.46,Monthly,9,11,3,2,PayPal,1449,64,1,0.6820768022665277,High Risk
CUST_001528,2022-06-29,19,21.24,Monthly,6,11,0,4,ACH,1689,59,1,0.878879936019884,Critical Risk
CUST_001529,2026-02-05,56,169.74,Quarterly,9,7,0,4,Invoice,561,63,1,0.6593804942310498,High Risk
CUST_001530,2026-03-09,38,57.52,Annual,4,14,3,10,Credit Card,566,100,0,0.49384753654422925,Medium Risk
CUST_001531,2022-03-25,28,25.17,Monthly,5,6,1,5,PayPal,1081,74,1,0.6951939963059764,High Risk
CUST_001532,2023-01-17,2,13.47,Quarterly,3,4,3,1,PayPal,557,66,0,0.30963945578231294,Medium Risk
CUST_001533,2022-06-18,38,11.43,Annual,9,6,1,3,PayPal,976,64,1,0.5588230370044305,High Risk
CUST_001534,2022-07-30,55,24.03,Monthly,9,8,2,3,Credit Card,1042,67,1,0.7442561122108816,Critical Risk
CUST_001535,2023-07-06,37,116.64,Monthly,7,5,3,4,Credit Card,1221,80,0,0.4011947488180409,Medium Risk
CUST_001536,2024-01-21,51,36.89,Monthly,9,12,1,3,Credit Card,818,58,1,0.621259332687613,High Risk
CUST_001537,2025-06-24,52,73.71,Monthly,16,10,1,6,ACH,612,75,0,0.39841551015457627,Medium Risk
CUST_001538,2024-04-04,4,135.23,Annual,11,11,1,2,ACH,873,54,1,0.8015037175020838,Critical Risk
CUST_001539,2025-02-14,22,36.22,Monthly,8,11,1,5,ACH,1037,69,1,0.7134277249187231,Critical Risk
CUST_001540,2021-06-07,26,20.61,Quarterly,10,9,2,6,PayPal,391,81,0,0.31740034433421344,Medium Risk
CUST_001541,2025-06-09,49,46.4,Quarterly,7,12,2,9,Invoice,1792,93,0,0.3479024942740861,Medium Risk
CUST_001542,2023-05-21,43,129.34,Monthly,11,10,2,10,PayPal,879,100,1,0.8065839884241117,Critical Risk
CUST_001543,2024-04-02,36,91.58,Monthly,6,10,1,1,PayPal,1263,50,1,0.8104101972821773,Critical Risk
CUST_001544,2022-11-17,58,13.4,Quarterly,8,14,2,3,Invoice,424,61,1,0.7552495051394686,Critical Risk
CUST_001545,2022-11-27,13,68.98,Annual,5,10,6,7,Invoice,1725,90,1,0.7639481062998971,Critical Risk
CUST_001546,2024-10-01,52,52.42,Annual,12,12,3,8,PayPal,1816,93,0,0.2665866881719804,Low Risk
CUST_001547,2023-05-24,58,129.01,Monthly,8,7,4,5,Invoice,918,83,0,0.320999343888223,Medium Risk
CUST_001548,2021-11-12,32,16.53,Monthly,12,14,3,9,Invoice,541,96,1,0.7685282088321695,Critical Risk
CUST_001549,2021-11-17,17,48.18,Annual,7,6,3,10,Invoice,1662,100,0,0.251738976679431,Low Risk
CUST_001550,2023-07-31,41,115.79,Quarterly,7,9,0,8,Credit Card,1482,81,0,0.3067834788692066,Medium Risk
CUST_001551,2022-10-23,36,36.38,Monthly,9,8,0,1,PayPal,766,47,0,0.365909041859252,Medium Risk
CUST_001552,2022-05-22,55,42.89,Quarterly,11,14,5,1,ACH,303,56,0,0.5053039389716416,High Risk
CUST_001553,2026-01-27,46,13.65,Monthly,8,5,2,8,ACH,1267,95,1,0.8005897801503146,Critical Risk
CUST_001554,2023-04-17,19,26.3,Quarterly,16,13,3,9,Credit Card,675,97,1,0.8473200772218807,Critical Risk
CUST_001555,2023-04-27,58,29.62,Annual,13,19,2,9,Invoice,216,86,1,0.8514894149967681,Critical Risk
CUST_001556,2022-09-29,35,155.13,Monthly,6,16,1,6,Invoice,499,69,0,0.374018076701467,Medium Risk
CUST_001557,2023-03-16,46,26.61,Annual,5,11,4,7,PayPal,1315,89,1,0.7482336604537686,Critical Risk
CUST_001558,2024-02-09,40,40.89,Monthly,7,5,3,5,Credit Card,643,85,1,0.7718638737066223,Critical Risk
CUST_001559,2024-12-28,56,65.63,Monthly,13,12,4,10,Invoice,379,100,1,0.7767998591247612,Critical Risk
CUST_001560,2025-02-05,59,18.85,Monthly,9,14,1,4,Credit Card,277,61,0,0.24000901856840312,Low Risk
CUST_001561,2022-03-01,28,43.32,Monthly,9,9,2,8,ACH,986,91,1,0.7798761068940712,Critical Risk
CUST_001562,2025-11-19,1,77.07,Monthly,10,9,1,3,Credit Card,1427,61,1,0.7803258177241976,Critical Risk
CUST_001563,2025-11-02,42,110.82,Annual,9,17,2,7,Credit Card,1558,78,1,0.6993507566804628,High Risk
CUST_001564,2025-01-19,18,59.21,Annual,9,13,4,6,Invoice,1339,82,1,0.7532405049925417,Critical Risk
CUST_001565,2023-11-05,48,65.29,Monthly,8,14,4,10,ACH,459,100,0,0.3208125345081145,Medium Risk
CUST_001566,2024-04-28,40,16.75,Quarterly,10,9,4,8,ACH,1547,96,0,0.6361770635521746,High Risk
CUST_001567,2024-01-31,33,155.73,Annual,4,8,2,6,PayPal,1021,82,0,0.4129279429586514,Medium Risk
CUST_001568,2023-10-02,12,17.11,Quarterly,8,8,2,2,ACH,1009,62,0,0.4230187267395506,Medium Risk
CUST_001569,2026-04-26,8,84.51,Annual,8,8,1,5,Credit Card,1454,72,0,0.3646956690754804,Medium Risk
CUST_001570,2025-06-07,24,25.38,Monthly,4,11,2,4,Invoice,250,69,1,0.770229035375078,Critical Risk
CUST_001571,2024-03-19,16,145.6,Monthly,4,10,1,3,Invoice,1512,60,0,0.44798477582844676,Medium Risk
CUST_001572,2021-09-09,50,73.64,Annual,5,16,0,6,Invoice,399,64,0,0.4796629622560778,Medium Risk
CUST_001573,2025-12-03,4,80.08,Monthly,6,9,2,5,Invoice,1544,76,1,0.5730709178082187,High Risk
CUST_001574,2023-04-20,38,22.36,Monthly,9,8,4,3,Invoice,1649,72,1,0.8074782685434659,Critical Risk
CUST_001575,2025-12-07,44,39.26,Monthly,6,9,1,6,ACH,646,76,1,0.6908701584305015,High Risk
CUST_001576,2021-10-28,27,58.09,Monthly,9,9,2,4,Credit Card,1563,71,0,0.4167968222518976,Medium Risk
CUST_001577,2022-06-28,9,83.48,Monthly,10,12,0,7,Invoice,241,73,0,0.3343851602087218,Medium Risk
CUST_001578,2023-10-31,47,15.49,Monthly,7,12,1,1,ACH,1317,48,1,0.8986824695057248,Critical Risk
CUST_001579,2022-01-12,16,173.99,Monthly,10,12,1,3,PayPal,207,58,1,0.4551997466244054,Medium Risk
CUST_001580,2022-10-02,56,120.46,Annual,8,15,1,5,PayPal,174,65,0,0.306180356931775,Medium Risk
CUST_001581,2024-06-02,12,25.76,Annual,11,10,4,2,Invoice,1495,65,1,0.7669452481591149,Critical Risk
CUST_001582,2026-02-10,31,96.51,Monthly,5,4,0,9,Credit Card,1001,91,0,0.42014118255837823,Medium Risk
CUST_001583,2024-12-05,24,46.52,Monthly,7,18,2,10,PayPal,637,92,1,0.8274387635567383,Critical Risk
CUST_001584,2024-02-08,55,40.98,Monthly,3,11,1,1,Credit Card,1523,49,1,0.8885978639101272,Critical Risk
CUST_001585,2024-05-24,14,28.88,Monthly,4,12,4,4,ACH,568,73,1,0.49530963680477763,Medium Risk
CUST_001586,2022-02-06,45,53.49,Monthly,8,10,1,4,PayPal,1111,65,1,0.6385882566692829,High Risk
CUST_001587,2024-04-17,25,75.45,Monthly,8,6,2,2,ACH,1154,64,1,0.6717730626882569,High Risk
CUST_001588,2023-07-15,34,36.46,Annual,6,9,0,10,ACH,976,91,0,0.2051047555347856,Low Risk
CUST_001589,2022-06-23,3,59.61,Annual,8,9,1,1,Credit Card,716,51,1,0.8277649927617157,Critical Risk
CUST_001590,2024-05-26,58,70.08,Monthly,12,9,3,1,Invoice,1110,61,0,0.31415634149534943,Medium Risk
CUST_001591,2025-01-17,24,72.09,Monthly,9,10,2,10,Credit Card,847,100,0,0.6346020092246539,High Risk
CUST_001592,2023-03-17,54,12.67,Annual,10,9,3,10,PayPal,375,100,0,0.6618226868142881,High Risk
CUST_001593,2025-04-02,42,108.22,Quarterly,3,12,1,5,Invoice,1724,68,1,0.5614846876753564,High Risk
CUST_001594,2022-01-28,9,40.65,Annual,12,10,3,10,Invoice,1338,100,0,0.5610945461005807,High Risk
CUST_001595,2025-08-15,26,25.22,Annual,8,14,1,1,ACH,1788,46,1,0.7976661403233369,Critical Risk
CUST_001596,2024-02-18,20,23.84,Monthly,6,8,6,4,ACH,309,77,1,0.8570626015909264,Critical Risk
CUST_001597,2023-10-12,40,42.99,Monthly,8,10,1,4,ACH,1244,65,1,0.7603071395112725,Critical Risk
CUST_001598,2022-10-31,10,118.94,Quarterly,12,14,1,4,PayPal,353,61,0,0.4087611271095924,Medium Risk
CUST_001599,2021-07-10,19,33.77,Monthly,9,8,3,5,Invoice,1547,82,1,0.6112173427438025,High Risk
CUST_001600,2023-11-10,3,79.26,Quarterly,3,8,1,2,ACH,491,57,1,0.6099409667925015,High Risk
CUST_001601,2022-11-30,24,15.09,Annual,4,10,3,3,ACH,106,70,0,0.3375989446271057,Medium Risk
CUST_001602,2023-05-22,5,42.32,Annual,6,7,1,7,ACH,436,83,1,0.6881117698857904,High Risk
CUST_001603,2023-10-06,3,249.49,Monthly,8,13,3,10,ACH,810,100,0,0.3524779009214511,Medium Risk
CUST_001604,2022-03-01,58,83.58,Annual,5,6,3,9,Invoice,1049,100,0,0.6485945366583995,High Risk
CUST_001605,2022-02-23,27,21.82,Monthly,13,12,2,5,PayPal,158,73,1,0.7870786680271797,Critical Risk
CUST_001606,2023-12-31,16,44.8,Monthly,8,10,2,5,Invoice,279,75,0,0.5874250532313889,High Risk
CUST_001607,2022-07-15,49,23.3,Monthly,3,5,1,9,Invoice,220,95,1,0.820472292533096,Critical Risk
CUST_001608,2022-10-07,15,36.34,Quarterly,14,11,3,8,PayPal,56,94,0,0.525921730729971,High Risk
CUST_001609,2024-09-17,35,85.73,Annual,7,4,0,8,Invoice,878,86,1,0.7593183545460711,Critical Risk
CUST_001610,2024-05-19,12,83.75,Monthly,7,13,3,5,Invoice,1734,77,1,0.6494868363861492,High Risk
CUST_001611,2023-02-06,41,22.95,Monthly,15,14,2,4,ACH,422,66,1,0.631068124172005,High Risk
CUST_001612,2024-08-09,53,137.7,Annual,7,8,4,3,Invoice,56,72,0,0.5601596597234696,High Risk
CUST_001613,2026-03-05,44,54.89,Annual,5,10,1,10,ACH,375,95,0,0.2092420267628979,Low Risk
CUST_001614,2021-07-17,26,33.9,Annual,7,8,1,10,PayPal,1422,97,0,0.2812030967436832,Low Risk
CUST_001615,2025-12-26,47,44.85,Annual,8,6,3,4,PayPal,1416,79,1,0.5336390148933007,High Risk
CUST_001616,2024-04-27,34,56.45,Monthly,11,12,3,3,PayPal,1099,68,0,0.3731243578320568,Medium Risk
CUST_001617,2024-05-12,23,51.04,Annual,9,9,3,6,Credit Card,1485,86,1,0.7003166310905253,Critical Risk
CUST_001618,2023-03-21,31,43.32,Monthly,9,12,3,3,Invoice,865,68,0,0.44220759244042346,Medium Risk
CUST_001619,2022-12-17,50,45.15,Quarterly,8,10,3,3,PayPal,1479,70,1,0.70833046908103,Critical Risk
CUST_001620,2024-11-23,20,19.7,Annual,6,11,2,1,PayPal,266,54,0,0.2486454830028082,Low Risk
CUST_001621,2024-11-28,12,93.76,Monthly,14,10,3,9,Invoice,728,100,1,0.7553323976895527,Critical Risk
CUST_001622,2024-10-28,23,49.02,Monthly,10,8,2,5,Invoice,1256,77,0,0.5145821299328518,High Risk
CUST_001623,2025-09-08,4,17.03,Quarterly,7,11,2,10,PayPal,1627,99,0,0.3349353535353535,Medium Risk
CUST_001624,2022-10-06,23,82.66,Monthly,7,12,3,1,ACH,801,58,1,0.74029364172556,Critical Risk
CUST_001625,2022-07-20,48,144.74,Monthly,7,17,2,4,PayPal,1624,63,1,0.7295115822357023,Critical Risk
CUST_001626,2022-12-25,55,157.16,Annual,13,5,2,3,Invoice,959,70,1,0.7369549344523446,Critical Risk
CUST_001627,2021-06-16,48,33.02,Monthly,10,12,1,7,ACH,418,78,1,0.6844999714345115,High Risk
CUST_001628,2022-10-09,1,17.28,Annual,3,3,1,6,ACH,1048,82,1,0.8797887542817122,Critical Risk
CUST_001629,2022-11-21,54,46.53,Monthly,13,7,1,8,ACH,1085,88,1,0.726785419275067,Critical Risk
CUST_001630,2024-12-25,25,15.97,Annual,7,9,0,8,ACH,877,81,1,0.8037479895089329,Critical Risk
CUST_001631,2026-04-29,2,145.9,Monthly,14,8,0,8,PayPal,1657,82,1,0.9330505294255294,Critical Risk
CUST_001632,2024-07-06,30,20.14,Monthly,5,12,0,5,Credit Card,1631,63,1,0.880762175957414,Critical Risk
CUST_001633,2025-02-15,3,24.57,Quarterly,6,10,0,3,Invoice,320,55,0,0.23452939918372548,Low Risk
CUST_001634,2026-04-04,58,36.1,Annual,13,9,0,4,ACH,805,61,0,0.2379952100620788,Low Risk
CUST_001635,2023-03-27,21,34.16,Monthly,6,10,0,7,Invoice,598,75,0,0.46006715114590685,Medium Risk
CUST_001636,2024-08-31,25,89.16,Monthly,5,11,4,8,PayPal,1052,94,1,0.7871857939391181,Critical Risk
CUST_001637,2021-07-17,20,40.47,Annual,9,17,0,9,PayPal,705,78,1,0.8300084117654244,Critical Risk
CUST_001638,2024-02-18,49,19.36,Annual,9,9,1,5,Invoice,694,71,1,0.8025799777856222,Critical Risk
CUST_001639,2026-02-17,52,25.54,Quarterly,9,11,4,10,Credit Card,732,100,1,0.7216092568565358,Critical Risk
CUST_001640,2024-01-16,22,45.58,Quarterly,8,10,3,4,Invoice,1807,75,1,0.6754361347117306,High Risk
CUST_001641,2023-02-18,21,17.98,Annual,7,12,3,7,Credit Card,605,88,1,0.8059790224173898,Critical Risk
CUST_001642,2025-12-26,33,57.29,Monthly,9,12,1,10,ACH,247,93,1,0.587795381238634,High Risk
CUST_001643,2026-03-22,52,51.71,Monthly,6,8,2,4,Credit Card,1730,72,1,0.68558403155788,High Risk
CUST_001644,2022-07-23,38,72.71,Annual,6,13,2,3,Credit Card,1138,62,1,0.5991733151435548,High Risk
CUST_001645,2026-03-23,15,148.79,Monthly,5,11,3,4,ACH,930,74,1,0.7672599483572432,Critical Risk
CUST_001646,2023-10-12,58,131.67,Monthly,7,11,2,8,PayPal,693,89,0,0.5574887832533247,High Risk
CUST_001647,2026-03-30,58,156.01,Monthly,7,6,4,8,Credit Card,1759,99,1,0.7167296325007523,Critical Risk
CUST_001648,2023-06-27,46,24.03,Monthly,10,9,0,6,Credit Card,1271,71,0,0.5039319212685424,High Risk
CUST_001649,2021-09-05,52,17.05,Monthly,7,9,0,8,PayPal,1254,81,1,0.6420600993258795,High Risk
CUST_001650,2023-02-11,15,28.0,Monthly,8,9,2,4,Invoice,1101,71,1,0.6935944394635236,High Risk
CUST_001651,2023-08-09,46,122.73,Annual,9,7,2,3,Credit Card,786,68,0,0.33324038431906816,Medium Risk
CUST_001652,2022-07-01,25,188.87,Monthly,5,11,1,7,ACH,955,79,1,0.765134356805868,Critical Risk
CUST_001653,2024-09-22,21,108.07,Monthly,13,12,1,6,PayPal,1302,73,0,0.4374524027670465,Medium Risk
CUST_001654,2021-11-22,24,15.83,Monthly,10,14,1,6,Credit Card,530,71,1,0.7816234885084534,Critical Risk
CUST_001655,2021-10-23,57,157.28,Annual,12,13,3,2,Credit Card,1153,62,0,0.424905412626698,Medium Risk
CUST_001656,2025-05-26,58,37.53,Monthly,4,7,1,2,Invoice,732,58,1,0.6134203414153415,High Risk
CUST_001657,2026-04-06,5,10.47,Annual,9,13,0,10,Invoice,765,87,1,0.9084761904761903,Critical Risk
CUST_001658,2022-09-30,6,39.21,Quarterly,8,9,2,5,ACH,1622,76,1,0.7850776510307275,Critical Risk
CUST_001659,2024-07-26,49,12.36,Monthly,7,6,4,3,ACH,357,74,0,0.3350272450030674,Medium Risk
CUST_001660,2024-05-02,43,49.25,Monthly,6,8,0,3,PayPal,544,57,1,0.7206745420930322,Critical Risk
CUST_001661,2025-11-16,48,30.67,Monthly,9,10,0,9,ACH,1185,85,0,0.4460287142690084,Medium Risk
CUST_001662,2024-08-31,44,42.07,Quarterly,5,10,4,9,Credit Card,1308,100,1,0.7130099819984836,Critical Risk
CUST_001663,2025-08-08,47,57.49,Annual,8,7,3,1,ACH,1142,63,1,0.6762130982062706,High Risk
CUST_001664,2021-06-25,23,111.55,Quarterly,9,7,0,6,Invoice,206,73,1,0.7618534122062917,Critical Risk
CUST_001665,2024-02-02,4,64.22,Monthly,6,11,1,2,Credit Card,120,54,1,0.6497290883208826,High Risk
CUST_001666,2025-02-02,27,38.46,Quarterly,12,9,3,5,PayPal,941,81,0,0.39197710908287325,Medium Risk
CUST_001667,2023-11-09,18,95.58,Monthly,10,13,3,2,ACH,1076,62,0,0.3986378384700091,Medium Risk
CUST_001668,2021-08-28,21,128.0,Monthly,5,8,0,6,ACH,780,72,1,0.778835971686118,Critical Risk
CUST_001669,2022-06-08,28,16.38,Quarterly,9,10,1,9,Credit Card,1079,90,1,0.6314168762266013,High Risk
CUST_001670,2023-10-24,35,47.96,Quarterly,8,7,3,7,Credit Card,1772,93,0,0.3578653277893138,Medium Risk
CUST_001671,2023-08-26,22,26.74,Monthly,6,6,1,1,PayPal,144,54,1,0.825693500895767,Critical Risk
CUST_001672,2022-03-25,40,12.41,Monthly,6,8,2,6,Credit Card,823,82,0,0.39770499957457467,Medium Risk
CUST_001673,2024-05-31,23,65.21,Monthly,7,11,2,2,PayPal,916,59,0,0.42554623544191394,Medium Risk
CUST_001674,2024-08-07,3,109.31,Monthly,8,10,5,2,Invoice,1462,65,0,0.3096945527366024,Medium Risk
CUST_001675,2022-01-02,40,18.89,Monthly,4,9,5,3,PayPal,744,71,1,0.8281972809096922,Critical Risk
CUST_001676,2021-12-15,50,93.68,Quarterly,9,6,3,8,PayPal,585,99,1,0.6939445953341832,High Risk
CUST_001677,2025-12-24,10,106.0,Annual,8,11,4,7,Credit Card,1566,89,0,0.4903646839225306,Medium Risk
CUST_001678,2023-07-18,25,132.87,Annual,8,6,4,4,Credit Card,1217,79,1,0.5990097759047933,High Risk
CUST_001679,2022-07-16,52,25.41,Annual,8,8,2,3,Credit Card,1404,67,0,0.28381283663319,Low Risk
CUST_001680,2021-08-08,49,127.15,Annual,12,10,0,1,ACH,400,45,1,0.41047237514212975,Medium Risk
CUST_001681,2024-02-04,8,29.33,Annual,9,15,0,10,ACH,307,85,1,0.7137086828069248,Critical Risk
CUST_001682,2024-06-09,55,50.19,Annual,7,11,1,4,ACH,641,64,0,0.3133718865122075,Medium Risk
CUST_001683,2022-09-25,11,12.59,Monthly,5,13,0,8,PayPal,418,77,1,0.9049973400267679,Critical Risk
CUST_001684,2022-07-08,5,12.24,Annual,5,10,4,1,ACH,1546,60,0,0.31542811684826916,Medium Risk
CUST_001685,2024-02-29,58,73.71,Annual,4,10,1,2,ACH,1170,55,0,0.30177302440643816,Medium Risk
CUST_001686,2026-04-04,45,39.39,Quarterly,8,12,1,10,Invoice,944,93,1,0.46875642165225856,Medium Risk
CUST_001687,2025-12-05,53,24.81,Quarterly,13,10,6,2,ACH,1421,65,0,0.30426405382981636,Medium Risk
CUST_001688,2022-09-21,55,20.56,Monthly,6,12,2,9,ACH,1788,93,1,0.6569282237770444,High Risk
CUST_001689,2026-04-22,37,65.43,Annual,11,16,0,1,PayPal,500,39,0,0.29557145704177173,Low Risk
CUST_001690,2022-02-17,56,10.02,Monthly,11,11,3,6,PayPal,346,84,1,0.8249642474870275,Critical Risk
CUST_001691,2024-06-26,59,91.97,Annual,11,8,4,4,Credit Card,371,77,0,0.23388938962609657,Low Risk
CUST_001692,2023-03-23,45,14.13,Monthly,3,9,2,9,Credit Card,1366,96,0,0.3014037646561569,Medium Risk
CUST_001693,2025-10-28,38,20.63,Monthly,8,14,3,6,PayPal,1202,81,1,0.8514291061209818,Critical Risk
CUST_001694,2024-02-16,29,34.41,Monthly,6,8,2,9,PayPal,352,97,1,0.5920365788989288,High Risk
CUST_001695,2024-04-19,5,43.17,Annual,9,11,3,2,PayPal,1106,64,0,0.6780119173615081,High Risk
CUST_001696,2022-11-29,9,31.92,Monthly,7,7,1,2,Credit Card,1753,58,1,0.8488081460427073,Critical Risk
CUST_001697,2022-09-07,59,29.34,Quarterly,10,10,4,6,ACH,602,85,1,0.4761124020721103,Medium Risk
CUST_001698,2026-01-25,48,176.1,Monthly,6,16,3,10,ACH,360,99,1,0.8098835209374586,Critical Risk
CUST_001699,2026-03-09,2,61.3,Quarterly,14,10,4,2,PayPal,809,65,1,0.7715302429052429,Critical Risk
CUST_001700,2024-08-18,1,11.19,Annual,6,7,3,4,Credit Card,583,78,1,0.9085764342222142,Critical Risk
CUST_001701,2024-07-08,40,38.12,Monthly,7,7,2,4,PayPal,669,73,0,0.4227884033385315,Medium Risk
CUST_001702,2024-04-05,51,113.98,Monthly,13,9,1,5,Credit Card,1014,71,1,0.6916036147409875,High Risk
CUST_001703,2025-03-23,30,27.94,Annual,11,7,2,7,ACH,1741,88,1,0.7456772187769449,Critical Risk
CUST_001704,2026-02-23,11,14.97,Annual,6,10,0,10,ACH,626,90,1,0.8752974769050773,Critical Risk
CUST_001705,2022-09-05,28,81.02,Annual,12,10,4,1,Invoice,228,60,1,0.6907753729784814,High Risk
CUST_001706,2022-09-28,44,56.57,Monthly,8,10,2,5,PayPal,1788,75,0,0.5216980688784529,High Risk
CUST_001707,2021-06-12,12,52.23,Monthly,12,5,1,7,ACH,1256,85,0,0.43060321476709357,Medium Risk
CUST_001708,2022-01-12,39,12.75,Quarterly,8,18,2,3,PayPal,222,57,1,0.9172932170252417,Critical Risk
CUST_001709,2024-04-12,26,17.57,Monthly,12,9,1,10,Invoice,1771,96,1,0.8924744539939675,Critical Risk
CUST_001710,2023-02-16,13,58.72,Monthly,12,13,3,3,Credit Card,308,67,0,0.3205844060159371,Medium Risk
CUST_001711,2022-04-03,59,21.65,Monthly,8,12,1,8,PayPal,1025,83,1,0.8764984327267762,Critical Risk
CUST_001712,2021-07-05,8,45.07,Annual,12,5,0,4,Invoice,354,65,0,0.5890705875678335,High Risk
CUST_001713,2022-11-12,54,49.36,Annual,6,12,3,2,Credit Card,581,63,1,0.6987209847495025,High Risk
CUST_001714,2022-03-10,28,26.67,Monthly,3,11,1,6,PayPal,341,74,0,0.5697514113457938,High Risk
CUST_001715,2023-09-18,58,158.24,Monthly,6,13,0,5,PayPal,1122,62,1,0.49871983402941067,Medium Risk
CUST_001716,2022-02-22,30,102.41,Monthly,9,9,0,7,Credit Card,607,76,0,0.4012445465471118,Medium Risk
CUST_001717,2025-05-03,9,74.07,Monthly,7,7,4,2,ACH,539,68,0,0.40321574511092867,Medium Risk
CUST_001718,2025-01-06,39,14.06,Monthly,7,11,1,5,Credit Card,707,69,1,0.7429826997807046,Critical Risk
CUST_001719,2025-10-14,31,15.61,Quarterly,8,12,6,5,PayPal,99,78,0,0.31432813948669625,Medium Risk
CUST_001720,2025-11-30,58,43.94,Monthly,12,13,2,3,Invoice,1390,62,0,0.3674032699754051,Medium Risk
CUST_001721,2022-04-20,21,18.76,Monthly,5,8,1,8,ACH,162,87,1,0.8718958974230343,Critical Risk
CUST_001722,2022-02-28,56,201.44,Quarterly,7,7,3,7,Credit Card,769,93,1,0.801384313568008,Critical Risk
CUST_001723,2026-02-19,47,18.63,Monthly,9,10,1,9,Credit Card,1369,90,1,0.8251295408953564,Critical Risk
CUST_001724,2024-05-20,34,43.42,Annual,6,13,3,10,ACH,779,100,0,0.23886353261249016,Low Risk
CUST_001725,2025-07-11,55,32.64,Monthly,6,7,2,6,Invoice,889,83,0,0.413004212778441,Medium Risk
CUST_001726,2023-06-27,31,61.0,Monthly,5,15,3,5,Invoice,541,75,0,0.38239057517592834,Medium Risk
CUST_001727,2021-10-11,52,16.91,Quarterly,6,14,3,5,ACH,105,76,1,0.5206478848849422,High Risk
CUST_001728,2022-12-09,25,38.13,Annual,9,8,3,6,Invoice,1406,87,0,0.4277869903047617,Medium Risk
CUST_001729,2026-03-03,12,26.06,Monthly,13,7,3,1,Credit Card,69,63,1,0.74879127029198,Critical Risk
CUST_001730,2023-10-07,1,119.35,Annual,7,4,1,7,Credit Card,309,86,1,0.8679321685200294,Critical Risk
CUST_001731,2021-11-05,55,12.07,Quarterly,4,12,2,2,PayPal,1583,58,0,0.24033919876154453,Low Risk
CUST_001732,2026-03-22,22,132.51,Monthly,9,13,5,3,Credit Card,663,67,0,0.3371762698808762,Medium Risk
CUST_001733,2026-04-08,40,99.49,Annual,9,8,0,5,Invoice,104,67,0,0.574870019613946,High Risk
CUST_001734,2023-06-05,37,27.66,Quarterly,6,4,2,8,ACH,779,96,1,0.6762229508886094,High Risk
CUST_001735,2025-12-23,47,87.86,Monthly,6,9,5,9,Credit Card,1782,100,0,0.6423678022956765,High Risk
CUST_001736,2022-03-03,1,11.59,Annual,8,11,1,9,Invoice,1808,89,1,0.7271428571428572,Critical Risk
CUST_001737,2022-11-27,1,180.36,Annual,7,12,1,1,Invoice,1818,48,0,0.2843937511763599,Low Risk
CUST_001738,2026-01-15,57,47.39,Annual,13,14,5,2,ACH,368,61,1,0.7384199138179985,Critical Risk
CUST_001739,2025-11-12,42,28.07,Monthly,8,10,3,5,Invoice,481,80,1,0.7028406699357193,Critical Risk
CUST_001740,2022-05-05,54,32.52,Monthly,4,6,3,3,PayPal,495,74,1,0.6927218284730327,High Risk
CUST_001741,2022-03-23,42,13.44,Annual,13,8,0,6,ACH,300,72,1,0.8401970092734992,Critical Risk
CUST_001742,2026-01-21,21,237.11,Monthly,8,11,1,3,ACH,1031,59,0,0.36796114925178713,Medium Risk
CUST_001743,2023-12-19,15,12.0,Monthly,9,7,0,3,ACH,1677,58,1,0.9050436635408734,Critical Risk
CUST_001744,2024-11-25,17,63.2,Monthly,7,13,2,10,Credit Card,1247,97,0,0.5644904963539631,High Risk
CUST_001745,2025-08-01,22,39.24,Monthly,7,12,1,5,Invoice,1414,68,0,0.3737501704692795,Medium Risk
CUST_001746,2021-11-08,38,158.71,Quarterly,5,14,1,10,Invoice,1217,91,0,0.2572124096852698,Low Risk
CUST_001747,2023-05-31,35,24.12,Monthly,3,10,1,7,Invoice,1112,80,0,0.37466705593351646,Medium Risk
CUST_001748,2024-02-06,45,47.97,Quarterly,8,10,0,7,Credit Card,1636,75,1,0.7637209153779095,Critical Risk
CUST_001749,2023-09-19,16,42.92,Monthly,9,15,1,8,Credit Card,826,80,1,0.7997406612466139,Critical Risk
CUST_001750,2023-06-27,8,70.68,Annual,8,14,1,2,ACH,1462,51,1,0.4901971293469361,Medium Risk
CUST_001751,2025-06-07,47,13.52,Monthly,11,7,5,5,Credit Card,1492,83,1,0.8238394824062415,Critical Risk
CUST_001752,2021-12-22,17,20.77,Annual,12,12,3,2,Credit Card,50,63,0,0.28806396291105707,Low Risk
CUST_001753,2022-03-04,17,22.08,Annual,6,5,7,6,ACH,1486,90,1,0.8324052120280584,Critical Risk
CUST_001754,2026-04-21,54,77.0,Monthly,7,9,1,5,ACH,1065,71,1,0.6853903555675618,High Risk
CUST_001755,2022-08-30,26,20.48,Quarterly,9,14,0,10,Credit Card,1046,86,1,0.8532601206552897,Critical Risk
CUST_001756,2021-11-29,13,52.61,Monthly,10,7,2,1,Credit Card,549,58,0,0.4040454059905422,Medium Risk
CUST_001757,2025-09-29,17,22.12,Annual,8,13,1,8,Invoice,626,82,1,0.7826208018275027,Critical Risk
CUST_001758,2025-05-29,38,108.89,Quarterly,10,13,0,7,Invoice,454,72,1,0.7532138427880491,Critical Risk
CUST_001759,2024-07-11,17,152.53,Quarterly,8,8,3,10,Credit Card,1077,100,0,0.2525892246177491,Low Risk
CUST_001760,2023-04-24,48,46.54,Quarterly,5,8,1,10,PayPal,961,97,0,0.31236908835211397,Medium Risk
CUST_001761,2021-07-17,14,31.72,Monthly,9,12,0,1,Credit Card,1311,43,1,0.8798433322019887,Critical Risk
CUST_001762,2022-03-16,45,23.33,Monthly,13,10,2,1,Invoice,1466,55,1,0.8399428360578537,Critical Risk
CUST_001763,2025-04-24,6,12.55,Monthly,14,7,0,1,ACH,1563,48,1,0.915730056980057,Critical Risk
CUST_001764,2023-08-31,35,25.63,Annual,9,13,2,4,Credit Card,1066,67,1,0.6651514331137512,High Risk
CUST_001765,2024-05-23,46,63.1,Annual,4,12,1,7,PayPal,1654,78,1,0.7078145566270067,Critical Risk
CUST_001766,2022-12-26,14,48.14,Monthly,10,9,4,8,PayPal,548,96,1,0.7736775055501423,Critical Risk
CUST_001767,2022-01-23,47,154.16,Annual,4,6,3,9,PayPal,1804,100,1,0.8028219109848862,Critical Risk
CUST_001768,2025-01-22,8,35.23,Monthly,9,9,2,8,Invoice,1537,91,0,0.43956245831724866,Medium Risk
CUST_001769,2023-04-16,15,69.19,Monthly,4,5,0,4,Credit Card,1624,65,1,0.7844513886420289,Critical Risk
CUST_001770,2022-10-19,54,43.6,Annual,9,5,5,3,ACH,1409,75,1,0.6488598394372402,High Risk
CUST_001771,2021-09-27,27,45.93,Monthly,3,11,2,7,ACH,936,84,1,0.8299704800384634,Critical Risk
CUST_001772,2021-12-20,13,25.58,Quarterly,11,6,2,6,Credit Card,540,84,0,0.2575690540051219,Low Risk
CUST_001773,2024-12-30,49,40.34,Monthly,7,9,3,10,Credit Card,46,100,1,0.7478813753713416,Critical Risk
CUST_001774,2022-01-22,31,41.82,Annual,4,14,2,10,Credit Card,1706,96,1,0.8124526476288894,Critical Risk
CUST_001775,2026-03-17,53,71.32,Monthly,8,15,0,1,Credit Card,38,40,0,0.26128679653679654,Low Risk
CUST_001776,2022-09-29,56,151.21,Monthly,6,7,4,5,ACH,711,83,0,0.3015771759463324,Medium Risk
CUST_001777,2024-03-16,35,29.97,Annual,5,9,1,6,PayPal,934,76,1,0.5679166270876411,High Risk
CUST_001778,2023-06-28,6,12.16,Quarterly,6,13,2,4,PayPal,50,67,1,0.7809599702014337,Critical Risk
CUST_001779,2024-05-22,5,44.29,Monthly,5,7,2,10,ACH,1208,100,0,0.35592366358622973,Medium Risk
CUST_001780,2025-03-28,22,49.31,Monthly,8,16,4,1,Invoice,1108,54,1,0.7757290319371555,Critical Risk
CUST_001781,2023-08-26,58,19.22,Annual,11,8,5,4,Invoice,64,77,0,0.17628196140776786,Low Risk
CUST_001782,2023-04-19,49,81.45,Monthly,9,10,1,4,Invoice,1784,65,0,0.37304061608199773,Medium Risk
CUST_001783,2025-08-26,23,219.75,Quarterly,5,5,2,2,Credit Card,1477,65,0,0.21197260183948857,Low Risk
CUST_001784,2025-04-07,25,155.73,Annual,9,8,1,10,Invoice,1142,97,0,0.24686371302930507,Low Risk
CUST_001785,2025-06-02,34,20.98,Monthly,9,9,2,8,Invoice,809,91,1,0.8091219143179539,Critical Risk
CUST_001786,2024-08-12,26,114.12,Monthly,9,2,1,9,Credit Card,1564,98,1,0.7326896307376655,Critical Risk
CUST_001787,2022-02-10,47,70.95,Annual,9,12,0,5,ACH,741,63,0,0.3807080063332829,Medium Risk
CUST_001788,2025-12-17,5,40.24,Monthly,10,12,2,4,Invoice,442,68,1,0.687364407859877,High Risk
CUST_001789,2023-12-02,26,48.89,Annual,7,15,4,4,ACH,1186,70,1,0.7059714067439813,Critical Risk
CUST_001790,2024-06-14,20,104.72,Monthly,11,8,2,5,PayPal,985,77,1,0.7014276819308397,Critical Risk
CUST_001791,2022-03-03,6,42.71,Annual,11,9,3,8,ACH,1795,96,1,0.7188053075676312,Critical Risk
CUST_001792,2024-01-27,6,33.36,Monthly,7,8,3,2,Credit Card,944,67,1,0.7773683706828538,Critical Risk
CUST_001793,2024-05-06,59,43.99,Quarterly,11,7,2,4,ACH,1739,73,0,0.2915377134075739,Low Risk
CUST_001794,2022-03-24,50,53.27,Monthly,7,11,4,4,ACH,714,74,0,0.49071138604750913,Medium Risk
CUST_001795,2024-09-16,18,20.48,Monthly,6,17,2,1,Invoice,580,48,1,0.7458048170467525,Critical Risk
CUST_001796,2022-12-03,4,125.59,Quarterly,4,9,4,5,ACH,454,81,1,0.826633799424119,Critical Risk
CUST_001797,2023-08-17,17,66.07,Monthly,7,9,1,5,Credit Card,1420,71,0,0.4755220936985019,Medium Risk
CUST_001798,2025-04-26,57,60.16,Monthly,9,17,2,8,Credit Card,1420,83,1,0.8016547895591271,Critical Risk
CUST_001799,2023-10-11,14,15.24,Monthly,10,11,3,5,PayPal,886,79,1,0.8720151149865647,Critical Risk
CUST_001800,2023-08-12,14,56.34,Monthly,6,3,0,9,ACH,1327,92,0,0.3554034038656195,Medium Risk
CUST_001801,2025-03-27,13,16.45,Quarterly,5,5,2,2,Credit Card,216,65,1,0.7734195372793146,Critical Risk
CUST_001802,2022-04-27,7,14.1,Annual,7,10,1,9,PayPal,116,90,0,0.2877917556831586,Low Risk
CUST_001803,2022-03-11,44,47.47,Monthly,13,7,3,6,Invoice,1541,88,1,0.75646253888724,Critical Risk
CUST_001804,2024-08-26,55,35.77,Annual,7,12,4,7,Invoice,1211,88,1,0.7354088791103693,Critical Risk
CUST_001805,2022-10-14,15,54.44,Annual,12,11,2,4,Credit Card,1818,69,0,0.41470278208276823,Medium Risk
CUST_001806,2022-02-03,19,14.67,Quarterly,9,12,0,7,Invoice,862,73,1,0.6820439795074026,High Risk
CUST_001807,2023-02-05,43,38.19,Monthly,14,6,1,6,PayPal,1015,79,0,0.4119254820232595,Medium Risk
CUST_001808,2023-02-12,47,19.61,Annual,9,12,1,4,Invoice,1521,63,1,0.8317601302733284,Critical Risk
CUST_001809,2023-08-12,44,227.53,Annual,5,13,1,4,ACH,1414,62,0,0.27263172239347033,Low Risk
CUST_001810,2024-08-21,35,51.18,Monthly,6,8,2,10,PayPal,198,100,0,0.3393314113451048,Medium Risk
CUST_001811,2025-10-27,17,68.15,Monthly,5,10,1,10,ACH,1778,95,1,0.7930286881753513,Critical Risk
CUST_001812,2023-04-07,35,29.68,Monthly,4,10,0,1,ACH,1496,45,0,0.7386299442357794,Critical Risk
CUST_001813,2025-12-23,19,14.98,Annual,10,11,0,5,ACH,1043,64,0,0.3664834035883001,Medium Risk
CUST_001814,2024-02-18,20,196.22,Monthly,6,13,2,4,Invoice,1098,67,1,0.5113202360838853,High Risk
CUST_001815,2023-01-24,36,26.86,Quarterly,12,13,1,4,ACH,881,62,1,0.5175207096872176,High Risk
CUST_001816,2023-10-10,35,37.57,Monthly,4,6,2,5,PayPal,1044,79,0,0.3794459960569766,Medium Risk
CUST_001817,2023-08-21,32,62.47,Annual,6,14,1,9,PayPal,1376,86,1,0.6608160080584519,High Risk
CUST_001818,2025-11-01,58,11.25,Quarterly,8,9,1,8,Credit Card,1582,86,0,0.20361874082325115,Low Risk
CUST_001819,2023-08-24,48,93.1,Annual,12,6,1,7,PayPal,1656,84,0,0.2658125438034633,Low Risk
CUST_001820,2025-05-04,44,48.46,Quarterly,9,8,1,3,ACH,1028,62,1,0.6359310760059559,High Risk
CUST_001821,2026-03-25,40,26.3,Quarterly,5,11,0,5,Credit Card,1255,64,0,0.23022601261864575,Low Risk
CUST_001822,2022-02-02,24,13.18,Monthly,6,11,1,7,PayPal,305,79,1,0.838205421280266,Critical Risk
CUST_001823,2024-12-22,17,18.87,Annual,8,13,2,2,ACH,180,57,0,0.27994713258078346,Low Risk
CUST_001824,2022-02-13,7,122.71,Monthly,7,14,2,2,Credit Card,221,56,0,0.34441728060372634,Medium Risk
CUST_001825,2022-07-30,43,67.92,Annual,5,11,1,5,PayPal,1445,69,0,0.38924459631855496,Medium Risk
CUST_001826,2023-08-25,50,24.38,Monthly,9,7,1,9,Credit Card,644,93,1,0.7792647933950332,Critical Risk
CUST_001827,2023-10-25,1,13.39,Annual,8,17,3,10,Invoice,1794,98,1,0.9124242424242424,Critical Risk
CUST_001828,2022-06-12,35,68.66,Annual,11,11,0,3,PayPal,478,54,1,0.7078269086062092,Critical Risk
CUST_001829,2024-05-11,32,52.48,Monthly,6,6,2,1,PayPal,403,59,0,0.4000786795177664,Medium Risk
CUST_001830,2023-02-03,36,35.92,Monthly,12,8,0,7,Credit Card,89,77,0,0.24301817088091882,Low Risk
CUST_001831,2026-04-17,13,32.6,Quarterly,8,7,2,9,Credit Card,1572,98,1,0.7592400253269522,Critical Risk
CUST_001832,2024-12-26,6,22.22,Monthly,8,14,2,6,Credit Card,1697,76,1,0.9048905459279021,Critical Risk
CUST_001833,2022-05-14,58,65.37,Monthly,5,12,0,6,ACH,185,68,0,0.3811940799348828,Medium Risk
CUST_001834,2023-03-28,14,186.45,Monthly,11,13,2,4,Invoice,1584,67,0,0.32710488894732426,Medium Risk
CUST_001835,2023-11-21,37,19.66,Quarterly,8,14,0,8,ACH,1699,76,0,0.6727690932406007,High Risk
CUST_001836,2022-04-20,48,55.46,Quarterly,4,13,1,2,Credit Card,1040,52,0,0.30230622486784287,Medium Risk
CUST_001837,2025-06-26,15,37.6,Annual,7,8,3,6,Invoice,567,87,1,0.4361586730655695,Medium Risk
CUST_001838,2024-04-24,47,39.59,Quarterly,7,4,2,10,PayPal,1026,100,0,0.17367814978593593,Low Risk
CUST_001839,2023-01-25,4,24.66,Monthly,5,6,1,7,Credit Card,403,84,1,0.8094349732072692,Critical Risk
CUST_001840,2024-11-03,40,97.19,Quarterly,6,11,2,2,ACH,1456,59,0,0.2828657072553466,Low Risk
CUST_001841,2025-03-15,59,43.2,Monthly,9,6,5,5,Invoice,1006,84,1,0.7523031123811696,Critical Risk
CUST_001842,2025-08-25,16,49.2,Monthly,8,14,0,4,Credit Card,634,56,0,0.40927044211359465,Medium Risk
CUST_001843,2024-04-04,28,28.17,Monthly,6,8,4,1,Invoice,1294,62,1,0.7676773587130693,Critical Risk
CUST_001844,2023-02-23,16,20.03,Annual,8,11,2,6,Credit Card,690,79,1,0.8100018814525809,Critical Risk
CUST_001845,2022-10-13,4,14.49,Annual,9,7,3,9,ACH,1570,100,0,0.5318592932491236,High Risk
CUST_001846,2022-05-24,45,72.61,Monthly,5,9,2,5,PayPal,430,76,0,0.5726137904511298,High Risk
CUST_001847,2021-11-13,26,20.92,Quarterly,9,9,3,4,Invoice,963,76,1,0.6476464336126969,High Risk
CUST_001848,2021-07-05,28,68.57,Monthly,15,8,1,2,PayPal,1371,57,1,0.729711870108797,Critical Risk
CUST_001849,2023-06-05,32,34.75,Monthly,6,10,2,8,ACH,518,90,1,0.6393308810063693,High Risk
CUST_001850,2024-02-09,45,36.87,Monthly,7,7,4,9,ACH,1169,100,1,0.6893644764416215,High Risk
CUST_001851,2026-04-04,2,41.67,Annual,7,10,3,6,Credit Card,709,85,1,0.8534682517927534,Critical Risk
CUST_001852,2023-09-18,31,32.92,Quarterly,11,11,3,6,PayPal,1720,84,1,0.7368986415372525,Critical Risk
CUST_001853,2025-01-11,3,15.3,Monthly,7,10,1,6,PayPal,1683,75,1,0.9337468002270635,Critical Risk
CUST_001854,2025-06-19,54,28.53,Annual,9,14,2,2,ACH,188,56,0,0.49844527703594116,Medium Risk
CUST_001855,2025-08-31,8,64.49,Monthly,6,11,3,5,PayPal,895,79,0,0.438330034867435,Medium Risk
CUST_001856,2024-04-15,24,64.8,Annual,12,10,3,7,Invoice,731,90,0,0.4659867406866791,Medium Risk
CUST_001857,2024-06-05,15,26.86,Quarterly,14,11,2,8,ACH,1046,89,0,0.3739756020713248,Medium Risk
CUST_001858,2025-08-04,43,40.82,Monthly,9,13,3,8,PayPal,567,92,1,0.7689575056224526,Critical Risk
CUST_001859,2022-04-30,31,20.75,Quarterly,6,15,3,5,Invoice,483,75,0,0.40303876011027084,Medium Risk
CUST_001860,2021-06-26,9,21.81,Annual,7,10,2,5,PayPal,1596,75,0,0.3072227054617749,Medium Risk
CUST_001861,2022-11-17,39,11.17,Monthly,6,9,3,6,ACH,1065,86,0,0.37301827830940915,Medium Risk
CUST_001862,2025-04-21,45,123.53,Quarterly,7,7,0,4,Credit Card,940,63,0,0.3631693844126647,Medium Risk
CUST_001863,2025-08-10,2,21.83,Monthly,9,7,3,8,Credit Card,1819,98,1,0.9180731292517007,Critical Risk
CUST_001864,2023-10-20,8,22.91,Monthly,6,13,1,7,Invoice,926,77,1,0.8793548605759205,Critical Risk
CUST_001865,2023-10-25,7,26.4,Monthly,6,11,3,2,Invoice,475,64,1,0.541032465385905,High Risk
CUST_001866,2022-07-20,56,16.81,Monthly,5,14,2,6,PayPal,88,76,1,0.8130792162812714,Critical Risk
CUST_001867,2025-05-28,44,60.98,Quarterly,5,8,2,6,Credit Card,247,82,1,0.7881086765497141,Critical Risk
CUST_001868,2025-04-09,51,13.91,Annual,6,8,2,4,PayPal,1090,72,1,0.6559094256648251,High Risk
CUST_001869,2024-10-03,39,17.21,Quarterly,12,9,2,6,Credit Card,1589,81,1,0.8048542417153185,Critical Risk
CUST_001870,2021-08-24,42,61.75,Monthly,4,11,0,10,Credit Card,1100,89,1,0.6571690153195852,High Risk
CUST_001871,2026-04-30,57,30.75,Monthly,9,11,3,9,PayPal,989,99,0,0.43575939185286183,Medium Risk
CUST_001872,2022-05-11,16,71.54,Monthly,6,14,2,10,Invoice,1175,96,0,0.364493515957227,Medium Risk
CUST_001873,2023-02-22,35,50.76,Annual,5,7,1,9,Credit Card,577,93,1,0.6931684366897245,High Risk
CUST_001874,2025-04-22,30,24.79,Quarterly,11,12,0,1,Invoice,1545,43,1,0.8762596358320042,Critical Risk
CUST_001875,2021-09-12,10,62.61,Annual,6,6,5,7,Invoice,1558,94,1,0.7368948839676832,Critical Risk
CUST_001876,2025-06-13,38,16.18,Monthly,1,14,1,4,ACH,112,41,1,0.8882078995565839,Critical Risk
CUST_001877,2025-12-08,18,48.44,Quarterly,9,10,2,2,Invoice,1365,60,0,0.31927202594034354,Medium Risk
CUST_001878,2025-07-14,50,38.74,Annual,8,9,4,8,Credit Card,879,96,1,0.7098793977362081,Critical Risk
CUST_001879,2021-09-17,5,25.59,Monthly,9,12,3,10,PayPal,259,100,1,0.7884532947805484,Critical Risk
CUST_001880,2025-02-25,53,56.32,Quarterly,9,15,0,3,Credit Card,1133,50,1,0.7762562521290127,Critical Risk
CUST_001881,2024-05-28,29,112.53,Monthly,10,10,1,2,ACH,1070,55,1,0.6390635168012896,High Risk
CUST_001882,2023-09-27,39,350.84,Monthly,7,10,0,9,ACH,1064,85,1,0.7387875944501718,Critical Risk
CUST_001883,2024-09-25,34,56.79,Monthly,7,9,2,5,Invoice,801,76,0,0.46778432636253436,Medium Risk
CUST_001884,2025-03-30,43,35.93,Monthly,9,11,3,8,Credit Card,1431,94,0,0.5436071777570066,High Risk
CUST_001885,2024-02-06,45,22.76,Monthly,7,10,3,8,Invoice,621,95,1,0.6262611947644043,High Risk
CUST_001886,2022-08-04,23,24.86,Monthly,10,7,2,4,PayPal,1446,73,1,0.766436128099055,Critical Risk
CUST_001887,2023-09-12,5,42.64,Monthly,11,10,2,3,Invoice,1012,65,0,0.40745107373322886,Medium Risk
CUST_001888,2023-02-24,30,32.89,Annual,8,12,3,6,ACH,1127,83,1,0.6799905008608772,High Risk
CUST_001889,2025-10-28,6,132.56,Quarterly,9,8,0,7,ACH,759,77,0,0.6622763410110838,High Risk
CUST_001890,2026-03-03,56,32.97,Annual,9,11,2,7,Invoice,650,84,1,0.5377713728250952,High Risk
CUST_001891,2023-10-07,58,33.38,Monthly,6,8,2,5,Invoice,1537,77,1,0.7266828327702975,Critical Risk
CUST_001892,2022-06-29,46,34.19,Monthly,9,7,2,7,Invoice,523,88,1,0.7044407635081806,Critical Risk
CUST_001893,2024-05-23,44,100.58,Monthly,10,13,5,2,PayPal,196,62,0,0.3431672756185998,Medium Risk
CUST_001894,2024-02-16,4,62.6,Monthly,9,6,2,9,ACH,110,99,0,0.37637731543937625,Medium Risk
CUST_001895,2022-04-30,29,57.62,Annual,12,17,1,3,ACH,139,53,1,0.854399560105156,Critical Risk
CUST_001896,2022-08-29,23,30.33,Annual,15,11,1,1,ACH,460,49,1,0.7424415215258889,Critical Risk
CUST_001897,2022-09-15,6,95.16,Annual,11,10,4,3,PayPal,57,70,1,0.7566534152318876,Critical Risk
CUST_001898,2022-08-04,32,11.96,Annual,8,6,2,5,Invoice,926,79,1,0.811263265376551,Critical Risk
CUST_001899,2026-04-22,42,112.32,Monthly,5,14,1,1,Invoice,1601,46,1,0.8512854615825342,Critical Risk
CUST_001900,2023-05-13,18,45.95,Monthly,7,7,1,6,ACH,1406,78,1,0.6760402010207598,High Risk
CUST_001901,2025-09-19,15,35.4,Annual,6,9,0,1,Invoice,591,46,1,0.78715717880686,Critical Risk
CUST_001902,2023-02-11,40,44.37,Monthly,8,10,4,10,PayPal,1394,100,0,0.7635519864362533,Critical Risk
CUST_001903,2021-08-02,58,65.04,Monthly,8,6,2,6,ACH,763,84,0,0.3544303457506445,Medium Risk
CUST_001904,2024-10-16,32,10.64,Monthly,9,6,3,10,ACH,362,100,1,0.8250767762494149,Critical Risk
CUST_001905,2024-03-22,9,112.61,Monthly,8,6,1,1,ACH,1181,54,1,0.8082981207762111,Critical Risk
CUST_001906,2021-12-20,37,39.6,Monthly,8,6,2,8,PayPal,1693,94,0,0.4514343179687772,Medium Risk
CUST_001907,2021-12-07,10,31.0,Quarterly,5,12,3,2,ACH,719,63,1,0.6058361984948056,High Risk
CUST_001908,2021-09-22,20,17.44,Quarterly,7,11,0,2,Credit Card,1204,49,1,0.7943787248082367,Critical Risk
CUST_001909,2021-12-16,6,38.94,Monthly,8,9,4,2,PayPal,722,66,1,0.7645931966710942,Critical Risk
CUST_001910,2022-09-07,48,44.29,Monthly,10,9,2,1,PayPal,931,56,1,0.6962639702264812,High Risk
CUST_001911,2023-11-30,56,35.85,Annual,11,10,0,2,Credit Card,1776,50,0,0.5742831081638841,High Risk
CUST_001912,2022-11-13,59,66.76,Monthly,3,8,1,8,Credit Card,1703,87,1,0.8434518497780767,Critical Risk
CUST_001913,2022-03-08,3,37.31,Monthly,7,9,1,8,ACH,813,86,1,0.7833600244694927,Critical Risk
CUST_001914,2022-07-13,42,172.75,Monthly,16,10,2,6,PayPal,1770,80,1,0.8595858693588757,Critical Risk
CUST_001915,2022-08-18,11,55.72,Monthly,7,8,1,4,PayPal,51,67,1,0.7488333734947084,Critical Risk
CUST_001916,2023-03-29,43,92.38,Annual,8,9,1,10,Credit Card,455,96,1,0.7140053955345467,Critical Risk
CUST_001917,2025-09-19,17,15.79,Quarterly,16,8,1,4,Credit Card,1143,67,1,0.8185046007168364,Critical Risk
CUST_001918,2024-01-29,32,35.32,Monthly,8,9,3,8,Invoice,290,96,1,0.6710416311910056,High Risk
CUST_001919,2025-09-27,4,30.54,Monthly,9,11,2,8,Credit Card,1787,89,1,0.9306252545953145,Critical Risk
CUST_001920,2023-10-09,4,52.14,Monthly,8,8,1,8,Credit Card,1474,87,1,0.8755495036083173,Critical Risk
CUST_001921,2024-04-10,17,108.7,Monthly,10,12,2,10,ACH,627,98,0,0.24453938737987424,Low Risk
CUST_001922,2024-12-13,41,14.08,Quarterly,9,17,3,4,Invoice,464,68,1,0.8841369158412098,Critical Risk
CUST_001923,2025-08-17,19,13.77,Annual,12,9,2,2,Invoice,495,61,1,0.7461186230577472,Critical Risk
CUST_001924,2022-02-12,5,104.96,Annual,7,8,1,3,Credit Card,378,62,1,0.7428512319732146,Critical Risk
CUST_001925,2026-03-10,32,21.97,Annual,10,14,1,3,PayPal,432,56,1,0.6248626040415168,High Risk
CUST_001926,2023-05-28,22,65.24,Quarterly,9,7,4,6,Credit Card,1509,88,1,0.6865268707478365,High Risk
CUST_001927,2024-05-06,56,49.14,Quarterly,7,3,1,1,Invoice,1336,57,0,0.2493957747323132,Low Risk
CUST_001928,2024-06-13,6,99.46,Monthly,7,8,1,1,ACH,890,52,0,0.5138303160985526,High Risk
CUST_001929,2022-02-08,35,16.68,Monthly,8,7,2,3,PayPal,1545,68,1,0.9079933119096976,Critical Risk
CUST_001930,2023-04-06,22,16.95,Annual,2,13,1,3,Credit Card,638,47,0,0.3942474975040765,Medium Risk
CUST_001931,2023-06-24,1,50.69,Monthly,9,6,1,2,Invoice,804,59,1,0.6594816538172931,High Risk
CUST_001932,2021-06-21,20,156.29,Quarterly,6,14,4,4,ACH,1242,71,0,0.32745224717049426,Medium Risk
CUST_001933,2021-12-18,22,36.81,Annual,6,7,2,5,PayPal,1024,78,1,0.6144565932723846,High Risk
CUST_001934,2022-03-11,48,29.8,Quarterly,11,8,4,3,Invoice,97,72,1,0.7393012248522823,Critical Risk
CUST_001935,2025-03-10,55,56.66,Monthly,5,14,1,7,ACH,55,76,1,0.819441116024185,Critical Risk
CUST_001936,2024-06-12,11,143.28,Quarterly,8,14,4,10,Credit Card,88,100,0,0.4367757585629435,Medium Risk
CUST_001937,2024-01-04,13,100.68,Monthly,6,10,4,10,PayPal,106,100,0,0.6264281061180441,High Risk
CUST_001938,2026-03-02,59,280.0,Quarterly,12,12,0,5,PayPal,232,63,1,0.816917348478691,Critical Risk
CUST_001939,2023-02-19,42,11.14,Monthly,7,11,0,4,PayPal,1348,59,0,0.3749583317419416,Medium Risk
CUST_001940,2025-09-29,3,15.99,Annual,5,10,3,2,ACH,63,65,1,0.8226544620818133,Critical Risk
CUST_001941,2026-04-30,9,57.01,Annual,8,10,0,9,Invoice,1590,85,1,0.7928861756176694,Critical Risk
CUST_001942,2025-11-24,12,95.9,Monthly,8,10,1,3,Invoice,664,60,0,0.4011544889110491,Medium Risk
CUST_001943,2021-07-05,23,26.79,Monthly,6,9,4,9,PayPal,114,100,0,0.6798563123374373,High Risk
CUST_001944,2024-03-13,14,23.67,Quarterly,12,9,3,1,Credit Card,961,61,0,0.28002056837773354,Low Risk
CUST_001945,2023-03-16,33,87.32,Monthly,5,16,5,3,Invoice,223,64,1,0.7718676709067535,Critical Risk
CUST_001946,2023-11-22,18,12.9,Annual,8,11,0,10,Invoice,1270,89,1,0.9035597158973155,Critical Risk
CUST_001947,2023-04-16,49,33.05,Monthly,9,9,0,4,Invoice,381,61,0,0.36161300466573176,Medium Risk
CUST_001948,2025-06-08,59,45.24,Quarterly,7,11,2,3,Credit Card,990,64,1,0.6202671211139672,High Risk
CUST_001949,2024-09-30,41,51.09,Annual,10,13,4,6,Invoice,382,82,0,0.3859187333442992,Medium Risk
CUST_001950,2022-07-22,9,75.21,Monthly,7,12,1,7,ACH,1443,78,0,0.46912285207461357,Medium Risk
CUST_001951,2021-11-11,23,31.91,Monthly,12,7,0,9,ACH,1710,88,1,0.8382887668642879,Critical Risk
CUST_001952,2022-10-20,10,57.43,Annual,5,9,4,9,PayPal,877,100,0,0.29155370950077286,Low Risk
CUST_001953,2021-11-04,19,54.02,Monthly,10,13,1,7,Invoice,323,77,0,0.38017752829144663,Medium Risk
CUST_001954,2023-09-24,47,49.66,Monthly,4,9,2,10,Credit Card,1395,100,1,0.847115276130863,Critical Risk
CUST_001955,2022-08-25,5,61.15,Annual,10,8,3,7,Invoice,1350,92,0,0.35244463939063736,Medium Risk
CUST_001956,2024-08-06,47,25.02,Monthly,6,13,3,10,PayPal,1508,100,1,0.8329515879555422,Critical Risk
CUST_001957,2023-08-19,52,14.42,Monthly,10,7,2,3,ACH,799,68,1,0.7894954739230513,Critical Risk
CUST_001958,2022-01-19,23,16.35,Annual,6,10,1,8,Credit Card,926,85,1,0.7963667090900199,Critical Risk
CUST_001959,2021-10-03,30,22.72,Monthly,7,13,2,2,PayPal,48,57,1,0.7913395962134243,Critical Risk
CUST_001960,2022-12-31,25,44.68,Monthly,7,8,1,4,Invoice,1709,67,0,0.4507610873195643,Medium Risk
CUST_001961,2023-10-25,28,101.77,Monthly,8,6,1,3,Invoice,63,64,1,0.8110251240787665,Critical Risk
CUST_001962,2024-04-25,34,70.41,Annual,8,13,5,9,Credit Card,1786,97,1,0.8260261614967908,Critical Risk
CUST_001963,2022-08-16,45,87.8,Annual,7,14,1,6,Credit Card,1253,71,1,0.7056252297438595,Critical Risk
CUST_001964,2025-11-14,56,31.61,Annual,11,3,2,7,Invoice,503,92,1,0.6902007420817299,High Risk
CUST_001965,2024-11-28,48,35.93,Monthly,7,13,1,6,ACH,808,72,0,0.43198876863955293,Medium Risk
CUST_001966,2022-04-07,47,35.02,Monthly,10,7,0,8,PayPal,1767,83,1,0.8379266085067342,Critical Risk
CUST_001967,2026-03-24,25,20.65,Monthly,9,12,1,1,ACH,353,48,1,0.7434479826840392,Critical Risk
CUST_001968,2022-01-23,10,13.16,Monthly,15,9,2,7,Invoice,976,86,0,0.3715027380823407,Medium Risk
CUST_001969,2022-10-26,14,54.69,Quarterly,12,12,1,6,Invoice,767,73,1,0.7745244473465192,Critical Risk
CUST_001970,2022-06-14,42,236.49,Monthly,5,12,0,1,Credit Card,718,43,1,0.6176752686146864,High Risk
CUST_001971,2023-09-21,57,19.13,Monthly,7,13,1,1,ACH,1460,47,1,0.967640034562212,Critical Risk
CUST_001972,2022-11-30,46,12.39,Monthly,7,15,5,1,Invoice,1695,55,0,0.33859523809523806,Medium Risk
CUST_001973,2023-08-23,58,85.6,Annual,7,9,4,6,ACH,1278,86,0,0.6191650176720934,High Risk
CUST_001974,2023-03-12,30,24.56,Annual,7,8,1,3,PayPal,445,62,1,0.7498638021790875,Critical Risk
CUST_001975,2023-09-01,55,98.49,Annual,6,12,1,6,Invoice,1235,73,0,0.45222371275638035,Medium Risk
CUST_001976,2026-03-26,41,70.86,Quarterly,8,15,1,9,PayPal,1713,85,1,0.7656001328093499,Critical Risk
CUST_001977,2025-06-09,25,155.64,Monthly,7,9,3,4,Invoice,106,76,0,0.4593901132361693,Medium Risk
CUST_001978,2022-11-05,14,36.29,Monthly,10,7,4,1,Invoice,992,63,0,0.5679179502739938,High Risk
CUST_001979,2023-01-19,35,64.23,Monthly,10,12,4,2,PayPal,1530,63,1,0.727808135544785,Critical Risk
CUST_001980,2021-11-19,52,41.26,Annual,6,8,1,5,Credit Card,687,72,1,0.5987972614868018,High Risk
CUST_001981,2023-11-01,48,59.79,Annual,7,10,0,7,Credit Card,1507,75,1,0.7587476324066629,Critical Risk
CUST_001982,2025-02-03,34,39.86,Annual,12,4,1,5,Invoice,1323,76,1,0.8171162374800399,Critical Risk
CUST_001983,2026-03-27,10,20.45,Annual,6,13,2,6,PayPal,865,77,1,0.863022721164651,Critical Risk
CUST_001984,2022-09-01,35,45.45,Annual,8,7,1,1,Credit Card,668,53,0,0.6121412849554398,High Risk
CUST_001985,2021-08-25,11,47.6,Quarterly,8,14,2,5,Invoice,1143,71,1,0.7549221507260558,Critical Risk
CUST_001986,2023-09-03,11,93.2,Annual,4,10,0,6,Invoice,1129,70,0,0.3322094362750635,Medium Risk
CUST_001987,2024-02-27,21,76.5,Annual,10,8,2,1,Credit Card,1242,57,1,0.5972239946580775,High Risk
CUST_001988,2023-09-03,21,64.5,Monthly,11,8,2,2,PayPal,1219,62,1,0.592168158507586,High Risk
CUST_001989,2024-09-17,22,16.02,Annual,4,6,4,6,Credit Card,1425,89,1,0.7681942565450842,Critical Risk
CUST_001990,2023-03-22,45,73.76,Quarterly,5,12,3,7,Invoice,1017,88,0,0.5884206384067153,High Risk
CUST_001991,2023-06-04,7,44.69,Monthly,1,13,0,2,ACH,163,27,1,0.8747916666666665,Critical Risk
CUST_001992,2022-09-16,55,122.26,Annual,9,12,1,1,PayPal,1795,48,1,0.7922980541963088,Critical Risk
CUST_001993,2025-09-21,17,136.21,Annual,10,9,0,6,ACH,790,71,1,0.6908272122757488,High Risk
CUST_001994,2025-06-19,2,12.84,Monthly,13,8,5,10,ACH,265,100,1,0.7375049642386599,Critical Risk
CUST_001995,2025-05-19,12,95.92,Annual,8,8,5,5,ACH,201,82,0,0.34540003446762013,Medium Risk
CUST_001996,2026-01-08,57,11.92,Monthly,6,9,3,3,Invoice,1148,71,1,0.7592924855276205,Critical Risk
CUST_001997,2024-06-04,42,32.88,Quarterly,11,4,7,9,ACH,1277,100,1,0.7773482106935945,Critical Risk
CUST_001998,2022-08-25,18,49.08,Quarterly,7,15,0,1,ACH,569,40,1,0.6600079588859176,High Risk
CUST_001999,2021-12-23,54,18.01,Monthly,10,13,1,9,PayPal,1188,87,1,0.8541870053707502,Critical Risk
CUST_002000,2023-06-04,59,78.58,Monthly,7,8,2,1,Credit Card,678,57,1,0.7823721728739298,Critical Risk
CUST_002001,2026-03-24,11,10.42,Annual,5,13,2,7,Invoice,992,82,1,0.8669805277087883,Critical Risk
CUST_002002,2021-06-25,16,19.23,Monthly,4,7,2,1,Credit Card,850,58,1,0.8820541362515748,Critical Risk
CUST_002003,2022-09-28,49,53.47,Monthly,6,10,3,6,Invoice,254,85,1,0.6650946805574764,High Risk
CUST_002004,2022-10-25,51,72.66,Annual,9,12,3,9,PayPal,48,98,1,0.6833776771806502,High Risk
CUST_002005,2025-09-29,18,134.23,Monthly,9,12,4,7,Credit Card,1709,88,1,0.7964951090747298,Critical Risk
CUST_002006,2023-02-17,35,71.12,Monthly,6,18,1,6,Credit Card,160,67,0,0.3048155224235342,Medium Risk
CUST_002007,2025-06-01,53,65.7,Quarterly,7,6,2,5,Invoice,803,79,0,0.5733768447329984,High Risk
CUST_002008,2023-01-27,59,35.07,Quarterly,7,8,3,3,Invoice,131,72,0,0.3403554023422177,Medium Risk
CUST_002009,2026-01-31,26,10.06,Annual,8,9,3,2,Credit Card,506,66,0,0.33172587027529354,Medium Risk
CUST_002010,2025-05-15,16,16.4,Quarterly,4,11,2,2,Credit Card,911,59,1,0.7619768151048497,Critical Risk
CUST_002011,2024-10-09,6,48.24,Monthly,7,9,3,9,ACH,1363,100,1,0.7025336125819028,Critical Risk
CUST_002012,2021-12-20,57,66.22,Monthly,12,16,2,3,Credit Card,1151,59,0,0.2765469089124493,Low Risk
CUST_002013,2024-02-07,44,37.02,Monthly,9,12,2,7,Credit Card,1515,83,0,0.7739281934627019,Critical Risk
CUST_002014,2021-09-01,43,75.59,Annual,7,14,1,4,Invoice,1335,61,0,0.49745419435603766,Medium Risk
CUST_002015,2024-03-13,47,46.89,Quarterly,2,8,4,7,Credit Card,1087,82,0,0.2959804586914574,Low Risk
CUST_002016,2025-05-05,47,13.85,Annual,7,15,2,6,ACH,294,75,1,0.5714667512211273,High Risk
CUST_002017,2024-10-23,48,20.66,Quarterly,9,15,3,10,Credit Card,724,100,1,0.8802135822746354,Critical Risk
CUST_002018,2022-08-03,42,101.63,Annual,10,15,2,4,PayPal,446,65,1,0.5928125875956676,High Risk
CUST_002019,2021-08-20,12,74.53,Monthly,8,18,1,3,Invoice,1456,52,1,0.8372301141088283,Critical Risk
CUST_002020,2023-01-25,13,122.58,Monthly,5,5,2,4,Invoice,998,75,0,0.3690464058612495,Medium Risk
CUST_002021,2025-05-12,4,16.25,Monthly,5,8,1,2,Credit Card,1348,57,1,0.9551277494604399,Critical Risk
CUST_002022,2025-10-24,39,241.38,Monthly,11,9,4,2,PayPal,1059,66,0,0.28029712286173875,Low Risk
CUST_002023,2021-09-15,54,21.75,Annual,12,7,2,4,ACH,1332,73,1,0.7208729032905645,Critical Risk
CUST_002024,2025-03-07,2,10.59,Monthly,9,7,2,3,ACH,1622,68,1,0.9417334682861,Critical Risk
CUST_002025,2024-06-02,26,308.06,Annual,11,7,2,5,Credit Card,1162,78,0,0.23514211711710822,Low Risk
CUST_002026,2026-04-26,59,26.5,Annual,11,12,2,1,Credit Card,678,53,0,0.3095109110833737,Medium Risk
CUST_002027,2025-12-21,27,65.13,Monthly,9,9,3,7,Credit Card,1814,91,1,0.8310535812399066,Critical Risk
CUST_002028,2021-06-27,27,19.72,Monthly,9,10,1,4,Credit Card,807,65,0,0.4642919966005688,Medium Risk
CUST_002029,2024-10-23,15,53.4,Monthly,5,7,3,6,ACH,811,88,1,0.7372170905331588,Critical Risk
CUST_002030,2024-01-28,8,127.19,Monthly,5,6,3,2,Credit Card,814,69,1,0.6876778857027981,High Risk
CUST_002031,2024-04-02,7,29.3,Quarterly,10,9,2,4,Credit Card,1689,71,1,0.7980971750686074,Critical Risk
CUST_002032,2023-06-13,47,65.47,Monthly,15,12,2,5,Credit Card,481,73,1,0.6923312830732413,High Risk
CUST_002033,2024-11-14,55,20.41,Annual,7,15,0,6,Credit Card,140,65,1,0.7985710970713832,Critical Risk
CUST_002034,2025-03-03,46,59.01,Quarterly,11,9,2,1,Invoice,363,56,0,0.3630523515642654,Medium Risk
CUST_002035,2022-06-15,40,30.51,Quarterly,7,14,2,4,Credit Card,1077,66,0,0.202946132219543,Low Risk
CUST_002036,2024-06-30,12,21.86,Quarterly,5,11,1,2,ACH,554,54,1,0.7894154967987018,Critical Risk
CUST_002037,2025-05-05,13,28.78,Monthly,8,9,3,10,Invoice,1624,100,0,0.33368851712120906,Medium Risk
CUST_002038,2022-05-03,43,19.85,Monthly,14,14,2,1,ACH,796,51,1,0.9109241621682409,Critical Risk
CUST_002039,2021-09-12,17,126.1,Monthly,11,4,3,9,Invoice,222,100,1,0.7659591229065609,Critical Risk
CUST_002040,2022-01-09,17,35.31,Monthly,11,9,2,1,Credit Card,1091,56,0,0.7114456356629043,Critical Risk
CUST_002041,2026-02-10,56,24.07,Quarterly,11,10,3,2,Credit Card,686,65,1,0.7680494614411107,Critical Risk
CUST_002042,2025-05-12,36,39.75,Annual,13,3,2,9,PayPal,1707,100,0,0.23393763720155633,Low Risk
CUST_002043,2022-10-29,21,29.32,Monthly,9,9,3,8,Invoice,494,96,1,0.8072574067154632,Critical Risk
CUST_002044,2021-07-26,8,78.21,Monthly,8,14,0,10,PayPal,971,86,0,0.38801206764165885,Medium Risk
CUST_002045,2024-09-21,5,187.4,Monthly,6,10,2,10,Invoice,1197,100,0,0.29091021386461846,Low Risk
CUST_002046,2022-02-05,26,38.82,Annual,5,7,0,10,Invoice,612,93,0,0.23571345741956004,Low Risk
CUST_002047,2025-07-12,16,108.68,Annual,11,8,5,4,Credit Card,1031,77,1,0.631695871264797,High Risk
CUST_002048,2022-12-02,36,51.72,Quarterly,7,10,2,2,Credit Card,1048,60,0,0.28770325328547003,Low Risk
CUST_002049,2022-02-04,28,18.55,Quarterly,7,5,2,8,Invoice,460,95,1,0.686728395694385,High Risk
CUST_002050,2023-05-29,54,68.66,Monthly,6,9,4,3,PayPal,105,71,0,0.6126862363478701,High Risk
CUST_002051,2021-09-15,29,46.02,Monthly,11,9,1,10,PayPal,52,96,1,0.7976247493394858,Critical Risk
CUST_002052,2023-03-23,47,62.58,Monthly,7,9,1,1,Invoice,1541,51,0,0.436006747650709,Medium Risk
CUST_002053,2022-11-23,12,120.22,Monthly,8,9,2,2,Invoice,653,61,0,0.2968375559117298,Low Risk
CUST_002054,2026-04-16,37,39.03,Quarterly,7,11,5,4,Credit Card,1443,74,1,0.6094354107667792,High Risk
CUST_002055,2025-05-08,30,125.72,Annual,11,8,0,1,ACH,776,47,0,0.23229088664353145,Low Risk
CUST_002056,2022-12-03,23,79.45,Annual,9,5,0,6,ACH,1303,75,1,0.6965918746724222,High Risk
CUST_002057,2023-12-19,16,43.53,Monthly,7,9,2,4,ACH,963,71,1,0.7469672760630661,Critical Risk
CUST_002058,2024-06-02,14,56.22,Monthly,9,12,2,6,PayPal,59,78,0,0.41180371317559555,Medium Risk
CUST_002059,2025-02-09,10,29.7,Monthly,5,9,3,5,PayPal,563,81,1,0.591955215923567,High Risk
CUST_002060,2023-12-29,7,215.52,Annual,5,13,1,4,Credit Card,542,62,0,0.321174386322989,Medium Risk
CUST_002061,2025-05-03,45,65.03,Annual,5,19,0,7,Invoice,1551,66,1,0.8007367356022421,Critical Risk
CUST_002062,2024-06-27,52,12.24,Monthly,7,12,1,7,Invoice,1177,78,0,0.3657710519857523,Medium Risk
CUST_002063,2023-07-30,37,29.77,Annual,10,7,4,4,Credit Card,1504,78,1,0.5641892504726715,High Risk
CUST_002064,2022-08-22,29,58.82,Quarterly,10,8,1,4,Credit Card,1669,67,0,0.22139930891321724,Low Risk
CUST_002065,2025-01-21,3,12.9,Monthly,5,7,8,4,Credit Card,581,78,1,0.9462096774193549,Critical Risk
CUST_002066,2025-03-15,15,11.21,Annual,5,10,0,8,Invoice,1822,80,1,0.7873574165298304,Critical Risk
CUST_002067,2022-04-15,36,39.89,Monthly,3,11,2,5,ACH,1538,74,1,0.8110025199682523,Critical Risk
CUST_002068,2024-09-24,47,30.23,Annual,11,12,3,5,PayPal,1153,78,1,0.675142114934991,High Risk
CUST_002069,2022-11-23,46,38.84,Annual,6,11,2,9,PayPal,1022,94,1,0.41555077513694705,Medium Risk
CUST_002070,2022-12-02,52,25.24,Quarterly,9,10,0,10,PayPal,1485,90,0,0.2070323909216062,Low Risk
CUST_002071,2023-08-13,19,19.0,Monthly,4,5,2,6,PayPal,1667,85,1,0.8459298578555713,Critical Risk
CUST_002072,2022-05-28,13,68.42,Monthly,6,12,0,4,Invoice,1418,58,0,0.4003305224357103,Medium Risk
CUST_002073,2024-10-08,42,46.14,Monthly,9,7,0,7,ACH,1348,78,0,0.596096213387625,High Risk
CUST_002074,2025-06-02,21,21.17,Monthly,4,7,2,8,Invoice,718,93,1,0.7770134765235711,Critical Risk
CUST_002075,2022-12-04,37,29.25,Annual,7,8,1,7,Credit Card,858,82,1,0.688109615071777,High Risk
CUST_002076,2026-03-27,27,54.8,Quarterly,6,15,0,6,PayPal,653,65,1,0.4631900220747973,Medium Risk
CUST_002077,2023-08-18,55,13.75,Monthly,7,13,4,2,Invoice,1747,62,1,0.8292617793603984,Critical Risk
CUST_002078,2025-07-29,52,17.98,Monthly,3,12,1,5,PayPal,411,68,1,0.6773722821819073,High Risk
CUST_002079,2022-12-30,29,13.8,Monthly,7,10,3,6,Invoice,765,85,1,0.5626285774029072,High Risk
CUST_002080,2023-10-30,20,93.65,Monthly,9,14,0,2,PayPal,1072,46,0,0.3469457389268943,Medium Risk
CUST_002081,2025-01-04,25,79.8,Monthly,6,9,3,9,Credit Card,306,100,1,0.7632484821617705,Critical Risk
CUST_002082,2022-11-14,6,79.98,Monthly,9,9,2,10,Invoice,1128,100,1,0.7139555639709231,Critical Risk
CUST_002083,2022-08-24,36,73.0,Annual,8,9,1,4,PayPal,1072,66,1,0.48165394414289364,Medium Risk
CUST_002084,2024-05-02,2,65.34,Monthly,5,11,1,5,Invoice,1721,69,1,0.8102198838098852,Critical Risk
CUST_002085,2025-10-23,22,42.41,Annual,8,8,1,5,Invoice,1021,72,1,0.7014549641583592,Critical Risk
CUST_002086,2023-06-27,32,61.4,Annual,11,7,0,7,Invoice,887,78,0,0.343270420036844,Medium Risk
CUST_002087,2024-11-25,16,11.96,Monthly,5,4,4,9,Credit Card,816,100,1,0.6157954411128189,High Risk
CUST_002088,2023-10-28,18,58.57,Annual,9,12,4,9,ACH,684,98,0,0.3281539807887483,Medium Risk
CUST_002089,2025-03-28,5,85.23,Annual,7,11,3,6,Invoice,290,84,0,0.5629021623551508,High Risk
CUST_002090,2023-11-29,54,44.69,Annual,13,8,1,9,PayPal,553,92,1,0.6911678881702789,High Risk
CUST_002091,2024-05-28,36,32.12,Monthly,9,10,2,4,Credit Card,1546,70,0,0.44612427096571217,Medium Risk
CUST_002092,2026-04-11,30,26.25,Monthly,8,6,3,5,Credit Card,1588,84,0,0.38137669783243644,Medium Risk
CUST_002093,2025-01-14,45,61.47,Quarterly,8,6,4,5,Invoice,1304,84,0,0.35350726347003286,Medium Risk
CUST_002094,2023-03-16,19,69.01,Annual,7,11,2,5,PayPal,1358,74,1,0.615370214374691,High Risk
CUST_002095,2025-10-05,23,112.38,Monthly,6,6,1,1,Invoice,878,54,1,0.7217713063848261,Critical Risk
CUST_002096,2025-07-01,34,30.95,Monthly,14,4,1,7,PayPal,40,86,0,0.22872883978766334,Low Risk
CUST_002097,2022-10-17,13,83.43,Monthly,10,10,3,6,Credit Card,1148,85,1,0.7601035966593368,Critical Risk
CUST_002098,2024-05-29,43,51.2,Monthly,5,10,2,3,PayPal,87,65,0,0.6615338958860012,High Risk
CUST_002099,2024-06-15,54,117.21,Annual,12,6,0,8,Invoice,1562,84,1,0.828314293150163,Critical Risk
CUST_002100,2025-07-22,29,47.52,Monthly,9,9,2,6,ACH,141,81,0,0.5195393843118574,High Risk
CUST_002101,2024-05-17,36,46.45,Monthly,13,7,1,9,Invoice,997,93,1,0.8373680711331855,Critical Risk
CUST_002102,2021-09-06,22,53.12,Annual,8,14,4,7,Credit Card,453,86,0,0.3902461003879413,Medium Risk
CUST_002103,2024-03-31,52,79.18,Monthly,11,7,3,8,Credit Card,1661,98,1,0.8738834764902742,Critical Risk
CUST_002104,2022-11-29,52,177.18,Annual,6,11,5,9,PayPal,1319,99,1,0.829688776473696,Critical Risk
CUST_002105,2023-09-28,47,13.82,Annual,9,15,3,6,Invoice,964,80,0,0.3096900140557309,Medium Risk
CUST_002106,2025-04-17,36,12.75,Monthly,7,12,0,8,Credit Card,643,78,0,0.39203119899052685,Medium Risk
CUST_002107,2025-01-28,9,148.67,Annual,3,8,2,2,PayPal,1232,62,0,0.28153553949770715,Low Risk
CUST_002108,2023-07-07,39,47.74,Annual,5,7,0,1,PayPal,586,48,0,0.24196536729761106,Low Risk
CUST_002109,2026-04-04,51,57.71,Monthly,6,8,2,9,PayPal,916,97,1,0.7743497233565878,Critical Risk
CUST_002110,2023-11-08,19,42.93,Monthly,6,10,4,10,Invoice,611,100,0,0.42470899824517866,Medium Risk
CUST_002111,2023-06-11,38,14.92,Annual,5,16,2,6,Credit Card,1792,74,1,0.7393158888436173,Critical Risk
CUST_002112,2021-10-06,6,83.07,Quarterly,6,14,0,10,PayPal,488,86,0,0.3558795930008405,Medium Risk
CUST_002113,2023-12-06,52,78.76,Annual,6,5,3,10,Invoice,766,100,1,0.6361525397588033,High Risk
CUST_002114,2026-02-13,47,28.68,Monthly,10,13,0,3,PayPal,70,52,1,0.7973961379151107,Critical Risk
CUST_002115,2023-09-29,15,28.28,Annual,9,10,1,3,PayPal,1258,60,1,0.6921802974390933,High Risk
CUST_002116,2025-01-29,57,100.96,Monthly,9,15,2,8,PayPal,1668,85,1,0.8254634495634413,Critical Risk
CUST_002117,2024-10-10,20,13.76,Annual,11,9,2,3,PayPal,226,66,0,0.3780592667291694,Medium Risk
CUST_002118,2022-01-22,9,116.48,Annual,4,13,2,10,Credit Card,722,97,0,0.2681294881185265,Low Risk
CUST_002119,2022-03-19,32,24.83,Annual,4,5,2,6,Invoice,1501,85,1,0.7865645619225999,Critical Risk
CUST_002120,2022-05-10,4,54.95,Quarterly,5,11,2,6,PayPal,1537,79,1,0.8364325623585355,Critical Risk
CUST_002121,2024-04-25,50,147.44,Annual,8,13,2,5,ACH,1611,72,1,0.674365906794498,High Risk
CUST_002122,2022-10-02,18,66.68,Annual,5,11,1,7,ACH,438,79,0,0.3580429017814226,Medium Risk
CUST_002123,2024-12-03,5,36.76,Monthly,5,5,0,4,ACH,865,65,1,0.8040427857453332,Critical Risk
CUST_002124,2023-04-06,20,68.48,Quarterly,10,8,4,10,Credit Card,588,100,0,0.31579597269628673,Medium Risk
CUST_002125,2025-04-01,23,31.08,Quarterly,10,7,2,6,Invoice,1300,83,1,0.4746468367584309,Medium Risk
CUST_002126,2022-03-12,11,26.24,Monthly,6,5,1,1,Invoice,821,55,0,0.31808280125410116,Medium Risk
CUST_002127,2026-03-25,37,295.44,Monthly,16,16,3,3,Credit Card,135,64,1,0.8426774809329157,Critical Risk
CUST_002128,2022-10-16,22,79.47,Monthly,10,9,4,7,Credit Card,114,91,0,0.7203140127190288,Critical Risk
CUST_002129,2023-11-28,58,61.74,Annual,10,16,3,9,Credit Card,1623,94,0,0.2591224012366476,Low Risk
CUST_002130,2024-02-26,4,31.95,Annual,6,12,1,1,PayPal,1798,48,0,0.585046626984127,High Risk
CUST_002131,2025-11-27,29,12.52,Monthly,6,10,6,4,ACH,1512,75,0,0.3735532163519531,Medium Risk
CUST_002132,2023-04-30,44,11.58,Quarterly,11,12,1,7,ACH,824,78,1,0.8632099662608312,Critical Risk
CUST_002133,2023-12-01,34,50.39,Monthly,6,12,2,10,PayPal,1037,98,1,0.516337632977423,High Risk
CUST_002134,2023-03-06,13,81.78,Annual,12,9,1,9,Credit Card,1357,91,1,0.6585564320059706,High Risk
CUST_002135,2021-08-26,42,48.54,Monthly,13,22,1,8,PayPal,1794,75,1,0.7939792930134542,Critical Risk
CUST_002136,2023-09-02,9,101.88,Monthly,14,13,1,2,ACH,326,52,1,0.7392796467219591,Critical Risk
CUST_002137,2023-04-21,42,11.7,Monthly,11,4,2,2,Invoice,359,66,0,0.27551303900622615,Low Risk
CUST_002138,2023-06-22,31,32.84,Monthly,8,12,3,9,Credit Card,936,98,1,0.7558674784607446,Critical Risk
CUST_002139,2022-04-11,7,23.53,Annual,17,11,2,2,PayPal,1224,59,1,0.8206185621582462,Critical Risk
CUST_002140,2022-01-21,4,39.64,Annual,7,7,3,10,ACH,1766,100,1,0.46986384199310466,Medium Risk
CUST_002141,2021-08-06,19,13.76,Monthly,7,11,0,7,ACH,519,74,1,0.93078568664495,Critical Risk
CUST_002142,2024-01-05,42,164.1,Monthly,9,11,1,10,Credit Card,928,94,1,0.7576085398622148,Critical Risk
CUST_002143,2022-06-27,30,22.63,Monthly,10,12,3,9,Invoice,590,98,0,0.4261013220935912,Medium Risk
CUST_002144,2024-04-15,31,137.75,Annual,8,10,2,8,Invoice,1230,90,1,0.6712398411278809,High Risk
CUST_002145,2022-04-30,35,37.75,Annual,7,10,4,5,ACH,969,80,0,0.6157386065638671,High Risk
CUST_002146,2021-11-17,57,221.76,Monthly,6,11,2,2,ACH,419,59,0,0.3244803805011234,Medium Risk
CUST_002147,2023-08-18,21,50.38,Annual,8,15,3,6,PayPal,612,80,0,0.47244649564644514,Medium Risk
CUST_002148,2026-04-12,31,143.56,Monthly,7,5,2,7,ACH,696,90,0,0.5365287014065346,High Risk
CUST_002149,2025-07-04,19,10.27,Quarterly,8,9,2,10,PayPal,284,100,0,0.3180077222213539,Medium Risk
CUST_002150,2023-12-16,31,78.96,Quarterly,10,15,2,7,ACH,207,80,1,0.5297977131148338,High Risk
CUST_002151,2026-02-08,53,126.68,Annual,5,12,2,5,Invoice,243,73,1,0.7286219749979458,Critical Risk
CUST_002152,2021-09-23,32,17.52,Quarterly,9,13,6,10,Credit Card,1686,100,1,0.5948893784582117,High Risk
CUST_002153,2022-04-17,2,15.05,Quarterly,9,6,0,9,PayPal,1659,89,1,0.8630426065162906,Critical Risk
CUST_002154,2022-06-22,59,37.63,Quarterly,9,7,1,6,ACH,371,78,1,0.6661726906599668,High Risk
CUST_002155,2022-02-22,52,145.66,Annual,7,10,3,10,Credit Card,180,100,1,0.732629372900977,Critical Risk
CUST_002156,2022-10-30,10,49.09,Monthly,10,8,1,9,ACH,1257,92,1,0.781639730101732,Critical Risk
CUST_002157,2024-10-10,2,47.48,Monthly,7,7,2,8,PayPal,607,93,1,0.8524249498308138,Critical Risk
CUST_002158,2023-10-12,2,17.61,Monthly,3,11,1,10,Credit Card,762,94,1,0.9348836206896551,Critical Risk
CUST_002159,2022-02-02,24,10.04,Annual,11,14,1,9,Invoice,1323,86,1,0.8635777044592833,Critical Risk
CUST_002160,2023-02-02,17,93.07,Monthly,15,12,3,1,Invoice,1382,58,0,0.32539885418022807,Medium Risk
CUST_002161,2023-02-01,32,14.58,Monthly,8,13,2,2,Credit Card,138,57,1,0.7930667117084877,Critical Risk
CUST_002162,2023-07-29,16,60.24,Monthly,10,8,1,8,ACH,263,87,1,0.6937263574546894,High Risk
CUST_002163,2024-03-01,16,133.03,Monthly,4,7,3,6,PayPal,1399,88,1,0.7567672138431781,Critical Risk
CUST_002164,2024-03-02,46,21.7,Annual,9,14,3,1,Invoice,1560,56,1,0.8397741982975788,Critical Risk
CUST_002165,2022-02-05,39,64.72,Quarterly,7,14,1,10,PayPal,1338,91,0,0.2877843279057977,Low Risk
CUST_002166,2022-10-16,53,14.1,Annual,16,9,2,1,PayPal,1698,56,0,0.38918068711447484,Medium Risk
CUST_002167,2024-12-27,31,56.29,Annual,4,14,4,1,PayPal,755,56,1,0.6470911980572089,High Risk
CUST_002168,2025-10-07,43,18.95,Annual,8,14,0,3,Credit Card,1240,51,1,0.8447136634364297,Critical Risk
CUST_002169,2022-01-21,24,76.58,Monthly,6,12,2,9,PayPal,890,93,1,0.7212875231886922,Critical Risk
CUST_002170,2021-12-07,1,27.92,Monthly,2,12,4,6,Invoice,1130,73,0,0.22377761975206684,Low Risk
CUST_002171,2023-05-15,11,41.12,Quarterly,8,11,3,2,ACH,1199,64,0,0.435624762322207,Medium Risk
CUST_002172,2025-02-27,55,55.74,Monthly,8,7,2,8,PayPal,100,93,1,0.8197908634640909,Critical Risk
CUST_002173,2023-08-22,21,19.39,Monthly,6,8,0,10,Invoice,1514,92,1,0.8418377995550032,Critical Risk
CUST_002174,2021-09-25,4,77.67,Annual,8,17,2,3,Invoice,218,58,0,0.6094021711518665,High Risk
CUST_002175,2021-11-16,7,28.02,Monthly,9,10,2,1,Credit Card,394,55,1,0.7897510929658702,Critical Risk
CUST_002176,2022-09-08,26,64.29,Monthly,9,7,0,10,Invoice,397,93,0,0.5878502524183387,High Risk
CUST_002177,2024-11-29,47,18.62,Monthly,4,8,1,6,ACH,882,77,1,0.8223530093314702,Critical Risk
CUST_002178,2024-09-19,50,68.26,Monthly,4,6,2,4,Invoice,249,74,0,0.4118965986259741,Medium Risk
CUST_002179,2023-06-17,12,16.86,Monthly,6,9,3,6,Credit Card,916,86,1,0.8141537381350585,Critical Risk
CUST_002180,2021-08-27,31,37.7,Monthly,6,12,2,8,Invoice,451,88,1,0.7102524776010098,Critical Risk
CUST_002181,2021-12-29,17,24.2,Annual,7,12,3,4,PayPal,786,73,1,0.7096941292214022,Critical Risk
CUST_002182,2025-10-16,33,78.99,Quarterly,5,10,1,4,Invoice,672,65,1,0.6871318351300998,High Risk
CUST_002183,2025-04-11,11,25.19,Monthly,4,10,2,6,Credit Card,538,80,1,0.8169788754404468,Critical Risk
CUST_002184,2025-05-19,28,116.73,Quarterly,12,6,4,2,PayPal,1171,69,0,0.2840390571866954,Low Risk
CUST_002185,2023-09-16,32,121.2,Monthly,3,5,1,3,ACH,185,65,1,0.6961794267341177,High Risk
CUST_002186,2024-06-09,1,20.94,Monthly,14,7,2,2,ACH,467,63,1,0.9049861286254729,Critical Risk
CUST_002187,2022-01-24,47,57.58,Monthly,4,9,1,9,PayPal,539,91,1,0.6417876509807812,High Risk
CUST_002188,2025-04-20,28,14.59,Annual,9,13,1,4,PayPal,1354,62,0,0.3020647061602337,Medium Risk
CUST_002189,2023-11-16,53,34.84,Monthly,6,10,5,3,PayPal,1480,70,1,0.7695929540086353,Critical Risk
CUST_002190,2023-10-30,42,72.47,Annual,10,8,1,2,Credit Card,1160,57,0,0.350965555662279,Medium Risk
CUST_002191,2022-01-02,7,63.86,Annual,11,5,3,1,Credit Card,1470,65,0,0.1866123515018625,Low Risk
CUST_002192,2024-11-22,2,59.0,Annual,8,6,1,2,ACH,682,59,1,0.7658401704663949,Critical Risk
CUST_002193,2023-02-11,42,26.6,Annual,14,7,1,4,Invoice,838,68,0,0.6221738593633067,High Risk
CUST_002194,2024-04-29,24,33.74,Quarterly,8,14,1,4,ACH,534,61,1,0.6211530457629456,High Risk
CUST_002195,2025-10-09,4,15.43,Monthly,11,10,2,7,PayPal,1494,85,1,0.8848609973981425,Critical Risk
CUST_002196,2025-02-02,44,73.47,Monthly,7,9,1,3,ACH,1816,61,0,0.5231560343402348,High Risk
CUST_002197,2022-10-14,19,45.05,Annual,7,10,1,7,ACH,1290,80,1,0.5316606569483503,High Risk
CUST_002198,2022-11-20,26,71.68,Annual,8,8,3,4,PayPal,1698,77,0,0.40314205015012206,Medium Risk
CUST_002199,2021-07-04,11,24.31,Monthly,6,5,0,9,Credit Card,257,90,0,0.7127288952244639,Critical Risk
CUST_002200,2024-11-28,40,29.61,Monthly,4,10,1,7,Credit Card,1285,80,1,0.8206056381174873,Critical Risk
CUST_002201,2021-09-04,50,30.34,Monthly,12,12,3,2,PayPal,37,63,0,0.21828606352826707,Low Risk
CUST_002202,2023-07-21,43,11.3,Monthly,9,9,3,9,PayPal,991,100,1,0.7927928030918622,Critical Risk
CUST_002203,2023-09-20,11,30.86,Monthly,5,15,0,9,Invoice,329,80,1,0.8267720569122112,Critical Risk
CUST_002204,2024-05-07,45,91.3,Quarterly,9,9,3,2,ACH,1480,66,0,0.34192940394614374,Medium Risk
CUST_002205,2023-07-24,3,123.8,Annual,7,7,4,8,ACH,366,98,1,0.7032773035890872,Critical Risk
CUST_002206,2024-12-18,12,46.51,Monthly,6,12,0,7,ACH,161,73,1,0.7713878566652125,Critical Risk
CUST_002207,2026-01-06,3,40.39,Annual,7,12,0,1,Credit Card,48,43,0,0.6010648960330736,High Risk
CUST_002208,2025-04-12,42,11.57,Quarterly,8,13,3,1,Credit Card,703,57,1,0.7813323595082113,Critical Risk
CUST_002209,2022-08-04,27,115.68,Monthly,10,9,3,8,ACH,1243,96,0,0.43860955255986916,Medium Risk
CUST_002210,2024-09-26,49,10.65,Monthly,10,13,1,10,PayPal,1646,92,1,0.9288682948992408,Critical Risk
CUST_002211,2025-04-03,54,154.79,Annual,7,13,3,5,Invoice,374,77,1,0.6850337216541708,High Risk
CUST_002212,2023-05-11,2,43.59,Annual,7,12,2,9,PayPal,674,93,1,0.8491315281630627,Critical Risk
CUST_002213,2021-07-27,49,30.92,Monthly,4,14,3,3,PayPal,1681,66,0,0.35832526297529227,Medium Risk
CUST_002214,2024-05-12,16,139.0,Quarterly,7,8,4,3,Credit Card,366,72,0,0.3782301749479842,Medium Risk
CUST_002215,2026-02-20,2,11.23,Monthly,4,13,2,8,ACH,1192,87,1,0.9164206349206347,Critical Risk
CUST_002216,2025-08-02,54,53.54,Monthly,10,5,3,5,PayPal,1111,85,1,0.717022690549588,Critical Risk
CUST_002217,2022-08-28,30,49.81,Monthly,9,8,1,1,Invoice,941,52,0,0.4764421511535018,Medium Risk
CUST_002218,2025-05-30,20,22.38,Monthly,7,13,1,9,Invoice,1133,87,1,0.8924298003835012,Critical Risk
CUST_002219,2022-07-13,38,38.01,Annual,10,7,3,2,Credit Card,1795,68,0,0.264720838109922,Low Risk
CUST_002220,2022-03-06,28,62.82,Quarterly,4,10,4,7,PayPal,1284,90,1,0.7544806604111165,Critical Risk
CUST_002221,2024-09-03,25,74.94,Monthly,8,8,1,8,Credit Card,1812,87,1,0.8881103052183431,Critical Risk
CUST_002222,2025-11-18,32,10.04,Quarterly,8,4,3,4,ACH,623,81,1,0.7725024362774827,Critical Risk
CUST_002223,2022-01-16,10,148.11,Quarterly,5,8,4,3,Invoice,267,72,1,0.7410488039935841,Critical Risk
CUST_002224,2026-04-22,42,18.99,Monthly,7,8,1,1,PayPal,1683,52,1,0.9257083045744234,Critical Risk
CUST_002225,2022-09-16,40,23.3,Annual,9,6,1,10,Invoice,32,99,1,0.7875898013701069,Critical Risk
CUST_002226,2024-05-04,33,25.29,Monthly,6,12,0,7,Credit Card,815,73,1,0.8257251859469211,Critical Risk
CUST_002227,2024-02-22,13,11.93,Annual,12,11,1,7,ACH,145,79,1,0.8725869289268107,Critical Risk
CUST_002228,2026-01-21,56,16.57,Monthly,10,12,3,9,Invoice,1675,98,1,0.8691577456514792,Critical Risk
CUST_002229,2022-05-15,41,224.7,Annual,11,8,0,6,Credit Card,676,72,0,0.40932111755627465,Medium Risk
CUST_002230,2022-06-17,54,28.93,Monthly,7,6,1,4,PayPal,232,69,1,0.4741602060384595,Medium Risk
CUST_002231,2024-03-15,42,16.13,Quarterly,7,12,0,1,PayPal,1356,43,1,0.855024889589703,Critical Risk
CUST_002232,2025-10-01,47,15.66,Quarterly,7,9,2,6,PayPal,684,81,1,0.7071731349156891,Critical Risk
CUST_002233,2021-08-22,37,73.55,Monthly,9,11,1,2,Credit Card,898,54,1,0.7164671186346314,Critical Risk
CUST_002234,2023-04-17,54,106.4,Monthly,5,13,4,10,PayPal,1627,100,1,0.5082659737849049,High Risk
CUST_002235,2022-01-07,16,24.85,Monthly,8,6,1,9,PayPal,1131,94,1,0.8067118855400952,Critical Risk
CUST_002236,2025-03-28,45,11.06,Annual,9,16,0,7,PayPal,564,69,1,0.8363366696323905,Critical Risk
CUST_002237,2024-09-22,22,22.62,Monthly,2,12,1,1,PayPal,535,38,1,0.8766666666666666,Critical Risk
CUST_002238,2023-11-26,57,12.91,Annual,8,10,3,4,PayPal,705,75,1,0.4012180317418867,Medium Risk
CUST_002239,2023-05-29,20,15.46,Monthly,4,6,2,5,Invoice,1710,79,1,0.8529104247903239,Critical Risk
CUST_002240,2021-09-10,50,38.24,Monthly,16,13,1,3,Credit Card,307,57,0,0.300227536138083,Medium Risk
CUST_002241,2022-04-07,43,23.06,Monthly,6,9,1,9,Invoice,309,91,0,0.6163058997569562,High Risk
CUST_002242,2024-09-18,27,46.28,Monthly,13,13,1,9,PayPal,1208,87,0,0.5444962086872893,High Risk
CUST_002243,2022-09-07,41,24.62,Annual,7,13,0,9,ACH,1070,82,1,0.6881806486724636,High Risk
CUST_002244,2023-04-19,16,151.12,Quarterly,6,10,2,2,PayPal,1716,60,1,0.6843541647363882,High Risk
CUST_002245,2026-01-31,34,128.19,Monthly,6,9,2,3,Credit Card,356,66,1,0.6511430785157444,High Risk
CUST_002246,2021-09-22,32,51.83,Annual,2,11,2,10,PayPal,1693,89,1,0.5184823257816021,High Risk
CUST_002247,2024-06-29,26,31.88,Monthly,9,7,2,7,Invoice,154,88,1,0.8142872397768219,Critical Risk
CUST_002248,2024-05-19,25,33.99,Annual,5,6,5,6,PayPal,414,89,1,0.5989512549189847,High Risk
CUST_002249,2023-10-10,2,36.54,Monthly,4,11,2,8,Credit Card,719,89,1,0.939774696844441,Critical Risk
CUST_002250,2025-09-03,12,75.02,Annual,6,10,0,1,Credit Card,407,45,1,0.8338512185697264,Critical Risk
CUST_002251,2026-05-01,40,40.04,Quarterly,9,9,0,8,PayPal,847,81,1,0.49252134439179684,Medium Risk
CUST_002252,2025-09-20,9,107.15,Monthly,4,6,2,1,PayPal,632,59,1,0.769708221064751,Critical Risk
CUST_002253,2024-02-22,12,154.2,Annual,5,11,1,6,Invoice,1692,74,1,0.4387375275933699,Medium Risk
CUST_002254,2021-06-29,26,30.47,Monthly,7,12,4,8,Credit Card,1297,93,1,0.7532013995363214,Critical Risk
CUST_002255,2024-09-21,9,51.13,Monthly,6,8,4,10,Invoice,1407,100,1,0.7620689743919471,Critical Risk
CUST_002256,2026-01-07,10,14.99,Monthly,6,14,2,7,Credit Card,1474,81,1,0.9162846795186296,Critical Risk
CUST_002257,2021-09-16,32,21.19,Monthly,17,13,1,3,PayPal,1418,57,1,0.8363327315640534,Critical Risk
CUST_002258,2023-10-28,57,36.68,Monthly,6,15,1,7,Credit Card,1452,75,1,0.6312834367775372,High Risk
CUST_002259,2023-04-02,34,21.55,Monthly,13,9,3,3,PayPal,1163,71,1,0.8174410552406234,Critical Risk
CUST_002260,2025-10-21,48,114.6,Monthly,6,4,1,3,Invoice,85,66,1,0.7441372263964869,Critical Risk
CUST_002261,2023-01-29,20,18.62,Monthly,8,9,4,5,Invoice,853,81,0,0.3705797241915794,Medium Risk
CUST_002262,2023-12-14,39,40.41,Annual,10,13,2,2,PayPal,993,57,1,0.4130181845674369,Medium Risk
CUST_002263,2026-02-02,2,56.53,Quarterly,6,8,3,1,ACH,826,62,1,0.8872605896495243,Critical Risk
CUST_002264,2021-08-27,1,68.86,Monthly,12,10,1,4,ACH,72,65,0,0.20130963137356944,Low Risk
CUST_002265,2026-01-01,51,34.15,Monthly,9,14,2,4,PayPal,1651,66,1,0.6674685585937529,High Risk
CUST_002266,2025-12-11,36,111.67,Monthly,8,10,3,4,Credit Card,689,75,1,0.6462393933091218,High Risk
CUST_002267,2023-08-13,24,52.0,Quarterly,1,16,4,10,Credit Card,755,79,0,0.28407397076814833,Low Risk
CUST_002268,2026-01-17,54,38.95,Annual,6,11,2,10,ACH,1433,99,0,0.4094677118595559,Medium Risk
CUST_002269,2023-11-28,27,13.48,Monthly,2,13,3,9,ACH,906,87,0,0.7050764056701254,Critical Risk
CUST_002270,2025-03-01,2,41.25,Monthly,12,12,0,3,PayPal,1280,53,1,0.8554288842804191,Critical Risk
CUST_002271,2022-09-12,31,95.94,Monthly,10,13,1,6,PayPal,759,72,1,0.6290445523502027,High Risk
CUST_002272,2025-06-20,57,57.67,Monthly,8,12,2,7,Credit Card,1323,83,0,0.4634517442079708,Medium Risk
CUST_002273,2024-08-06,14,99.24,Quarterly,10,11,0,7,ACH,1498,74,1,0.7902965272875149,Critical Risk
CUST_002274,2026-04-24,2,44.06,Quarterly,5,12,1,5,ACH,265,68,1,0.8668391677550775,Critical Risk
CUST_002275,2024-03-20,29,16.3,Monthly,9,10,4,2,Credit Card,1265,65,0,0.4085942176279856,Medium Risk
CUST_002276,2023-05-02,15,10.69,Annual,10,16,3,2,Invoice,1153,59,0,0.3198654198884378,Medium Risk
CUST_002277,2022-07-20,12,28.06,Monthly,8,11,2,9,Credit Card,1641,94,1,0.8026260000295483,Critical Risk
CUST_002278,2025-09-22,37,69.86,Monthly,16,9,1,1,ACH,1820,51,0,0.2381708518193517,Low Risk
CUST_002279,2022-05-24,28,88.09,Quarterly,6,5,1,1,Invoice,1242,55,1,0.41279256741386017,Medium Risk
CUST_002280,2024-10-27,20,27.53,Annual,9,6,2,8,PayPal,1062,94,0,0.3065394769520179,Medium Risk
CUST_002281,2022-07-09,39,44.22,Monthly,8,8,2,7,Invoice,382,87,1,0.7887560161687042,Critical Risk
CUST_002282,2024-05-17,24,37.33,Monthly,11,14,0,9,PayPal,666,81,1,0.7704738007509029,Critical Risk
CUST_002283,2022-10-23,21,36.43,Quarterly,7,7,2,6,Invoice,1269,83,0,0.3632047625679239,Medium Risk
CUST_002284,2021-08-23,10,23.16,Annual,11,6,2,3,PayPal,998,69,1,0.81640941761732,Critical Risk
CUST_002285,2022-08-30,46,17.33,Monthly,15,9,4,2,Credit Card,437,66,1,0.764937721729405,Critical Risk
CUST_002286,2023-04-21,14,20.95,Monthly,11,10,1,7,Invoice,763,80,1,0.7638551268702298,Critical Risk
CUST_002287,2022-08-30,37,12.85,Monthly,5,6,4,1,Credit Card,226,64,1,0.6185266664368726,High Risk
CUST_002288,2026-01-12,18,21.04,Quarterly,8,13,1,8,ACH,620,82,1,0.824580394312852,Critical Risk
CUST_002289,2025-08-25,24,10.46,Annual,9,11,4,8,Credit Card,458,94,0,0.33121799312203487,Medium Risk
CUST_002290,2025-04-15,14,59.34,Monthly,6,11,1,9,ACH,978,89,1,0.7318300141755952,Critical Risk
CUST_002291,2026-04-26,34,29.02,Annual,8,16,3,9,Credit Card,788,94,0,0.33814322052718526,Medium Risk
CUST_002292,2025-01-29,58,190.86,Annual,12,14,2,9,ACH,305,91,1,0.5996128726925578,High Risk
CUST_002293,2023-04-21,12,20.77,Monthly,5,4,3,7,Invoice,855,96,1,0.8359293768677474,Critical Risk
CUST_002294,2025-10-07,22,31.22,Monthly,5,10,1,3,PayPal,1779,60,1,0.7033149312605812,Critical Risk
CUST_002295,2023-11-15,56,32.15,Annual,6,11,0,10,PayPal,1277,89,1,0.5426759226450488,High Risk
CUST_002296,2022-06-19,6,10.42,Annual,9,9,1,6,Invoice,611,76,0,0.4098117795498948,Medium Risk
CUST_002297,2022-09-03,36,101.38,Annual,8,8,0,6,PayPal,1411,72,0,0.5034793527383526,High Risk
CUST_002298,2026-04-11,45,11.63,Quarterly,8,3,1,2,Invoice,1420,62,0,0.3332574587462538,Medium Risk
CUST_002299,2025-03-19,36,150.82,Monthly,6,10,2,4,ACH,958,70,1,0.675844444868998,High Risk
CUST_002300,2023-11-20,22,121.32,Monthly,11,15,4,2,Invoice,1498,60,1,0.6292236086103672,High Risk
CUST_002301,2024-12-04,14,48.34,Quarterly,4,13,3,3,Invoice,680,67,0,0.26647578202965766,Low Risk
CUST_002302,2023-03-09,16,49.22,Monthly,8,10,1,7,Invoice,505,80,1,0.7220696291066462,Critical Risk
CUST_002303,2024-02-14,36,63.03,Annual,6,9,3,8,Invoice,672,96,0,0.34478586809167555,Medium Risk
CUST_002304,2021-08-13,56,34.47,Annual,6,10,0,1,ACH,907,45,0,0.26615786191723856,Low Risk
CUST_002305,2023-12-11,25,62.1,Annual,11,5,1,8,PayPal,1358,90,0,0.2554216538445594,Low Risk
CUST_002306,2026-04-19,32,12.29,Monthly,3,13,0,8,Credit Card,982,77,1,0.8545538748000959,Critical Risk
CUST_002307,2023-09-05,33,12.78,Annual,10,9,0,7,ACH,1120,76,0,0.7111010517657698,Critical Risk
CUST_002308,2023-08-29,45,40.55,Quarterly,9,5,2,7,Invoice,1722,90,1,0.715062225400798,Critical Risk
CUST_002309,2023-07-24,36,49.88,Annual,4,10,3,3,Credit Card,405,70,1,0.6724248128425891,High Risk
CUST_002310,2023-07-02,20,119.38,Monthly,13,9,2,9,PayPal,40,96,1,0.7698232890805048,Critical Risk
CUST_002311,2026-02-05,18,15.53,Monthly,7,13,3,3,Invoice,898,67,0,0.3738496262802455,Medium Risk
CUST_002312,2022-02-05,38,96.48,Monthly,11,5,1,7,PayPal,1817,85,0,0.3104244737053976,Medium Risk
CUST_002313,2023-11-06,3,21.79,Monthly,6,14,1,8,Credit Card,1418,81,1,0.8895076297297909,Critical Risk
CUST_002314,2022-01-23,23,35.05,Monthly,9,14,7,2,ACH,1748,61,0,0.35350505221361156,Medium Risk
CUST_002315,2022-09-16,32,29.03,Quarterly,5,6,4,4,Invoice,1672,79,1,0.7248256465541602,Critical Risk
CUST_002316,2022-11-13,45,35.55,Annual,6,8,0,4,Credit Card,1021,62,0,0.4277150679515057,Medium Risk
CUST_002317,2026-01-01,59,18.16,Annual,7,11,2,7,PayPal,591,84,1,0.7466884764962957,Critical Risk
CUST_002318,2023-02-17,16,45.02,Annual,5,12,2,6,Credit Card,1708,78,0,0.4039096160027129,Medium Risk
CUST_002319,2021-12-24,59,90.88,Monthly,11,11,3,10,Invoice,161,100,1,0.6778398783072664,High Risk
CUST_002320,2024-04-13,5,39.13,Quarterly,6,9,3,6,ACH,317,86,0,0.34627681460114096,Medium Risk
CUST_002321,2022-07-23,4,43.73,Monthly,9,5,6,6,PayPal,465,90,1,0.8916130380769894,Critical Risk
CUST_002322,2024-06-17,21,104.45,Monthly,10,14,0,9,Credit Card,1288,81,1,0.7342091724273064,Critical Risk
CUST_002323,2021-07-11,40,71.22,Monthly,9,8,2,4,Credit Card,1407,72,0,0.5021092172183349,High Risk
CUST_002324,2021-10-21,51,43.71,Quarterly,11,13,2,10,Credit Card,1767,97,1,0.8218448747730082,Critical Risk
CUST_002325,2025-06-28,14,24.9,Quarterly,10,9,3,2,ACH,635,66,0,0.3765520093680908,Medium Risk
CUST_002326,2024-06-07,39,118.11,Monthly,8,8,1,2,Invoice,1094,57,0,0.4654167557844455,Medium Risk
CUST_002327,2025-07-19,31,53.02,Quarterly,15,6,1,9,Invoice,1263,94,1,0.5602836152586401,High Risk
CUST_002328,2025-06-30,14,22.5,Monthly,3,12,4,4,Credit Card,1698,73,0,0.4407675520962261,Medium Risk
CUST_002329,2021-11-27,6,25.68,Monthly,8,8,3,10,Credit Card,1381,100,0,0.3661648012171701,Medium Risk
CUST_002330,2023-11-01,12,91.26,Quarterly,7,16,2,9,Credit Card,1435,89,1,0.729029344063148,Critical Risk
CUST_002331,2021-07-21,16,12.26,Quarterly,6,11,2,1,Invoice,1797,54,1,0.9162038365353932,Critical Risk
CUST_002332,2024-07-10,17,252.0,Annual,4,11,0,2,ACH,779,49,1,0.800605726756387,Critical Risk
CUST_002333,2024-10-31,45,16.98,Annual,8,9,4,7,Credit Card,1378,91,1,0.833234859025211,Critical Risk
CUST_002334,2022-07-27,23,89.5,Quarterly,9,9,3,7,Invoice,1134,91,0,0.3869823727273897,Medium Risk
CUST_002335,2025-06-25,14,35.11,Annual,3,8,2,1,Invoice,1540,57,0,0.2401423783662474,Low Risk
CUST_002336,2023-12-12,7,43.88,Quarterly,7,11,1,8,ACH,68,84,0,0.25776565712917776,Low Risk
CUST_002337,2023-05-16,46,116.28,Annual,7,9,0,7,ACH,1799,76,1,0.4940840071603936,Medium Risk
CUST_002338,2021-10-09,32,36.63,Quarterly,9,9,2,10,PayPal,1016,100,1,0.6125588579048551,High Risk
CUST_002339,2023-10-22,15,48.55,Quarterly,10,8,4,2,PayPal,932,67,0,0.47763440511784055,Medium Risk
CUST_002340,2021-07-30,44,12.53,Monthly,8,9,5,1,ACH,873,61,1,0.7561793065707901,Critical Risk
CUST_002341,2024-04-08,17,10.12,Quarterly,9,11,1,2,ACH,207,54,1,0.7862025601110346,Critical Risk
CUST_002342,2026-03-29,41,24.04,Monthly,5,13,1,7,PayPal,1141,77,1,0.8837307780223287,Critical Risk
CUST_002343,2025-02-12,54,67.06,Monthly,4,10,0,10,ACH,334,90,1,0.8301192686227852,Critical Risk
CUST_002344,2026-01-30,47,16.46,Annual,11,12,1,4,Invoice,1710,63,1,0.7774997682366773,Critical Risk
CUST_002345,2022-12-19,44,16.04,Monthly,6,10,0,6,PayPal,1508,70,1,0.9039545703198132,Critical Risk
CUST_002346,2025-05-15,34,36.46,Annual,7,13,3,5,Credit Card,525,77,0,0.5439675358487447,High Risk
CUST_002347,2023-11-12,5,62.18,Quarterly,5,9,1,8,PayPal,1518,86,1,0.7805564239486246,Critical Risk
CUST_002348,2022-08-16,45,72.25,Monthly,6,8,3,7,Invoice,305,92,0,0.4536206090974181,Medium Risk
CUST_002349,2023-12-23,27,19.83,Monthly,10,11,0,7,Credit Card,1528,74,1,0.9024039431749274,Critical Risk
CUST_002350,2021-07-19,52,14.15,Quarterly,2,19,1,9,ACH,1354,71,1,0.8515243978405317,Critical Risk
CUST_002351,2025-11-25,23,151.0,Monthly,7,11,4,4,Credit Card,487,74,1,0.7654008300678957,Critical Risk
CUST_002352,2023-09-19,40,25.1,Monthly,14,10,2,9,Invoice,995,95,1,0.7881666816208792,Critical Risk
CUST_002353,2026-04-09,59,105.98,Monthly,3,16,3,3,Invoice,973,64,1,0.8681618081952434,Critical Risk
CUST_002354,2025-03-25,14,109.57,Annual,11,8,0,3,ACH,1298,57,1,0.7479540757611209,Critical Risk
CUST_002355,2024-02-18,15,84.04,Annual,5,11,2,5,Credit Card,1046,74,1,0.5191655419883766,High Risk
CUST_002356,2024-12-03,43,19.25,Quarterly,8,9,1,10,PayPal,1177,96,0,0.24491710010703244,Low Risk
CUST_002357,2024-05-01,33,96.24,Monthly,5,11,0,3,Credit Card,165,54,1,0.8167846982506936,Critical Risk
CUST_002358,2022-07-15,53,83.32,Quarterly,10,8,3,9,Invoice,1304,100,1,0.6631066146277063,High Risk
CUST_002359,2022-06-27,31,55.41,Annual,10,8,6,1,Invoice,1097,62,0,0.40957897884225397,Medium Risk
CUST_002360,2024-11-17,35,30.56,Monthly,12,9,2,6,ACH,1371,81,1,0.7666571809415723,Critical Risk
CUST_002361,2023-09-20,17,25.23,Annual,6,13,0,7,PayPal,137,72,0,0.3387728626208254,Medium Risk
CUST_002362,2025-12-02,28,16.5,Annual,7,11,1,1,Credit Card,368,49,1,0.8497706189730242,Critical Risk
CUST_002363,2021-12-29,19,45.64,Annual,11,7,2,5,PayPal,1136,78,0,0.41497442121135364,Medium Risk
CUST_002364,2021-08-24,46,54.01,Monthly,4,13,4,9,Credit Card,819,97,1,0.6566865493440601,High Risk
CUST_002365,2023-09-29,54,32.26,Monthly,9,8,4,6,Invoice,1472,87,0,0.47701122618913416,Medium Risk
CUST_002366,2024-09-02,23,42.25,Monthly,12,10,2,4,ACH,441,70,1,0.7471137902280137,Critical Risk
CUST_002367,2021-11-04,32,32.59,Monthly,11,15,3,4,Invoice,702,70,1,0.7240419076839598,Critical Risk
CUST_002368,2025-03-09,40,61.22,Annual,10,4,1,5,Credit Card,1315,76,1,0.7238676724986945,Critical Risk
CUST_002369,2022-11-06,13,125.76,Monthly,5,9,2,5,Invoice,1150,76,1,0.6661574299472403,High Risk
CUST_002370,2023-03-19,59,18.95,Annual,5,4,0,6,ACH,847,76,0,0.2530821590207013,Low Risk
CUST_002371,2023-12-19,20,34.02,Monthly,9,7,3,3,Invoice,918,73,1,0.6854619166091587,High Risk
CUST_002372,2022-02-17,35,17.59,Monthly,11,11,6,4,PayPal,1023,74,1,0.8325982764891529,Critical Risk
CUST_002373,2021-07-04,5,59.03,Annual,10,13,1,5,Invoice,90,67,1,0.7838627095825923,Critical Risk
CUST_002374,2024-10-02,9,75.26,Monthly,10,6,1,2,PayPal,591,59,0,0.3243466173116726,Medium Risk
CUST_002375,2025-06-02,29,144.35,Quarterly,11,13,3,10,ACH,105,100,1,0.7958951863426453,Critical Risk
CUST_002376,2022-05-22,6,26.35,Monthly,6,7,1,4,ACH,1730,68,1,0.7903855224735122,Critical Risk
CUST_002377,2023-10-14,25,160.0,Monthly,7,11,2,7,PayPal,1425,84,0,0.5053751576399241,High Risk
CUST_002378,2025-07-12,31,13.27,Quarterly,9,13,1,4,Invoice,1281,62,1,0.7818472148983691,Critical Risk
CUST_002379,2024-04-08,22,56.19,Annual,3,15,1,8,ACH,919,80,1,0.551763861004532,High Risk
CUST_002380,2022-07-08,2,12.94,Monthly,10,12,4,1,Credit Card,1760,58,1,0.8317824543610547,Critical Risk
CUST_002381,2025-10-29,45,122.11,Monthly,3,11,3,9,PayPal,1284,99,0,0.3260294004526698,Medium Risk
CUST_002382,2022-11-10,5,47.73,Annual,8,8,2,5,Invoice,1626,77,1,0.72399526825403,Critical Risk
CUST_002383,2024-08-04,27,65.33,Quarterly,5,7,2,2,Invoice,528,63,0,0.36982217488470875,Medium Risk
CUST_002384,2022-10-19,25,99.06,Quarterly,13,13,3,6,Invoice,365,82,0,0.3339917099722183,Medium Risk
CUST_002385,2021-10-09,8,18.14,Monthly,15,13,3,4,ACH,467,72,1,0.6168760917556818,High Risk
CUST_002386,2022-11-19,55,11.97,Quarterly,7,9,5,8,ACH,1120,96,1,0.45096813055365687,Medium Risk
CUST_002387,2024-11-19,1,115.55,Monthly,5,14,1,8,Credit Card,499,81,0,0.2821959091656113,Low Risk
CUST_002388,2022-01-08,20,28.91,Monthly,10,5,0,10,Credit Card,1111,95,1,0.755805793434134,Critical Risk
CUST_002389,2026-04-12,44,16.9,Quarterly,7,9,2,7,Credit Card,384,86,1,0.8378392943440255,Critical Risk
CUST_002390,2023-11-04,23,41.6,Monthly,6,10,2,3,Credit Card,1649,65,1,0.7072979227803308,Critical Risk
CUST_002391,2021-07-07,32,55.6,Monthly,6,7,1,10,Credit Card,456,98,1,0.5464063089151219,High Risk
CUST_002392,2023-12-18,11,11.57,Monthly,6,16,2,4,ACH,225,64,0,0.3138499891179679,Medium Risk
CUST_002393,2024-02-29,39,26.07,Monthly,11,11,0,3,PayPal,378,54,1,0.7790727807636268,Critical Risk
CUST_002394,2022-02-09,47,11.67,Annual,9,12,5,1,PayPal,1265,58,0,0.258830913373028,Low Risk
CUST_002395,2026-01-23,54,37.27,Annual,14,6,5,7,Invoice,1082,94,0,0.28508850209084385,Low Risk
CUST_002396,2024-04-11,24,122.74,Monthly,14,7,2,10,Invoice,171,100,0,0.4311528765021183,Medium Risk
CUST_002397,2025-01-10,11,212.72,Annual,9,7,1,8,Invoice,1438,88,0,0.3237517649210326,Medium Risk
CUST_002398,2021-11-22,29,60.67,Quarterly,4,14,1,8,ACH,815,81,1,0.6907300121696842,High Risk
CUST_002399,2022-09-19,54,18.82,Quarterly,10,7,1,8,Credit Card,1262,88,0,0.22180321644367593,Low Risk
CUST_002400,2023-10-06,26,128.14,Monthly,8,8,3,1,Invoice,1324,62,0,0.461624196202175,Medium Risk
CUST_002401,2024-11-23,16,46.31,Quarterly,9,9,1,1,Invoice,1169,51,0,0.35918040830138354,Medium Risk
CUST_002402,2025-06-03,35,18.35,Annual,10,11,2,10,Invoice,118,99,0,0.6817342915769344,High Risk
CUST_002403,2026-05-01,20,137.38,Monthly,9,10,1,5,Credit Card,1322,70,1,0.6586272928059003,High Risk
CUST_002404,2025-04-23,46,80.83,Monthly,12,14,1,10,ACH,1685,91,0,0.30629651681134695,Medium Risk
CUST_002405,2025-07-14,3,75.78,Monthly,4,12,0,3,PayPal,510,53,1,0.8217058300597938,Critical Risk
CUST_002406,2024-01-17,1,71.75,Annual,16,9,0,1,PayPal,565,46,1,0.5691925638845281,High Risk
CUST_002407,2023-08-02,58,21.18,Monthly,3,15,0,2,ACH,1471,45,1,0.9285611263736263,Critical Risk
CUST_002408,2024-10-27,53,21.85,Annual,3,14,0,8,Credit Card,424,76,1,0.829836796387547,Critical Risk
CUST_002409,2025-06-19,47,68.28,Monthly,11,9,0,5,PayPal,1538,66,1,0.6883682928404512,High Risk
CUST_002410,2022-02-27,1,22.41,Quarterly,3,9,1,4,Credit Card,1755,66,1,0.8976076555023924,Critical Risk
CUST_002411,2025-04-17,17,38.87,Monthly,10,8,3,2,Invoice,1612,67,1,0.7204007649825638,Critical Risk
CUST_002412,2021-10-29,2,86.16,Quarterly,8,6,2,8,ACH,54,94,1,0.814402457380894,Critical Risk
CUST_002413,2026-04-19,29,86.61,Quarterly,7,9,3,6,PayPal,1158,86,1,0.6032222388736376,High Risk
CUST_002414,2024-12-15,20,40.19,Monthly,12,6,0,8,ACH,1469,84,1,0.8249073478161614,Critical Risk
CUST_002415,2025-09-14,6,88.56,Monthly,5,10,2,1,Credit Card,1118,55,1,0.8451390581239925,Critical Risk
CUST_002416,2023-04-21,8,101.2,Monthly,7,11,1,3,Credit Card,1082,59,0,0.47438385821473583,Medium Risk
CUST_002417,2025-12-24,29,63.18,Quarterly,7,14,2,1,Credit Card,710,51,0,0.43421006563360776,Medium Risk
CUST_002418,2021-07-01,48,22.97,Annual,12,13,3,4,Invoice,488,72,0,0.7323927042012568,Critical Risk
CUST_002419,2024-01-16,51,26.01,Monthly,8,11,2,5,Invoice,1075,74,0,0.5975962916048057,High Risk
CUST_002420,2023-02-19,33,28.91,Monthly,17,6,0,6,Invoice,1641,74,1,0.5544909764527142,High Risk
CUST_002421,2023-11-24,3,16.21,Monthly,9,7,4,6,ACH,1694,88,1,0.8705101057344216,Critical Risk
CUST_002422,2026-04-05,35,25.95,Quarterly,9,8,3,7,ACH,1069,92,1,0.6827085332213487,High Risk
CUST_002423,2026-02-26,5,21.76,Annual,9,11,1,6,Invoice,1284,74,1,0.689617981421257,High Risk
CUST_002424,2023-02-01,27,40.38,Quarterly,7,10,2,3,PayPal,672,65,1,0.5680945997277445,High Risk
CUST_002425,2022-11-27,44,129.54,Monthly,5,14,3,2,Credit Card,1410,61,1,0.6837282666441642,High Risk
CUST_002426,2025-08-15,12,15.52,Monthly,6,14,2,8,ACH,257,86,1,0.8691880297063534,Critical Risk
CUST_002427,2022-04-21,20,73.7,Quarterly,8,11,1,6,Invoice,1659,74,1,0.7733738339883293,Critical Risk
CUST_002428,2022-05-16,45,68.12,Monthly,11,7,2,1,Invoice,1818,58,1,0.6902247270085724,High Risk
CUST_002429,2025-01-28,20,15.03,Quarterly,7,8,1,10,Credit Card,793,97,0,0.592377832258711,High Risk
CUST_002430,2021-09-06,9,137.92,Monthly,14,9,1,10,Invoice,544,96,0,0.26957387790186815,Low Risk
CUST_002431,2025-07-06,39,52.02,Monthly,10,11,2,9,Credit Card,256,94,1,0.7739066932586661,Critical Risk
CUST_002432,2023-10-27,4,32.61,Annual,9,3,3,2,Invoice,1489,72,1,0.629793035327788,High Risk
CUST_002433,2022-09-14,51,80.64,Quarterly,9,10,1,10,Invoice,316,95,0,0.2787570920820641,Low Risk
CUST_002434,2025-07-20,54,24.88,Quarterly,10,11,2,5,Invoice,1600,74,1,0.6124692967706352,High Risk
CUST_002435,2022-06-14,19,69.13,Monthly,6,10,2,2,Credit Card,147,60,0,0.677483735225503,High Risk
CUST_002436,2023-07-04,38,12.03,Monthly,9,9,0,9,Invoice,1487,86,1,0.8550998614767699,Critical Risk
CUST_002437,2021-08-06,27,101.44,Annual,10,9,0,9,Credit Card,1257,86,1,0.6006710727040868,High Risk
CUST_002438,2024-08-11,45,39.73,Annual,3,8,2,3,Invoice,1422,67,1,0.588653628874784,High Risk
CUST_002439,2025-08-06,43,60.63,Annual,12,10,3,2,Credit Card,1588,65,0,0.2524790013123682,Low Risk
CUST_002440,2024-09-18,13,22.5,Monthly,8,10,6,8,PayPal,1646,95,1,0.8975590516961068,Critical Risk
CUST_002441,2021-11-16,13,66.52,Quarterly,9,8,6,9,Invoice,1797,100,1,0.8505251861903134,Critical Risk
CUST_002442,2024-01-10,57,83.97,Annual,12,8,1,2,Credit Card,94,57,0,0.27247066800185304,Low Risk
CUST_002443,2023-12-23,22,42.05,Quarterly,12,13,4,9,Invoice,750,97,1,0.7750099328285519,Critical Risk
CUST_002444,2022-07-18,28,58.08,Annual,4,14,1,3,ACH,1047,56,1,0.6650318144193125,High Risk
CUST_002445,2022-10-30,52,40.47,Monthly,5,13,2,1,Invoice,1542,52,0,0.36748288362160864,Medium Risk
CUST_002446,2025-12-21,47,122.26,Quarterly,5,11,0,6,ACH,1800,69,0,0.2810636021606613,Low Risk
CUST_002447,2022-10-11,53,44.44,Annual,8,14,4,2,Credit Card,1162,61,0,0.29730269836515627,Low Risk
CUST_002448,2021-08-30,45,102.2,Quarterly,12,10,1,1,Credit Card,856,50,1,0.7789296651415861,Critical Risk
CUST_002449,2023-09-04,22,90.81,Quarterly,4,9,2,4,PayPal,284,71,1,0.7498573391778771,Critical Risk
CUST_002450,2024-12-06,43,36.42,Annual,7,9,3,9,ACH,448,100,0,0.32071184318769347,Medium Risk
CUST_002451,2025-06-24,19,23.07,Annual,6,6,1,8,PayPal,92,89,0,0.3405134572355095,Medium Risk
CUST_002452,2024-10-04,8,36.05,Monthly,9,5,2,3,ACH,687,70,1,0.7773307102670501,Critical Risk
CUST_002453,2023-11-29,52,97.5,Monthly,5,12,3,8,Credit Card,39,93,0,0.3273344864816441,Medium Risk
CUST_002454,2022-10-03,8,22.91,Monthly,11,13,2,6,Credit Card,1100,77,1,0.9044367246388191,Critical Risk
CUST_002455,2023-03-15,42,47.16,Monthly,6,13,1,5,Credit Card,152,67,0,0.4338690372235973,Medium Risk
CUST_002456,2023-03-29,26,92.02,Monthly,11,10,1,1,Credit Card,408,50,1,0.8736105724373683,Critical Risk
CUST_002457,2024-06-15,48,31.81,Monthly,3,9,1,9,Credit Card,62,91,0,0.35237549597847717,Medium Risk
CUST_002458,2022-12-22,51,61.39,Monthly,6,8,4,2,PayPal,1059,67,1,0.48707669061854814,Medium Risk
CUST_002459,2025-11-19,26,24.09,Monthly,7,12,4,9,ACH,562,98,0,0.3508960012105563,Medium Risk
CUST_002460,2025-07-02,23,15.79,Monthly,7,11,3,5,PayPal,1467,79,0,0.8668229602608717,Critical Risk
CUST_002461,2022-03-04,43,89.09,Monthly,9,13,2,3,ACH,503,62,1,0.5859009213534047,High Risk
CUST_002462,2021-10-20,13,15.21,Annual,8,9,1,10,Invoice,1818,96,0,0.29802105265093015,Low Risk
CUST_002463,2022-01-04,28,25.83,Annual,10,8,3,7,PayPal,562,92,1,0.6182028433596429,High Risk
CUST_002464,2025-11-28,9,106.59,Monthly,4,12,2,1,Credit Card,652,53,1,0.8112492197437995,Critical Risk
CUST_002465,2022-07-12,20,31.27,Annual,5,15,0,5,ACH,1423,60,0,0.18082537716122318,Low Risk
CUST_002466,2021-07-25,56,190.68,Quarterly,4,10,2,5,ACH,202,75,1,0.73434465722058,Critical Risk
CUST_002467,2024-08-21,19,204.94,Monthly,4,10,1,7,PayPal,638,80,0,0.7198370920797694,Critical Risk
CUST_002468,2022-11-05,48,25.62,Annual,7,10,2,8,PayPal,1427,90,0,0.3273622307102344,Medium Risk
CUST_002469,2023-09-19,39,12.09,Quarterly,6,10,4,8,Invoice,975,95,1,0.829969381831071,Critical Risk
CUST_002470,2025-06-03,51,71.05,Quarterly,7,14,3,1,Credit Card,1440,56,0,0.2049282865585712,Low Risk
CUST_002471,2021-10-10,12,39.98,Monthly,8,9,4,4,Invoice,1129,76,1,0.7033076321863398,Critical Risk
CUST_002472,2023-09-07,15,15.31,Annual,12,5,0,6,ACH,62,75,1,0.8627366747074063,Critical Risk
CUST_002473,2024-12-08,31,71.47,Monthly,9,15,3,10,Credit Card,612,100,0,0.3279219587438226,Medium Risk
CUST_002474,2022-09-24,55,11.58,Annual,2,19,1,2,PayPal,599,36,1,0.6484615384615384,High Risk
CUST_002475,2023-06-24,14,112.09,Quarterly,6,11,0,7,Invoice,1125,74,1,0.6863702983865653,High Risk
CUST_002476,2025-07-25,11,17.46,Annual,10,11,3,9,Invoice,1356,99,1,0.7639208174868357,Critical Risk
CUST_002477,2024-02-26,26,16.81,Quarterly,12,9,3,10,ACH,834,100,1,0.8658813161676288,Critical Risk
CUST_002478,2023-07-13,42,19.66,Monthly,4,12,2,5,Invoice,211,73,1,0.8059413783205476,Critical Risk
CUST_002479,2026-01-04,27,171.28,Quarterly,6,7,4,5,Credit Card,320,83,1,0.7821066036732699,Critical Risk
CUST_002480,2023-06-09,11,69.07,Annual,10,9,2,5,PayPal,1628,76,1,0.6705335165055328,High Risk
CUST_002481,2025-10-17,38,90.82,Monthly,9,9,2,9,PayPal,548,96,1,0.6590040000033852,High Risk
CUST_002482,2025-01-03,34,35.34,Annual,5,10,7,5,PayPal,289,80,1,0.8042172342803855,Critical Risk
CUST_002483,2021-06-17,43,30.5,Monthly,9,9,4,4,Invoice,831,76,1,0.6378395067549778,High Risk
CUST_002484,2023-05-16,19,23.36,Monthly,8,12,2,8,Credit Card,755,88,1,0.8691652630960212,Critical Risk
CUST_002485,2024-01-17,6,42.76,Quarterly,10,12,1,4,ACH,278,63,1,0.8237951195660079,Critical Risk
CUST_002486,2023-02-03,46,50.13,Monthly,3,5,6,8,Credit Card,232,100,1,0.8755513063317912,Critical Risk
CUST_002487,2023-07-29,52,59.95,Annual,7,9,3,7,PayPal,1062,91,0,0.39841924892240543,Medium Risk
CUST_002488,2024-06-11,38,24.86,Monthly,7,10,1,8,PayPal,1671,85,0,0.4369471940884501,Medium Risk
CUST_002489,2022-12-20,49,158.46,Monthly,7,4,1,2,PayPal,172,61,0,0.5817830397675219,High Risk
CUST_002490,2023-07-02,42,19.3,Quarterly,14,14,2,4,Credit Card,1145,66,1,0.8133938186212741,Critical Risk
CUST_002491,2024-12-29,28,178.56,Monthly,7,11,1,3,PayPal,1339,59,0,0.43290043527094224,Medium Risk
CUST_002492,2025-07-31,1,10.75,Annual,7,11,3,7,ACH,398,89,1,0.7421428612291598,Critical Risk
CUST_002493,2024-06-09,35,42.8,Annual,8,8,2,9,Credit Card,329,97,0,0.3771523314066577,Medium Risk
CUST_002494,2025-09-03,40,30.28,Annual,5,12,5,6,ACH,308,83,0,0.3148682247694673,Medium Risk
CUST_002495,2022-12-10,8,39.81,Quarterly,7,10,0,4,PayPal,1377,60,0,0.34764009573259896,Medium Risk
CUST_002496,2022-11-05,59,52.28,Annual,12,10,3,10,Credit Card,1515,100,1,0.8145217918850058,Critical Risk
CUST_002497,2025-12-28,52,38.6,Monthly,4,12,3,4,PayPal,1776,73,0,0.38983446933026145,Medium Risk
CUST_002498,2025-09-28,54,36.79,Quarterly,4,16,3,3,Credit Card,501,64,1,0.7079762675834111,Critical Risk
CUST_002499,2022-09-11,47,75.97,Monthly,10,9,2,6,PayPal,598,81,0,0.42816725056148736,Medium Risk
CUST_002500,2023-01-10,56,67.9,Annual,5,10,2,3,Credit Card,458,65,0,0.4149490010739833,Medium Risk
CUST_002501,2023-06-05,7,99.57,Quarterly,5,13,2,5,Credit Card,1045,72,0,0.36071350627084153,Medium Risk
CUST_002502,2022-12-03,11,24.38,Annual,9,9,1,5,Credit Card,1281,71,0,0.3338233059820477,Medium Risk
CUST_002503,2023-01-11,39,57.02,Quarterly,10,7,3,5,PayPal,740,83,1,0.6445970844049078,High Risk
CUST_002504,2024-12-24,4,54.0,Annual,8,8,3,7,PayPal,1305,92,0,0.34932913278919875,Medium Risk
CUST_002505,2025-03-02,25,33.08,Quarterly,9,13,2,5,PayPal,1672,72,1,0.794224438780219,Critical Risk
CUST_002506,2023-01-17,12,43.28,Quarterly,8,7,1,1,Credit Card,1226,53,1,0.6937327508532123,High Risk
CUST_002507,2023-10-27,26,28.83,Monthly,5,7,1,7,PayPal,1614,83,1,0.7681910999672519,Critical Risk
CUST_002508,2022-05-12,38,17.65,Monthly,6,11,1,7,ACH,1068,79,1,0.8247193988079542,Critical Risk
CUST_002509,2022-09-23,46,22.03,Monthly,18,10,1,10,Credit Card,716,95,0,0.2536636468087226,Low Risk
CUST_002510,2025-12-03,12,15.58,Annual,9,12,4,3,ACH,1806,68,1,0.8237677618335414,Critical Risk
CUST_002511,2025-04-14,43,67.45,Monthly,7,13,3,6,ACH,663,82,1,0.6794166320820381,High Risk
CUST_002512,2021-10-14,51,64.05,Monthly,6,9,4,5,Invoice,162,81,1,0.615367485467043,High Risk
CUST_002513,2025-06-29,53,160.4,Monthly,10,7,1,1,ACH,646,53,0,0.3061473756256996,Medium Risk
CUST_002514,2022-08-12,37,75.41,Quarterly,11,12,1,7,Invoice,1665,78,1,0.7998272984279428,Critical Risk
CUST_002515,2024-04-17,46,12.67,Annual,4,8,3,4,Invoice,1499,77,0,0.33439135062492353,Medium Risk
CUST_002516,2023-11-23,53,117.81,Monthly,8,10,1,2,Credit Card,497,55,1,0.7976486253146576,Critical Risk
CUST_002517,2025-04-23,24,109.27,Monthly,14,14,4,2,Credit Card,676,61,1,0.7784685038445839,Critical Risk
CUST_002518,2023-07-06,16,39.29,Monthly,9,8,1,8,PayPal,359,87,0,0.699779097392568,High Risk
CUST_002519,2022-08-07,57,54.08,Monthly,6,13,0,3,ACH,1758,52,0,0.3354843043353727,Medium Risk
CUST_002520,2025-12-25,13,196.65,Monthly,4,6,1,6,Invoice,1407,79,0,0.3244516370552785,Medium Risk
CUST_002521,2023-07-23,25,48.0,Quarterly,8,8,1,8,Credit Card,1140,87,1,0.6427958447953814,High Risk
CUST_002522,2024-07-03,54,127.86,Quarterly,6,8,1,7,PayPal,1659,82,0,0.36035267513608454,Medium Risk
CUST_002523,2022-07-27,54,14.33,Monthly,8,6,5,3,Invoice,965,74,1,0.7297745457326158,Critical Risk
CUST_002524,2022-07-21,57,20.6,Monthly,3,12,3,9,PayPal,598,98,1,0.7839831398471564,Critical Risk
CUST_002525,2024-12-02,52,39.06,Monthly,3,12,2,2,PayPal,446,58,1,0.5302453066007652,High Risk
CUST_002526,2022-03-06,54,53.94,Monthly,5,6,1,8,Invoice,511,89,1,0.7243323857594639,Critical Risk
CUST_002527,2026-02-06,4,94.7,Monthly,10,11,2,7,Credit Card,1645,84,1,0.8976962206830568,Critical Risk
CUST_002528,2023-01-20,11,232.25,Monthly,5,11,0,10,ACH,447,89,1,0.8739373529067254,Critical Risk
CUST_002529,2023-01-02,32,34.62,Monthly,6,7,4,2,Credit Card,1467,68,1,0.8139044137176348,Critical Risk
CUST_002530,2025-06-26,49,12.43,Annual,13,9,2,5,Credit Card,181,76,0,0.2860442199321027,Low Risk
CUST_002531,2023-03-17,7,90.77,Annual,4,10,0,5,Invoice,833,65,1,0.6613053392923254,High Risk
CUST_002532,2022-12-08,46,56.37,Annual,8,8,1,10,PayPal,1581,97,0,0.23335217818560125,Low Risk
CUST_002533,2025-03-02,58,21.07,Monthly,11,11,2,2,ACH,1029,59,1,0.7676110256076432,Critical Risk
CUST_002534,2022-05-26,11,44.14,Quarterly,13,13,1,8,Credit Card,855,82,1,0.6639249989606003,High Risk
CUST_002535,2026-01-09,28,77.8,Quarterly,12,11,0,2,ACH,398,49,1,0.7982016895259395,Critical Risk
CUST_002536,2023-02-19,54,83.57,Monthly,14,5,2,7,Credit Card,1056,90,0,0.4221539905453446,Medium Risk
CUST_002537,2022-01-22,41,44.62,Monthly,8,11,2,6,ACH,1006,79,1,0.7233536913405522,Critical Risk
CUST_002538,2021-10-04,23,28.21,Annual,6,10,1,7,PayPal,1340,80,1,0.634166533598589,High Risk
CUST_002539,2025-07-04,45,191.99,Monthly,9,8,2,9,PayPal,1824,97,0,0.2759807641785471,Low Risk
CUST_002540,2024-04-19,23,64.44,Monthly,8,10,5,5,ACH,169,80,1,0.7646528264902352,Critical Risk
CUST_002541,2024-09-22,50,36.23,Annual,9,13,1,7,Invoice,1219,77,1,0.7547975564213344,Critical Risk
CUST_002542,2023-08-20,28,26.46,Annual,3,12,1,4,PayPal,203,63,0,0.21625767337561622,Low Risk
CUST_002543,2025-05-23,43,75.67,Monthly,10,7,2,4,Credit Card,1541,73,1,0.6666135276174187,High Risk
CUST_002544,2024-02-09,47,23.87,Annual,4,4,2,10,Credit Card,1499,100,1,0.8086189775533444,Critical Risk
CUST_002545,2024-02-22,57,19.42,Quarterly,7,11,3,9,ACH,1379,99,0,0.24306585486924767,Low Risk
CUST_002546,2023-07-13,26,47.73,Monthly,8,12,0,7,ACH,874,73,1,0.6942529594517677,High Risk
CUST_002547,2023-02-17,25,27.12,Annual,2,12,0,8,PayPal,1362,68,0,0.2742313910027628,Low Risk
CUST_002548,2022-09-30,54,59.56,Monthly,5,11,1,9,ACH,319,89,1,0.7965384875902862,Critical Risk
CUST_002549,2021-09-28,29,16.27,Monthly,11,14,2,7,Invoice,1698,81,1,0.8600335851577121,Critical Risk
CUST_002550,2023-05-22,19,63.2,Annual,7,9,1,5,PayPal,917,71,1,0.6501202716133104,High Risk
CUST_002551,2022-09-13,33,26.65,Monthly,6,10,2,4,Invoice,486,70,0,0.4174325472928186,Medium Risk
CUST_002552,2023-05-06,36,10.01,Monthly,5,14,1,4,Invoice,1080,61,1,0.773794568718005,Critical Risk
CUST_002553,2025-05-07,14,16.79,Monthly,7,8,2,7,Credit Card,425,87,1,0.863041864311606,Critical Risk
CUST_002554,2021-11-19,14,145.61,Annual,10,10,2,1,Credit Card,397,55,1,0.5457818172302967,High Risk
CUST_002555,2022-12-06,35,111.0,Annual,14,11,4,1,ACH,1583,59,1,0.7777218857398708,Critical Risk
CUST_002556,2023-07-28,30,23.3,Monthly,10,15,4,8,Invoice,1740,90,0,0.40595236908680077,Medium Risk
CUST_002557,2024-05-29,28,85.34,Annual,9,2,1,6,Invoice,1223,83,1,0.7549779487542833,Critical Risk
CUST_002558,2024-10-05,17,56.9,Monthly,8,8,1,1,Credit Card,1339,52,1,0.7233493849538638,Critical Risk
CUST_002559,2021-12-06,3,186.86,Annual,8,8,1,5,PayPal,66,72,1,0.8375947517426912,Critical Risk
CUST_002560,2023-02-03,16,33.39,Monthly,10,10,2,8,ACH,327,90,0,0.48792494485274135,Medium Risk
CUST_002561,2021-09-01,46,67.2,Annual,8,13,1,1,Credit Card,813,47,1,0.6430446526814607,High Risk
CUST_002562,2023-04-16,30,13.28,Quarterly,6,4,2,10,Invoice,56,100,0,0.20378421309872918,Low Risk
CUST_002563,2024-06-14,52,35.23,Quarterly,11,9,0,8,Credit Card,948,81,0,0.29258210888996283,Low Risk
CUST_002564,2024-03-13,29,175.96,Monthly,14,10,1,3,Credit Card,1041,60,1,0.7687115612518697,Critical Risk
CUST_002565,2024-09-25,45,48.72,Quarterly,8,8,5,10,Credit Card,1763,100,1,0.8299798769124915,Critical Risk
CUST_002566,2021-06-17,15,26.98,Monthly,10,7,2,10,Invoice,135,100,1,0.7768695314626506,Critical Risk
CUST_002567,2024-09-21,46,16.41,Quarterly,10,14,3,3,Invoice,541,66,1,0.7918569683318095,Critical Risk
CUST_002568,2023-02-05,56,70.79,Monthly,10,7,3,4,ACH,619,78,0,0.2695507041753377,Low Risk
CUST_002569,2024-12-30,25,61.76,Monthly,13,7,1,8,PayPal,184,88,1,0.8152526881316541,Critical Risk
CUST_002570,2023-09-05,51,33.42,Monthly,9,13,7,10,ACH,46,100,1,0.8209337147611484,Critical Risk
CUST_002571,2022-08-24,38,160.74,Monthly,10,6,2,8,ACH,776,94,0,0.45091092210756656,Medium Risk
CUST_002572,2021-11-11,42,11.12,Annual,9,14,0,2,Credit Card,1176,46,0,0.24405923522342957,Low Risk
CUST_002573,2022-06-28,59,28.1,Quarterly,4,12,2,2,ACH,803,58,1,0.6982894982518631,High Risk
CUST_002574,2023-04-03,47,136.96,Annual,8,9,2,5,PayPal,1515,76,1,0.6607808151599796,High Risk
CUST_002575,2024-12-25,53,29.35,Annual,4,6,3,1,ACH,112,64,1,0.5755362725880093,High Risk
CUST_002576,2021-10-08,54,24.53,Annual,10,7,5,8,ACH,1703,98,1,0.8568807606881137,Critical Risk
CUST_002577,2021-11-07,52,48.2,Monthly,5,14,3,9,PayPal,1173,96,0,0.5371190795298396,High Risk
CUST_002578,2026-04-14,58,96.81,Monthly,4,8,4,4,PayPal,202,77,1,0.7568122153663575,Critical Risk
CUST_002579,2022-04-16,38,15.44,Monthly,10,7,3,8,Credit Card,1821,98,1,0.808756263044398,Critical Risk
CUST_002580,2022-03-19,23,153.25,Monthly,12,7,5,2,PayPal,1493,68,0,0.3401385185794003,Medium Risk
CUST_002581,2021-11-27,25,89.26,Monthly,6,12,3,7,PayPal,828,88,1,0.771802824964745,Critical Risk
CUST_002582,2025-04-01,42,20.0,Monthly,8,11,1,5,Credit Card,1306,69,0,0.7089145767035424,Critical Risk
CUST_002583,2023-08-06,7,72.24,Monthly,6,6,5,10,Credit Card,760,100,0,0.6085996999143214,High Risk
CUST_002584,2022-10-08,22,34.3,Monthly,12,8,1,3,Credit Card,1477,62,1,0.788729381561588,Critical Risk
CUST_002585,2024-01-03,17,35.73,Quarterly,4,10,1,3,Invoice,32,60,0,0.27803124346313024,Low Risk
CUST_002586,2022-07-14,18,86.46,Monthly,12,11,1,1,PayPal,1228,49,1,0.783793071192201,Critical Risk
CUST_002587,2022-08-17,49,174.55,Annual,4,10,1,1,ACH,633,50,0,0.2713687532574605,Low Risk
CUST_002588,2021-10-11,41,16.77,Annual,13,11,3,8,ACH,1550,94,1,0.8521203233068063,Critical Risk
CUST_002589,2022-08-04,10,37.29,Annual,4,9,2,10,Invoice,1421,100,0,0.5300410699142901,High Risk
CUST_002590,2024-02-01,10,42.79,Monthly,12,13,4,5,ACH,1461,77,1,0.7527012462934529,Critical Risk
CUST_002591,2025-02-02,57,33.61,Monthly,3,8,3,8,PayPal,1026,97,0,0.549106885354615,High Risk
CUST_002592,2021-11-20,7,32.56,Monthly,8,11,5,4,Invoice,1704,74,0,0.36281296030712645,Medium Risk
CUST_002593,2024-05-08,48,12.68,Monthly,10,12,3,7,Credit Card,232,88,1,0.7202335081234843,Critical Risk
CUST_002594,2021-09-27,50,67.84,Monthly,10,14,4,10,Invoice,1296,100,1,0.8118302598701054,Critical Risk
CUST_002595,2023-05-10,38,38.65,Annual,11,13,1,5,ACH,572,67,0,0.30229933221314914,Medium Risk
CUST_002596,2023-04-29,27,20.83,Annual,6,13,1,4,Invoice,1356,62,0,0.3544644081340443,Medium Risk
CUST_002597,2024-05-22,52,94.65,Annual,7,4,2,5,ACH,1643,81,1,0.7272636240312511,Critical Risk
CUST_002598,2025-12-11,33,91.12,Monthly,8,9,4,4,ACH,1736,76,1,0.7612662794203938,Critical Risk
CUST_002599,2023-10-29,1,43.31,Monthly,6,6,1,3,Credit Card,808,64,1,0.7953662775822684,Critical Risk
CUST_002600,2024-01-26,44,27.72,Quarterly,6,10,0,8,PayPal,1621,80,0,0.5560619457289676,High Risk
CUST_002601,2024-09-05,53,60.82,Monthly,11,8,2,6,Credit Card,803,82,1,0.6879793050733464,High Risk
CUST_002602,2022-03-28,34,26.99,Annual,9,9,0,1,PayPal,1182,46,0,0.4275324717534394,Medium Risk
CUST_002603,2022-05-23,4,23.46,Annual,9,10,6,10,Credit Card,1385,100,1,0.6898174603174604,High Risk
CUST_002604,2025-07-02,17,75.56,Monthly,5,8,3,6,Credit Card,1055,87,1,0.8491146764062647,Critical Risk
CUST_002605,2024-04-27,4,12.06,Monthly,6,8,1,8,Credit Card,1729,87,1,0.732769777265745,Critical Risk
CUST_002606,2022-03-04,43,14.98,Monthly,7,9,2,4,ACH,998,71,1,0.7910537675168583,Critical Risk
CUST_002607,2025-07-16,54,10.34,Monthly,11,16,3,2,PayPal,1389,59,1,0.7596040719002201,Critical Risk
CUST_002608,2026-01-21,26,18.3,Monthly,6,5,0,4,PayPal,966,65,1,0.7772904953738059,Critical Risk
CUST_002609,2022-10-20,4,13.57,Monthly,6,9,2,9,ACH,511,96,1,0.8621296728880296,Critical Risk
CUST_002610,2023-12-18,1,283.66,Monthly,12,6,3,7,Credit Card,1758,94,1,0.8846203346203346,Critical Risk
CUST_002611,2023-09-08,7,27.04,Annual,3,12,5,10,PayPal,1690,100,0,0.2594146741133827,Low Risk
CUST_002612,2021-10-30,30,18.08,Quarterly,7,7,1,7,PayPal,95,83,0,0.609127664782283,High Risk
CUST_002613,2023-09-02,50,23.79,Monthly,7,8,6,2,ACH,668,67,1,0.7877609429135944,Critical Risk
CUST_002614,2024-01-12,9,147.54,Quarterly,8,8,2,3,Invoice,506,67,1,0.5367208079371039,High Risk
CUST_002615,2023-09-14,35,46.72,Quarterly,7,14,3,7,Credit Card,1159,86,0,0.361225814310707,Medium Risk
CUST_002616,2023-10-04,8,32.69,Quarterly,7,17,3,5,ACH,913,73,1,0.7005684581458463,Critical Risk
CUST_002617,2023-07-11,24,113.33,Quarterly,5,8,3,8,ACH,1382,97,0,0.294950744128146,Low Risk
CUST_002618,2026-02-07,19,35.13,Monthly,8,6,2,7,Credit Card,805,89,1,0.7928817048503631,Critical Risk
CUST_002619,2025-06-09,36,30.4,Monthly,8,11,2,4,Invoice,1273,69,1,0.507572190132776,High Risk
CUST_002620,2024-02-07,50,21.61,Annual,8,11,2,4,ACH,1481,69,0,0.3954704070527477,Medium Risk
CUST_002621,2022-04-20,52,33.72,Annual,7,7,0,8,ACH,680,83,0,0.3270682727950645,Medium Risk
CUST_002622,2025-02-03,59,29.04,Quarterly,6,8,2,9,ACH,286,97,1,0.7498771966002385,Critical Risk
CUST_002623,2024-08-12,43,66.55,Quarterly,9,8,2,8,PayPal,973,92,1,0.5932572573023492,High Risk
CUST_002624,2022-12-05,27,27.1,Annual,6,9,4,5,PayPal,1763,81,1,0.7476872286091509,Critical Risk
CUST_002625,2023-02-10,32,53.04,Monthly,8,11,0,1,Invoice,199,44,1,0.8484605372630576,Critical Risk
CUST_002626,2024-07-07,14,13.41,Monthly,11,11,2,6,PayPal,490,79,1,0.8315876034609289,Critical Risk
CUST_002627,2026-04-21,57,20.62,Monthly,7,11,3,3,Invoice,458,69,0,0.3508002012402862,Medium Risk
CUST_002628,2023-03-03,18,36.16,Annual,10,13,1,4,Credit Card,1400,62,0,0.2543898756545913,Low Risk
CUST_002629,2025-07-03,28,148.19,Annual,12,8,2,10,Credit Card,1012,100,0,0.24533292590092176,Low Risk
CUST_002630,2022-09-24,29,33.68,Quarterly,8,11,0,1,Invoice,1599,44,1,0.8333857001232826,Critical Risk
CUST_002631,2023-09-01,16,64.54,Annual,12,4,2,5,Credit Card,136,81,0,0.33020414798683256,Medium Risk
CUST_002632,2022-09-17,35,24.72,Quarterly,12,9,1,8,Credit Card,61,86,1,0.7552036167349563,Critical Risk
CUST_002633,2021-07-04,47,16.79,Annual,11,11,2,2,Invoice,346,59,1,0.7953736264935075,Critical Risk
CUST_002634,2024-03-11,59,13.02,Quarterly,9,9,3,6,Credit Card,250,86,0,0.2028466744336987,Low Risk
CUST_002635,2026-03-21,59,28.22,Monthly,8,11,0,10,Credit Card,291,89,0,0.6324842112738438,High Risk
CUST_002636,2023-10-02,31,18.58,Quarterly,6,9,1,8,Credit Card,901,86,0,0.34314164067320974,Medium Risk
CUST_002637,2025-05-25,4,19.56,Annual,3,6,4,8,ACH,1003,99,0,0.2802465321416934,Low Risk
CUST_002638,2022-08-22,37,81.51,Monthly,3,3,2,7,PayPal,1003,92,1,0.7843747587922115,Critical Risk
CUST_002639,2024-12-21,17,10.8,Monthly,6,5,7,9,PayPal,126,100,1,0.709629710728548,Critical Risk
CUST_002640,2025-05-04,39,50.8,Quarterly,2,12,2,7,PayPal,779,73,1,0.6732356105340745,High Risk
CUST_002641,2023-11-24,48,33.86,Monthly,3,7,1,10,Credit Card,987,98,1,0.8494357482384802,Critical Risk
CUST_002642,2025-03-02,46,45.32,Monthly,14,13,0,6,PayPal,320,67,1,0.7921536597963513,Critical Risk
CUST_002643,2023-08-02,26,51.37,Monthly,7,12,1,6,Invoice,939,73,0,0.5096330088106649,High Risk
CUST_002644,2026-04-12,48,28.8,Annual,9,21,6,4,PayPal,906,65,1,0.6245404646887807,High Risk
CUST_002645,2025-03-22,39,27.49,Quarterly,7,8,2,8,Invoice,586,92,0,0.3198462048928609,Medium Risk
CUST_002646,2024-08-22,41,76.1,Monthly,6,11,1,2,Invoice,1046,54,1,0.7350329206505221,Critical Risk
CUST_002647,2023-07-23,4,112.5,Monthly,11,7,0,10,Credit Card,567,93,1,0.5862937403315844,High Risk
CUST_002648,2025-06-01,30,20.7,Quarterly,4,11,2,2,PayPal,1805,59,0,0.24723364686622176,Low Risk
CUST_002649,2023-03-19,30,15.14,Annual,8,8,1,9,ACH,325,92,1,0.8280923235680194,Critical Risk
CUST_002650,2023-03-12,22,124.04,Quarterly,5,9,1,8,ACH,1727,86,0,0.47991381759546536,Medium Risk
CUST_002651,2025-03-30,11,31.53,Monthly,12,6,1,5,Invoice,620,74,0,0.4584991108757648,Medium Risk
CUST_002652,2024-03-01,2,50.07,Monthly,9,7,1,3,Invoice,1307,63,1,0.8425313561541597,Critical Risk
CUST_002653,2024-05-18,44,32.28,Monthly,1,7,5,4,ACH,633,58,1,0.7573599238296415,Critical Risk
CUST_002654,2026-03-13,12,16.72,Annual,6,9,2,3,Credit Card,636,66,1,0.771278366686363,Critical Risk
CUST_002655,2025-06-13,30,54.5,Monthly,12,11,2,5,Credit Card,1119,74,1,0.6271867933480724,High Risk
CUST_002656,2024-03-05,36,47.24,Monthly,8,9,3,8,Invoice,1203,96,0,0.5187540794590254,High Risk
CUST_002657,2025-12-13,18,21.34,Monthly,10,13,1,3,Invoice,1478,57,1,0.8995776857770116,Critical Risk
CUST_002658,2025-01-18,26,40.06,Monthly,9,7,3,4,ACH,344,78,1,0.6712253205496697,High Risk
CUST_002659,2024-03-07,53,89.71,Quarterly,12,11,2,9,Invoice,256,94,0,0.29962289122155567,Low Risk
CUST_002660,2022-08-14,7,54.63,Monthly,12,12,0,4,PayPal,1391,58,0,0.3933224586877083,Medium Risk
CUST_002661,2023-09-12,1,15.1,Annual,10,14,1,5,Invoice,777,66,1,0.9149465685176892,Critical Risk
CUST_002662,2023-07-30,58,49.71,Quarterly,5,11,2,4,Credit Card,1725,69,1,0.6571642150502375,High Risk
CUST_002663,2025-04-25,26,70.66,Monthly,7,8,1,6,ACH,832,77,0,0.5472296107685172,High Risk
CUST_002664,2021-12-27,23,88.68,Annual,11,12,1,6,PayPal,652,73,0,0.35521486904559935,Medium Risk
CUST_002665,2024-12-25,26,59.59,Quarterly,7,6,6,6,Invoice,1123,89,0,0.6268157677232652,High Risk
CUST_002666,2022-01-21,45,18.28,Quarterly,11,16,6,5,ACH,1441,74,1,0.6243328967214417,High Risk
CUST_002667,2021-09-13,6,71.92,Monthly,7,11,4,7,Invoice,1403,89,1,0.7959418770900101,Critical Risk
CUST_002668,2024-04-12,6,66.56,Monthly,7,14,2,3,ACH,783,61,1,0.6893666079361932,High Risk
CUST_002669,2023-02-08,44,11.24,Monthly,7,13,4,8,PayPal,1001,92,1,0.8782065940091622,Critical Risk
CUST_002670,2025-07-16,8,36.53,Annual,8,13,3,3,Invoice,1573,67,0,0.2939201065893716,Low Risk
CUST_002671,2021-10-04,24,30.24,Annual,10,14,0,3,Credit Card,850,51,1,0.7093811448337027,Critical Risk
CUST_002672,2023-02-20,22,65.34,Annual,2,11,3,4,PayPal,1394,64,0,0.27248558068346534,Low Risk
CUST_002673,2026-01-17,19,22.18,Monthly,7,9,2,2,Invoice,828,61,0,0.4162470778061847,Medium Risk
CUST_002674,2022-05-20,37,54.69,Monthly,9,16,2,6,PayPal,51,74,1,0.8056242216124236,Critical Risk
CUST_002675,2024-07-02,18,132.21,Annual,6,11,1,8,Invoice,1707,84,0,0.30780567911982293,Medium Risk
CUST_002676,2021-09-24,31,89.93,Monthly,9,8,3,10,Invoice,1766,100,0,0.6131442752282995,High Risk
CUST_002677,2026-05-01,37,137.21,Annual,5,11,4,9,Invoice,1086,99,1,0.7758463188021618,Critical Risk
CUST_002678,2024-09-21,30,202.0,Monthly,7,19,0,4,PayPal,941,51,0,0.30907058998411485,Medium Risk
CUST_002679,2024-07-28,57,10.54,Monthly,5,11,2,4,PayPal,47,69,1,0.7734277681097537,Critical Risk
CUST_002680,2026-02-02,42,58.74,Monthly,7,9,2,1,Credit Card,1709,56,0,0.39507381534181457,Medium Risk
CUST_002681,2022-08-03,33,36.62,Monthly,8,16,1,9,ACH,1083,84,0,0.7022972248070763,Critical Risk
CUST_002682,2025-05-18,10,108.25,Monthly,11,14,2,2,Credit Card,405,56,1,0.646709796043623,High Risk
CUST_002683,2022-04-11,37,24.51,Monthly,8,8,6,4,Credit Card,1673,77,1,0.820668276081739,Critical Risk
CUST_002684,2022-10-24,12,208.24,Monthly,8,15,3,7,ACH,937,85,0,0.5228314650509531,High Risk
CUST_002685,2022-07-28,54,57.56,Monthly,4,13,2,8,PayPal,43,87,1,0.8765804830700508,Critical Risk
CUST_002686,2023-03-28,30,88.88,Monthly,9,11,2,10,Credit Card,645,99,0,0.40747532722826585,Medium Risk
CUST_002687,2021-12-05,27,14.47,Annual,6,16,2,2,Invoice,1154,54,0,0.34852187349487407,Medium Risk
CUST_002688,2023-06-05,39,20.13,Monthly,9,10,2,6,Credit Card,251,80,1,0.6041524603372587,High Risk
CUST_002689,2023-11-06,9,81.02,Annual,10,14,1,1,ACH,242,46,0,0.29182115895913613,Low Risk
CUST_002690,2025-11-25,54,11.11,Annual,6,8,0,10,PayPal,284,92,1,0.832881056893618,Critical Risk
CUST_002691,2021-12-08,21,94.88,Annual,4,9,2,7,ACH,675,86,1,0.6468009216646671,High Risk
CUST_002692,2023-09-17,12,10.7,Quarterly,8,6,2,2,Invoice,554,64,0,0.506777476705911,High Risk
CUST_002693,2025-06-25,55,63.52,Monthly,4,8,4,6,Invoice,1745,87,1,0.7310898804177733,Critical Risk
CUST_002694,2022-11-15,29,32.71,Annual,14,9,3,10,PayPal,529,100,1,0.46345098179544303,Medium Risk
CUST_002695,2025-02-12,33,57.27,Quarterly,6,8,0,3,Credit Card,523,57,1,0.6853741560560758,High Risk
CUST_002696,2025-07-09,43,69.54,Quarterly,7,12,1,9,PayPal,1434,88,1,0.7290344296077206,Critical Risk
CUST_002697,2023-09-24,53,30.96,Monthly,3,10,2,4,PayPal,1273,70,1,0.6762714694604708,High Risk
CUST_002698,2026-03-28,15,15.71,Monthly,7,9,2,2,Credit Card,110,61,1,0.9022698290337943,Critical Risk
CUST_002699,2023-04-21,2,13.61,Monthly,10,13,1,2,Credit Card,1258,52,1,0.9344831932773109,Critical Risk
CUST_002700,2022-04-18,52,54.45,Annual,9,8,2,8,Credit Card,1544,92,1,0.7167344261397465,Critical Risk
CUST_002701,2022-06-24,39,46.77,Annual,7,12,2,2,Credit Card,254,58,1,0.7157841773561249,Critical Risk
CUST_002702,2023-01-23,53,77.78,Monthly,8,10,6,10,Credit Card,1666,100,1,0.8163411145850106,Critical Risk
CUST_002703,2022-07-03,44,45.64,Annual,7,12,3,2,Credit Card,866,63,0,0.42210805599936835,Medium Risk
CUST_002704,2021-08-28,54,37.45,Annual,3,11,2,7,Credit Card,1817,84,1,0.4811669251766024,Medium Risk
CUST_002705,2022-07-17,18,35.38,Monthly,3,8,1,1,PayPal,510,52,1,0.6515603606269903,High Risk
CUST_002706,2024-10-21,3,11.34,Quarterly,12,11,2,1,Invoice,1151,54,1,0.8744549441786282,Critical Risk
CUST_002707,2023-11-24,7,30.44,Annual,4,10,1,6,Credit Card,939,75,0,0.3495119310475394,Medium Risk
CUST_002708,2025-12-13,43,196.53,Monthly,10,7,1,10,ACH,1808,98,1,0.43748400258261533,Medium Risk
CUST_002709,2023-11-28,18,113.4,Annual,3,6,3,8,ACH,1180,99,1,0.7196035398954399,Critical Risk
CUST_002710,2023-03-18,44,29.98,Monthly,9,9,0,10,Credit Card,1266,91,1,0.7916432377218255,Critical Risk
CUST_002711,2022-10-10,38,54.31,Annual,12,11,5,8,Credit Card,1259,94,1,0.7733542031423808,Critical Risk
CUST_002712,2024-05-07,37,103.96,Quarterly,7,7,0,7,PayPal,632,78,0,0.28917477919239415,Low Risk
CUST_002713,2022-12-06,58,39.1,Quarterly,7,11,0,4,ACH,452,59,0,0.23332053965162125,Low Risk
CUST_002714,2023-06-18,33,10.91,Monthly,7,7,1,6,PayPal,771,78,1,0.7698351528491392,Critical Risk
CUST_002715,2024-11-28,44,13.87,Monthly,17,10,3,9,Credit Card,461,100,0,0.2328550469985891,Low Risk
CUST_002716,2026-04-23,59,45.71,Monthly,6,13,2,4,ACH,789,67,0,0.42379214803900017,Medium Risk
CUST_002717,2023-08-23,31,184.4,Annual,6,10,2,8,Invoice,825,90,1,0.6950752756467342,High Risk
CUST_002718,2025-04-20,58,69.08,Monthly,11,10,3,8,PayPal,1374,95,1,0.6641056622872991,High Risk
CUST_002719,2021-10-19,11,13.68,Annual,6,9,4,6,PayPal,810,86,1,0.7889207587385789,Critical Risk
CUST_002720,2021-10-15,4,20.5,Monthly,8,9,1,7,PayPal,1685,81,0,0.8241533351380003,Critical Risk
CUST_002721,2024-06-20,59,83.77,Monthly,10,15,3,1,ACH,371,55,1,0.8573747909377072,Critical Risk
CUST_002722,2024-09-26,18,102.08,Monthly,11,9,3,2,PayPal,1738,66,1,0.6714620452273873,High Risk
CUST_002723,2025-12-02,4,58.08,Quarterly,7,16,1,10,Invoice,1056,89,1,0.842673038997241,Critical Risk
CUST_002724,2024-05-13,49,61.7,Annual,10,10,1,10,PayPal,780,95,0,0.225896690674916,Low Risk
CUST_002725,2023-05-26,34,11.44,Monthly,7,7,4,5,ACH,1359,83,0,0.3435066429345768,Medium Risk
CUST_002726,2023-02-10,29,98.17,Monthly,4,11,1,4,Credit Card,670,64,1,0.7365032085274748,Critical Risk
CUST_002727,2023-12-26,24,87.62,Annual,9,5,1,5,PayPal,1408,75,0,0.36313540171336184,Medium Risk
CUST_002728,2022-09-24,22,24.99,Monthly,11,7,1,5,Credit Card,81,73,0,0.3532742990087849,Medium Risk
CUST_002729,2021-12-11,2,71.67,Annual,9,14,0,10,ACH,195,86,0,0.4965480470853073,Medium Risk
CUST_002730,2026-03-14,44,22.09,Quarterly,9,12,2,3,ACH,1301,63,1,0.7685925514193976,Critical Risk
CUST_002731,2024-07-08,6,12.06,Annual,4,11,1,6,PayPal,551,74,1,0.7970827373454809,Critical Risk
CUST_002732,2024-11-18,42,21.23,Annual,2,9,0,1,PayPal,117,36,1,0.8343741156704161,Critical Risk
CUST_002733,2021-11-09,25,19.84,Annual,9,6,1,4,ACH,787,69,0,0.2962074535976337,Low Risk
CUST_002734,2023-05-15,55,30.61,Quarterly,12,13,7,10,PayPal,1292,100,1,0.5075955641365859,High Risk
CUST_002735,2023-01-28,57,37.1,Quarterly,9,24,2,10,PayPal,337,90,1,0.6289263348737033,High Risk
CUST_002736,2022-12-24,21,45.52,Annual,6,14,4,4,Credit Card,293,71,1,0.6887165429317968,High Risk
CUST_002737,2023-12-28,55,42.39,Monthly,8,13,2,9,Credit Card,599,92,1,0.7667030931938297,Critical Risk
CUST_002738,2025-12-08,59,25.78,Monthly,9,12,1,1,Invoice,718,48,1,0.8946129084625053,Critical Risk
CUST_002739,2023-10-31,16,11.48,Monthly,7,13,2,9,ACH,1441,92,1,0.6667877639459667,High Risk
CUST_002740,2021-09-06,31,56.46,Annual,14,14,4,8,Invoice,319,91,0,0.2663527904201115,Low Risk
CUST_002741,2023-08-14,14,35.19,Annual,6,8,3,10,PayPal,445,100,1,0.3551879309691991,Medium Risk
CUST_002742,2022-05-01,39,27.74,Monthly,15,7,2,2,PayPal,1033,63,1,0.6676050958677435,High Risk
CUST_002743,2025-09-03,28,110.85,Monthly,10,13,3,2,Invoice,279,62,1,0.6857786071504531,High Risk
CUST_002744,2024-09-29,32,78.67,Monthly,10,17,2,4,Credit Card,1298,63,0,0.34738470713905123,Medium Risk
CUST_002745,2024-06-15,28,107.51,Quarterly,9,10,3,6,PayPal,771,85,1,0.680638626080277,High Risk
CUST_002746,2021-12-30,51,44.16,Annual,7,14,6,3,Credit Card,1447,66,0,0.32553750466335885,Medium Risk
CUST_002747,2025-01-05,55,17.02,Annual,11,15,3,9,ACH,960,95,0,0.29418942709963125,Low Risk
CUST_002748,2023-03-28,49,69.57,Monthly,7,12,2,7,ACH,965,83,1,0.7234439281603849,Critical Risk
CUST_002749,2022-11-30,9,21.54,Annual,12,15,1,1,ACH,490,45,1,0.8875418803418803,Critical Risk
CUST_002750,2024-06-29,58,39.1,Monthly,13,17,1,10,ACH,985,88,1,0.6599695702893957,High Risk
CUST_002751,2024-08-10,45,13.36,Annual,3,12,1,4,ACH,1771,63,1,0.7194086700244717,Critical Risk
CUST_002752,2024-07-11,22,97.24,Monthly,7,13,0,3,PayPal,1429,52,1,0.7683170209435545,Critical Risk
CUST_002753,2024-07-10,32,16.73,Monthly,10,15,3,4,PayPal,385,70,0,0.6894170492171731,High Risk
CUST_002754,2022-05-08,5,126.7,Monthly,7,13,3,6,PayPal,928,82,0,0.3948892158259547,Medium Risk
CUST_002755,2024-02-18,23,109.84,Monthly,7,6,2,3,Invoice,1168,69,0,0.5129398851534145,High Risk
CUST_002756,2021-09-27,5,41.24,Quarterly,16,15,6,9,Credit Card,1691,95,1,0.8869631642512077,Critical Risk
CUST_002757,2025-03-10,42,78.2,Monthly,8,5,1,10,PayPal,536,100,0,0.41353065939933936,Medium Risk
CUST_002758,2023-08-19,53,58.31,Monthly,9,5,0,9,Credit Card,736,90,0,0.6624383739920395,High Risk
CUST_002759,2022-04-15,32,91.25,Annual,9,10,5,4,PayPal,800,75,0,0.4624929056675988,Medium Risk
CUST_002760,2023-02-04,59,38.26,Quarterly,13,18,2,9,Invoice,1373,87,1,0.683828473998295,High Risk
CUST_002761,2022-02-06,10,87.04,Monthly,8,10,1,2,ACH,1229,55,1,0.7614050429437228,Critical Risk
CUST_002762,2024-07-22,59,41.04,Annual,4,11,3,9,Credit Card,408,99,1,0.6959226117909039,High Risk
CUST_002763,2023-09-07,39,151.48,Quarterly,7,9,0,4,Credit Card,1819,61,1,0.40822528933055247,Medium Risk
CUST_002764,2024-09-20,58,43.31,Monthly,9,9,4,10,Invoice,1234,100,1,0.817210689798021,Critical Risk
CUST_002765,2023-04-28,15,41.05,Monthly,8,12,2,4,Invoice,1445,68,0,0.43580011132837954,Medium Risk
CUST_002766,2024-12-10,7,86.87,Monthly,6,12,2,10,PayPal,204,98,0,0.37928958037228955,Medium Risk
CUST_002767,2025-02-16,29,96.18,Quarterly,3,14,1,3,PayPal,1626,56,1,0.4874993683978197,Medium Risk
CUST_002768,2022-11-02,59,50.43,Monthly,9,11,4,2,Credit Card,1681,64,0,0.3698857723365437,Medium Risk
CUST_002769,2023-10-25,47,19.91,Monthly,6,16,2,8,PayPal,568,84,0,0.3588457984983042,Medium Risk
CUST_002770,2024-03-24,3,41.53,Annual,6,7,1,5,Invoice,358,73,0,0.3712406807243467,Medium Risk
CUST_002771,2022-08-28,19,182.21,Annual,8,10,3,10,Credit Card,1073,100,0,0.30833193545327553,Medium Risk
CUST_002772,2025-08-13,10,79.92,Monthly,2,9,4,6,Invoice,897,76,1,0.5916042540208277,High Risk
CUST_002773,2021-11-24,28,93.34,Annual,7,11,2,3,Invoice,1447,64,0,0.29841028910858314,Low Risk
CUST_002774,2021-09-24,29,11.67,Monthly,3,7,0,4,Credit Card,1593,63,1,0.9021726243683319,Critical Risk
CUST_002775,2022-01-06,15,41.54,Monthly,8,9,2,2,Invoice,209,61,1,0.610402664822041,High Risk
CUST_002776,2022-07-05,35,62.01,Annual,5,13,1,3,ACH,159,57,1,0.6884884762143356,High Risk
CUST_002777,2024-08-04,6,98.61,Quarterly,7,3,0,10,PayPal,707,97,0,0.35672333444851106,Medium Risk
CUST_002778,2023-01-28,12,12.53,Monthly,9,12,2,5,ACH,670,73,1,0.7221285412580091,Critical Risk
CUST_002779,2021-06-21,47,105.68,Quarterly,9,6,2,4,PayPal,968,74,0,0.4116918759299651,Medium Risk
CUST_002780,2025-01-29,38,49.75,Annual,12,5,3,10,Credit Card,1239,100,1,0.7030609255308454,Critical Risk
CUST_002781,2023-08-08,13,20.99,Monthly,8,19,2,10,Credit Card,733,91,0,0.35058076163956636,Medium Risk
CUST_002782,2022-10-07,29,29.08,Annual,5,6,1,2,ACH,1440,59,1,0.6618971957712219,High Risk
CUST_002783,2024-06-02,19,26.56,Monthly,11,16,3,2,Invoice,98,59,1,0.8478823893331389,Critical Risk
CUST_002784,2025-07-05,3,47.84,Quarterly,7,5,0,6,Invoice,147,75,1,0.7530293238961466,Critical Risk
CUST_002785,2022-01-29,8,12.65,Quarterly,5,9,1,9,Invoice,1061,91,0,0.21472137148997406,Low Risk
CUST_002786,2021-12-11,8,18.63,Monthly,10,10,2,7,PayPal,1041,85,1,0.8343747632686684,Critical Risk
CUST_002787,2022-12-08,55,93.75,Monthly,6,11,2,8,PayPal,941,89,0,0.46422923746877587,Medium Risk
CUST_002788,2023-04-03,58,17.11,Monthly,3,8,1,4,ACH,617,67,1,0.7892137578387443,Critical Risk
CUST_002789,2024-10-26,20,23.29,Monthly,7,10,4,2,Credit Card,497,65,1,0.7524618150836759,Critical Risk
CUST_002790,2025-07-19,47,40.2,Monthly,14,12,0,7,ACH,683,73,1,0.6614661598443665,High Risk
CUST_002791,2023-01-28,4,46.4,Monthly,7,8,3,1,ACH,1273,62,1,0.8536882307556602,Critical Risk
CUST_002792,2024-08-20,51,82.11,Annual,10,10,0,1,Credit Card,411,45,0,0.3051462598294849,Medium Risk
CUST_002793,2023-08-01,21,39.65,Monthly,3,11,1,5,Invoice,1096,69,1,0.7120875746802448,Critical Risk
CUST_002794,2026-03-28,3,88.0,Quarterly,9,8,3,3,ACH,583,72,1,0.6226727562032216,High Risk
CUST_002795,2024-04-19,45,58.16,Quarterly,4,11,2,6,PayPal,843,79,1,0.6063237730808385,High Risk
CUST_002796,2021-07-03,8,16.0,Monthly,8,6,3,4,PayPal,1228,79,1,0.9023055051079981,Critical Risk
CUST_002797,2025-05-15,23,18.5,Quarterly,6,10,3,7,ACH,1676,90,1,0.8126709383378068,Critical Risk
CUST_002798,2021-09-06,16,38.73,Monthly,3,16,0,1,Credit Card,1397,39,1,0.9268483709273184,Critical Risk
CUST_002799,2026-02-19,13,35.28,Monthly,6,9,2,6,Invoice,287,81,0,0.44010803840773993,Medium Risk
CUST_002800,2024-07-24,3,78.04,Annual,10,12,2,2,PayPal,643,58,1,0.7023078731377826,Critical Risk
CUST_002801,2022-07-26,48,53.46,Monthly,8,15,3,3,PayPal,262,65,1,0.7177687934044283,Critical Risk
CUST_002802,2023-05-05,9,34.56,Annual,9,14,1,10,ACH,867,91,1,0.698331508211333,High Risk
CUST_002803,2025-03-04,14,19.36,Quarterly,8,10,3,5,Invoice,1086,80,1,0.7587102202508079,Critical Risk
CUST_002804,2023-08-08,13,22.86,Quarterly,9,7,0,6,Credit Card,1506,73,1,0.8363250494914596,Critical Risk
CUST_002805,2024-05-25,53,52.84,Annual,9,14,3,1,PayPal,1225,56,0,0.3140536762895066,Medium Risk
CUST_002806,2024-10-19,57,37.53,Annual,10,12,1,5,Invoice,1141,68,0,0.36601931917351943,Medium Risk
CUST_002807,2024-01-26,7,46.17,Monthly,3,11,1,3,Credit Card,1465,59,0,0.7400898002006217,Critical Risk
CUST_002808,2021-10-10,15,19.36,Monthly,9,10,1,9,PayPal,1485,90,1,0.9175526151985285,Critical Risk
CUST_002809,2023-09-20,7,64.37,Annual,8,5,1,8,Credit Card,1278,90,0,0.384572291734815,Medium Risk
CUST_002810,2024-12-02,38,105.71,Monthly,10,5,4,10,PayPal,1678,100,1,0.7257653597410574,Critical Risk
CUST_002811,2025-03-01,34,24.92,Monthly,9,18,2,3,ACH,1495,57,1,0.8786733954171624,Critical Risk
CUST_002812,2022-01-21,41,43.82,Monthly,10,9,2,4,Credit Card,943,71,1,0.6399888311394315,High Risk
CUST_002813,2025-11-24,22,195.51,Annual,5,9,6,10,Credit Card,118,100,1,0.5337626889049021,High Risk
CUST_002814,2025-12-05,24,30.27,Monthly,7,5,4,4,PayPal,1730,80,1,0.8320628210065728,Critical Risk
CUST_002815,2024-03-18,49,55.2,Annual,8,11,2,9,Invoice,314,94,0,0.30625851179135033,Medium Risk
CUST_002816,2022-11-26,37,14.73,Monthly,4,11,3,4,Credit Card,209,74,1,0.7367931707434877,Critical Risk
CUST_002817,2021-08-01,44,56.57,Monthly,11,10,3,9,Credit Card,1370,100,0,0.48981828094144997,Medium Risk
CUST_002818,2021-12-29,1,14.7,Monthly,3,10,3,4,PayPal,913,75,1,0.8839021946488401,Critical Risk
CUST_002819,2026-02-25,10,170.0,Monthly,15,11,2,6,Invoice,1386,79,1,0.7381398481793944,Critical Risk
CUST_002820,2023-07-24,43,72.88,Quarterly,9,8,0,5,ACH,722,67,1,0.6629077207735073,High Risk
CUST_002821,2025-04-17,16,87.6,Monthly,6,9,1,6,Invoice,654,76,0,0.4797325654803549,Medium Risk
CUST_002822,2026-03-06,46,70.89,Monthly,13,7,3,8,ACH,106,98,1,0.7532917961018271,Critical Risk
CUST_002823,2022-10-28,8,54.55,Annual,13,12,1,9,ACH,1201,88,1,0.7412260807739564,Critical Risk
CUST_002824,2025-05-26,56,39.88,Monthly,7,7,2,2,Invoice,864,63,0,0.6007269727424005,High Risk
CUST_002825,2023-03-06,49,107.73,Monthly,8,10,4,1,Invoice,1411,60,1,0.7724726378897642,Critical Risk
CUST_002826,2024-05-06,25,167.14,Monthly,5,8,2,2,PayPal,968,62,1,0.6281898845923556,High Risk
CUST_002827,2023-01-23,50,44.56,Quarterly,5,13,4,4,Invoice,1156,72,0,0.32895369768766314,Medium Risk
CUST_002828,2024-03-24,12,144.07,Annual,13,15,0,6,ACH,427,65,0,0.2989689795366888,Low Risk
CUST_002829,2024-08-27,25,53.77,Monthly,7,8,2,5,Credit Card,1598,77,1,0.7117570859220433,Critical Risk
CUST_002830,2022-12-17,17,48.65,Monthly,9,7,2,4,Credit Card,366,73,0,0.5155960984566237,High Risk
CUST_002831,2025-05-14,26,40.3,Monthly,6,9,1,8,Invoice,495,86,1,0.7128438528666049,Critical Risk
CUST_002832,2022-03-30,46,21.74,Monthly,8,14,1,3,ACH,1416,56,1,0.8746806245284395,Critical Risk
CUST_002833,2026-01-07,48,10.19,Annual,6,15,4,1,Credit Card,1065,55,1,0.8560159980427412,Critical Risk
CUST_002834,2022-10-23,14,23.82,Quarterly,13,13,0,9,Invoice,586,82,1,0.9057771450111298,Critical Risk
CUST_002835,2024-07-10,41,45.64,Monthly,6,14,1,7,Credit Card,1335,76,1,0.7138043012924068,Critical Risk
CUST_002836,2022-04-28,36,33.9,Quarterly,7,13,1,4,ACH,746,62,0,0.33997605946725246,Medium Risk
CUST_002837,2022-01-12,57,39.75,Monthly,10,9,2,10,Invoice,1666,100,1,0.8277590157151811,Critical Risk
CUST_002838,2025-02-04,23,207.25,Monthly,6,11,3,10,PayPal,854,100,1,0.7259914162363209,Critical Risk
CUST_002839,2022-03-24,43,31.56,Monthly,9,15,4,1,ACH,155,55,0,0.317390662368765,Medium Risk
CUST_002840,2025-07-20,6,40.09,Monthly,9,8,1,9,Invoice,673,92,1,0.767755971257745,Critical Risk
CUST_002841,2022-09-14,47,17.17,Quarterly,4,4,2,3,PayPal,214,71,1,0.6215626177251629,High Risk
CUST_002842,2023-07-21,5,12.46,Monthly,4,9,2,4,Invoice,1358,71,0,0.3024759537129701,Medium Risk
CUST_002843,2025-06-26,43,84.67,Monthly,10,9,0,4,Credit Card,1610,61,0,0.3904002496868607,Medium Risk
CUST_002844,2025-10-07,25,52.28,Quarterly,12,4,1,1,Invoice,588,56,1,0.7442921862145454,Critical Risk
CUST_002845,2024-08-23,18,81.5,Quarterly,13,13,2,4,ACH,784,67,1,0.6931954495328247,High Risk
CUST_002846,2025-02-11,13,18.12,Annual,8,10,2,10,Credit Card,743,100,1,0.8207720078879465,Critical Risk
CUST_002847,2024-07-02,43,52.41,Quarterly,12,12,1,2,Credit Card,900,53,1,0.723118605719205,Critical Risk
CUST_002848,2024-08-08,14,24.63,Monthly,9,14,2,4,PayPal,1465,66,1,0.8825666902188603,Critical Risk
CUST_002849,2026-03-09,28,22.94,Quarterly,6,14,1,7,Credit Card,41,76,0,0.2722245995535469,Low Risk
CUST_002850,2023-11-03,18,10.58,Annual,9,12,4,8,PayPal,1459,93,1,0.6598400882306392,High Risk
CUST_002851,2023-07-02,59,16.98,Quarterly,5,8,1,7,ACH,733,82,1,0.755935634951095,Critical Risk
CUST_002852,2024-07-15,57,28.5,Annual,12,6,5,1,Credit Card,1650,64,0,0.25557866788702904,Low Risk
CUST_002853,2022-06-09,28,16.21,Monthly,9,10,1,4,Invoice,556,65,1,0.7608197619188241,Critical Risk
CUST_002854,2021-10-04,51,222.93,Annual,14,11,1,7,PayPal,1517,79,1,0.6624877220719853,High Risk
CUST_002855,2023-08-27,56,28.45,Monthly,9,9,1,6,ACH,388,76,1,0.5198381858565226,High Risk
CUST_002856,2024-12-04,27,16.98,Monthly,5,7,3,6,Credit Card,95,88,1,0.8358492435245879,Critical Risk
CUST_002857,2021-09-26,32,21.1,Monthly,6,7,3,6,ACH,1231,88,0,0.421186128623215,Medium Risk
CUST_002858,2022-01-18,47,54.3,Quarterly,5,11,2,6,Credit Card,620,79,1,0.6903539327721414,High Risk
CUST_002859,2025-09-08,9,13.31,Monthly,4,9,3,6,Credit Card,1780,86,1,0.8126543144403506,Critical Risk
CUST_002860,2022-10-08,40,109.18,Annual,5,9,2,6,ACH,661,81,1,0.6243528766183443,High Risk
CUST_002861,2025-05-20,32,172.85,Monthly,6,17,1,8,Credit Card,367,78,1,0.7695692622860512,Critical Risk
CUST_002862,2024-08-14,20,24.17,Quarterly,11,6,2,2,Invoice,250,64,1,0.7394823873560011,Critical Risk
CUST_002863,2023-04-01,28,39.9,Monthly,6,13,2,1,ACH,328,52,1,0.5729831749030952,High Risk
CUST_002864,2024-08-11,33,11.12,Annual,5,5,2,6,Invoice,958,85,1,0.8691930456682758,Critical Risk
CUST_002865,2022-02-12,4,61.18,Quarterly,9,7,4,7,Invoice,1560,93,1,0.8223684660418367,Critical Risk
CUST_002866,2022-11-08,46,36.72,Monthly,6,14,2,10,Credit Card,962,96,1,0.7628170079146881,Critical Risk
CUST_002867,2025-05-04,57,25.74,Monthly,9,12,2,9,Invoice,1454,93,1,0.8191337705092157,Critical Risk
CUST_002868,2025-06-16,34,21.59,Annual,15,10,2,3,Credit Card,1463,65,0,0.3685327951112904,Medium Risk
CUST_002869,2021-10-19,48,63.07,Quarterly,8,14,1,1,Credit Card,1224,46,1,0.716249111718904,Critical Risk
CUST_002870,2025-07-21,3,36.91,Annual,5,7,1,6,PayPal,1318,78,0,0.3556465572191571,Medium Risk
CUST_002871,2025-12-05,26,19.9,Monthly,7,5,0,10,Credit Card,306,95,0,0.5778642452928512,High Risk
CUST_002872,2023-04-21,8,68.42,Quarterly,10,8,2,5,Credit Card,1297,77,0,0.4828082665894227,Medium Risk
CUST_002873,2025-03-23,6,51.63,Monthly,9,9,2,4,Invoice,350,71,0,0.3624211627680666,Medium Risk
CUST_002874,2023-08-29,16,107.83,Annual,10,8,1,10,PayPal,988,97,0,0.23753204970194514,Low Risk
CUST_002875,2025-02-01,24,16.25,Quarterly,7,10,1,10,PayPal,102,95,1,0.737591814671043,Critical Risk
CUST_002876,2021-07-01,48,87.01,Monthly,9,15,2,7,Invoice,1547,80,1,0.7712134268428423,Critical Risk
CUST_002877,2024-02-23,39,65.97,Annual,8,12,3,5,Credit Card,1464,78,1,0.6672001621909165,High Risk
CUST_002878,2023-02-03,30,16.11,Annual,10,8,5,4,Credit Card,235,77,0,0.5236012797573268,High Risk
CUST_002879,2023-07-25,45,69.34,Quarterly,14,8,2,10,Invoice,577,100,0,0.27963230910071657,Low Risk
CUST_002880,2024-03-10,13,39.13,Monthly,4,8,1,10,Credit Card,1496,97,1,0.7594862312819773,Critical Risk
CUST_002881,2025-01-28,5,155.01,Monthly,9,12,0,10,ACH,380,88,1,0.7688843685935108,Critical Risk
CUST_002882,2022-01-10,25,17.63,Quarterly,11,16,3,9,ACH,459,94,1,0.8215847141225496,Critical Risk
CUST_002883,2022-03-01,20,61.48,Monthly,10,7,4,8,Invoice,1536,98,1,0.7766959854534083,Critical Risk
CUST_002884,2024-04-25,54,34.06,Monthly,7,9,2,4,ACH,1263,71,0,0.506401373927317,High Risk
CUST_002885,2024-12-10,18,167.11,Quarterly,6,8,2,4,Credit Card,302,72,0,0.6030035714510203,High Risk
CUST_002886,2021-09-28,47,30.02,Monthly,7,10,4,10,Credit Card,390,100,1,0.7817059734157243,Critical Risk
CUST_002887,2025-01-07,18,173.75,Quarterly,9,10,3,9,Invoice,1518,100,0,0.58233033727374,High Risk
CUST_002888,2021-09-19,2,125.88,Monthly,8,9,0,8,Invoice,337,81,1,0.8023549365367657,Critical Risk
CUST_002889,2026-01-09,10,25.76,Monthly,12,7,2,7,ACH,1167,88,0,0.36342323658495007,Medium Risk
CUST_002890,2024-04-14,55,91.37,Annual,9,11,2,1,Invoice,1484,54,0,0.351751715638201,Medium Risk
CUST_002891,2021-12-13,45,281.36,Annual,7,8,2,4,Invoice,377,72,0,0.36175508887052155,Medium Risk
CUST_002892,2025-05-07,50,24.56,Annual,6,9,1,1,Invoice,629,51,1,0.8429190932096755,Critical Risk
CUST_002893,2025-05-27,47,38.7,Annual,9,9,0,5,PayPal,834,66,0,0.37246916803843083,Medium Risk
CUST_002894,2024-03-24,12,46.72,Quarterly,9,14,4,4,Invoice,1560,71,1,0.8009074977553766,Critical Risk
CUST_002895,2024-04-02,47,27.47,Monthly,8,13,4,7,PayPal,1408,87,0,0.79709553512967,Critical Risk
CUST_002896,2023-09-07,13,10.77,Monthly,4,8,2,8,Credit Card,633,92,0,0.6506077136283863,High Risk
CUST_002897,2025-02-08,50,22.43,Monthly,4,10,1,1,Credit Card,1451,50,1,0.9357414125584341,Critical Risk
CUST_002898,2024-01-19,47,26.56,Annual,6,7,5,5,Credit Card,577,83,0,0.44962404628111324,Medium Risk
CUST_002899,2023-01-15,57,39.31,Monthly,8,12,3,10,ACH,192,100,1,0.7456145389351174,Critical Risk
CUST_002900,2021-08-11,55,19.38,Monthly,3,11,3,7,ACH,1623,89,0,0.38410941358494716,Medium Risk
CUST_002901,2022-06-02,11,113.28,Monthly,5,13,4,3,ACH,975,67,0,0.30635741435369124,Medium Risk
CUST_002902,2021-09-16,19,71.02,Monthly,8,8,0,9,Credit Card,1699,87,1,0.8698604972324975,Critical Risk
CUST_002903,2022-12-30,35,14.45,Monthly,6,6,1,8,PayPal,603,89,0,0.3534912737683981,Medium Risk
CUST_002904,2022-04-04,39,62.5,Annual,7,11,2,5,ACH,579,74,0,0.39789473894710864,Medium Risk
CUST_002905,2025-06-26,53,63.02,Monthly,6,10,4,3,Invoice,656,70,1,0.6830788040115607,High Risk
CUST_002906,2025-08-14,26,166.43,Quarterly,8,15,2,3,PayPal,754,60,1,0.4832860273060222,Medium Risk
CUST_002907,2022-05-21,46,10.15,Annual,8,12,3,3,PayPal,1785,68,0,0.25924123110897523,Low Risk
CUST_002908,2025-03-23,14,24.25,Monthly,10,16,2,2,PayPal,1318,54,1,0.8401322356313226,Critical Risk
CUST_002909,2025-12-11,54,141.41,Annual,9,9,2,1,PayPal,42,56,0,0.48688775278440205,Medium Risk
CUST_002910,2025-05-26,45,144.51,Monthly,16,9,2,1,PayPal,1645,56,1,0.7558280730925588,Critical Risk
CUST_002911,2022-09-01,44,73.75,Annual,10,9,3,9,Invoice,1292,100,0,0.396992762571923,Medium Risk
CUST_002912,2023-04-04,24,82.57,Quarterly,6,8,1,7,ACH,908,82,0,0.38368599198442355,Medium Risk
CUST_002913,2025-09-01,41,14.8,Annual,8,10,1,7,PayPal,1678,80,1,0.6592847934380583,High Risk
CUST_002914,2024-12-29,1,46.06,Annual,5,8,1,10,Invoice,1588,97,1,0.8582823134828546,Critical Risk
CUST_002915,2026-04-21,51,23.17,Monthly,9,12,1,2,Credit Card,509,53,1,0.7098961842663765,Critical Risk
CUST_002916,2022-11-17,43,20.0,Monthly,10,7,1,4,ACH,1803,68,0,0.3883803658748865,Medium Risk
CUST_002917,2024-10-19,55,93.12,Quarterly,11,7,3,8,PayPal,574,98,0,0.4587347381313598,Medium Risk
CUST_002918,2026-03-22,22,17.25,Monthly,7,14,2,6,PayPal,586,76,1,0.8652897095199643,Critical Risk
CUST_002919,2024-06-24,23,41.62,Monthly,4,6,1,4,ACH,845,69,1,0.7838402932285625,Critical Risk
CUST_002920,2024-09-16,56,149.5,Monthly,5,7,2,10,PayPal,626,100,1,0.7741731130000971,Critical Risk
CUST_002921,2022-05-11,54,20.28,Annual,6,10,4,3,Credit Card,1377,70,1,0.7413039014991913,Critical Risk
CUST_002922,2023-02-06,19,200.82,Monthly,14,8,0,2,PayPal,1114,52,1,0.7190012282675127,Critical Risk
CUST_002923,2022-12-10,18,268.26,Quarterly,10,9,1,4,ACH,512,66,1,0.7425424909437172,Critical Risk
CUST_002924,2021-09-12,12,50.55,Monthly,8,12,3,4,Invoice,135,73,1,0.69473539506214,High Risk
CUST_002925,2022-04-08,55,19.33,Monthly,9,15,2,1,Invoice,1483,50,1,0.9219212823378544,Critical Risk
CUST_002926,2025-12-20,28,29.0,Annual,7,7,5,8,ACH,1737,98,0,0.40634197109103226,Medium Risk
CUST_002927,2023-05-08,28,37.63,Monthly,14,8,0,8,ACH,488,82,1,0.7959724595108536,Critical Risk
CUST_002928,2023-07-07,59,28.5,Annual,9,9,0,6,Credit Card,1218,71,1,0.7325458032875359,Critical Risk
CUST_002929,2023-09-28,33,26.47,Monthly,5,2,0,5,PayPal,70,73,0,0.2408489278664888,Low Risk
CUST_002930,2022-02-03,19,189.19,Monthly,9,9,0,1,ACH,1203,46,0,0.29030565899121763,Low Risk
CUST_002931,2026-02-19,28,18.32,Monthly,6,10,4,8,Credit Card,583,95,0,0.3903810274046422,Medium Risk
CUST_002932,2025-03-30,59,76.09,Quarterly,8,10,1,7,Credit Card,1111,80,1,0.7174013902919089,Critical Risk
CUST_002933,2022-06-04,52,10.02,Annual,9,12,1,3,Invoice,849,58,1,0.7607878333429313,Critical Risk
CUST_002934,2021-09-07,49,55.34,Annual,9,8,5,7,ACH,1106,92,0,0.6546307823600535,High Risk
CUST_002935,2024-10-02,37,133.81,Monthly,6,4,0,7,Invoice,1102,81,0,0.6024355371695086,High Risk
CUST_002936,2023-12-26,26,26.98,Annual,5,7,1,2,ACH,219,58,0,0.500086697262589,High Risk
CUST_002937,2025-12-24,35,20.26,Monthly,20,13,2,10,Credit Card,1601,97,0,0.15984636042794592,Low Risk
CUST_002938,2023-10-15,34,62.73,Quarterly,4,11,3,3,ACH,977,69,0,0.4042749790990967,Medium Risk
CUST_002939,2022-04-04,35,72.34,Annual,6,9,1,7,ACH,838,81,0,0.3967064809757687,Medium Risk
CUST_002940,2022-12-20,40,68.24,Annual,8,13,4,9,Invoice,1218,97,1,0.7648471356435365,Critical Risk
CUST_002941,2021-06-06,16,29.23,Monthly,3,11,1,6,Invoice,944,74,0,0.6227414340843516,High Risk
CUST_002942,2025-08-10,38,24.53,Annual,6,11,2,10,Invoice,1797,99,1,0.7825397918844159,Critical Risk
CUST_002943,2022-01-23,13,166.09,Monthly,8,16,2,4,Credit Card,1543,64,1,0.7492057736616649,Critical Risk
CUST_002944,2024-03-01,23,138.39,Quarterly,8,10,4,10,PayPal,983,100,1,0.7835517648712585,Critical Risk
CUST_002945,2025-08-23,54,40.56,Monthly,5,14,1,4,ACH,1819,61,1,0.7887251361920852,Critical Risk
CUST_002946,2024-02-01,22,103.6,Monthly,9,10,2,8,Credit Card,1077,90,1,0.8179289062176913,Critical Risk
CUST_002947,2022-09-28,16,40.1,Monthly,5,12,4,8,ACH,348,93,0,0.410543350508444,Medium Risk
CUST_002948,2025-11-20,28,37.62,Monthly,8,9,3,10,ACH,513,100,0,0.40811388093835255,Medium Risk
CUST_002949,2026-01-28,48,18.53,Monthly,4,8,4,9,PayPal,596,100,0,0.351937989058015,Medium Risk
CUST_002950,2024-01-21,35,37.79,Quarterly,9,16,0,4,ACH,1688,54,0,0.4791275960451367,Medium Risk
CUST_002951,2023-03-26,45,48.55,Annual,8,6,1,5,Invoice,1185,74,1,0.7958478077732819,Critical Risk
CUST_002952,2025-06-01,46,11.14,Quarterly,9,15,2,8,ACH,1078,85,0,0.3519815707999738,Medium Risk
CUST_002953,2024-02-01,8,39.36,Quarterly,8,5,1,8,ACH,858,90,0,0.24646809569904632,Low Risk
CUST_002954,2025-09-07,44,86.02,Monthly,9,17,2,3,Credit Card,1084,58,0,0.23933328133230863,Low Risk
CUST_002955,2025-04-17,55,66.98,Annual,9,10,2,5,ACH,434,75,0,0.35237369847943645,Medium Risk
CUST_002956,2022-05-04,55,60.41,Monthly,14,9,3,10,ACH,635,100,1,0.7666908992504485,Critical Risk
CUST_002957,2023-11-16,22,130.15,Quarterly,11,9,1,10,Invoice,282,96,0,0.32360873939839185,Medium Risk
CUST_002958,2025-01-05,21,10.91,Monthly,10,7,3,2,Credit Card,34,68,1,0.7961725984008003,Critical Risk
CUST_002959,2023-11-13,26,50.71,Monthly,7,14,2,6,ACH,1377,76,1,0.7171238331077495,Critical Risk
CUST_002960,2023-06-19,40,87.41,Monthly,11,4,3,5,Invoice,509,86,0,0.3827869226400258,Medium Risk
CUST_002961,2021-09-29,21,48.97,Monthly,8,10,3,10,Invoice,674,100,1,0.6073594608680556,High Risk
CUST_002962,2023-03-19,25,29.57,Monthly,8,10,0,8,Invoice,1806,80,0,0.3951679346307755,Medium Risk
CUST_002963,2025-01-06,41,17.32,Monthly,8,16,1,2,ACH,429,49,1,0.9235393173245966,Critical Risk
CUST_002964,2022-06-17,1,119.27,Annual,6,9,3,7,ACH,888,91,0,0.2805200554089256,Low Risk
CUST_002965,2023-10-29,6,41.82,Quarterly,11,11,1,5,Invoice,681,69,1,0.7514139358273242,Critical Risk
CUST_002966,2023-08-13,23,115.23,Monthly,6,13,2,5,Invoice,1246,72,0,0.5635205346732489,High Risk
CUST_002967,2023-09-12,51,54.08,Monthly,8,9,2,5,PayPal,150,76,0,0.3758630487255553,Medium Risk
CUST_002968,2024-11-12,23,66.07,Quarterly,9,7,4,5,Credit Card,479,83,1,0.7136106615157228,Critical Risk
CUST_002969,2023-04-26,43,91.55,Monthly,6,9,0,1,Credit Card,485,46,1,0.7089339094365548,Critical Risk
CUST_002970,2021-12-11,43,63.82,Quarterly,6,3,2,8,Credit Card,968,97,0,0.29431185686347294,Low Risk
CUST_002971,2023-01-22,23,35.38,Monthly,10,18,2,2,PayPal,255,52,0,0.34364405350077776,Medium Risk
CUST_002972,2023-07-02,32,46.04,Annual,11,10,2,7,Invoice,1162,85,1,0.6375890548954274,High Risk
CUST_002973,2025-12-26,30,91.24,Annual,9,12,1,5,Credit Card,1206,68,0,0.33561460079044203,Medium Risk
CUST_002974,2021-11-13,13,33.39,Annual,10,6,2,4,Credit Card,1407,74,0,0.2638564202912424,Low Risk
CUST_002975,2026-01-31,43,34.56,Quarterly,4,15,2,2,Credit Card,203,55,1,0.7544944471033642,Critical Risk
CUST_002976,2021-09-29,18,15.03,Monthly,5,19,2,4,ACH,1805,61,1,0.6122764406822044,High Risk
CUST_002977,2024-11-06,23,133.01,Monthly,7,10,1,6,PayPal,926,75,1,0.6253278687930149,High Risk
CUST_002978,2024-01-08,15,14.77,Annual,9,6,3,9,ACH,875,100,0,0.3266207828111565,Medium Risk
CUST_002979,2022-01-28,33,62.24,Quarterly,8,15,3,5,Credit Card,957,75,1,0.6308722454988827,High Risk
CUST_002980,2021-09-24,21,36.65,Monthly,5,7,2,3,ACH,1498,68,0,0.4869325462923237,Medium Risk
CUST_002981,2023-08-18,57,36.01,Quarterly,11,11,2,3,Credit Card,442,64,1,0.5496237980972999,High Risk
CUST_002982,2025-02-10,39,66.9,Monthly,7,10,2,5,ACH,1613,75,0,0.4740946422656376,Medium Risk
CUST_002983,2025-04-08,23,13.47,Monthly,6,6,4,4,Invoice,405,79,1,0.8168098434753823,Critical Risk
CUST_002984,2024-06-30,27,55.03,Annual,6,12,3,8,Invoice,1648,93,0,0.4474832597832329,Medium Risk
CUST_002985,2026-03-21,45,83.93,Monthly,11,12,4,1,ACH,1403,58,1,0.8046374873907909,Critical Risk
CUST_002986,2025-08-22,44,98.07,Annual,9,12,1,10,Invoice,1378,93,1,0.6016697661037544,High Risk
CUST_002987,2023-03-06,18,19.35,Monthly,9,8,3,3,Invoice,1524,72,1,0.7523860283483569,Critical Risk
CUST_002988,2023-05-15,24,123.86,Monthly,13,9,5,5,PayPal,1565,81,1,0.5919765057061995,High Risk
CUST_002989,2024-07-09,51,63.38,Annual,4,10,1,4,Credit Card,149,65,1,0.6943006685472681,High Risk
CUST_002990,2025-01-21,47,116.79,Annual,11,7,2,1,PayPal,1408,58,1,0.6525455866018502,High Risk
CUST_002991,2025-07-20,40,43.21,Monthly,15,13,1,5,Credit Card,1042,67,1,0.648032297356986,High Risk
CUST_002992,2023-07-27,51,49.05,Monthly,13,12,1,1,Credit Card,1124,48,1,0.8699686968393426,Critical Risk
CUST_002993,2022-02-12,42,135.69,Monthly,11,13,4,8,Credit Card,1532,92,0,0.32806541696666913,Medium Risk
CUST_002994,2022-04-03,7,125.08,Monthly,9,10,2,10,ACH,1771,100,0,0.27094094603001995,Low Risk
CUST_002995,2024-03-16,50,39.72,Quarterly,4,9,7,6,Invoice,527,86,0,0.5781028003759494,High Risk
CUST_002996,2025-05-23,48,26.04,Quarterly,11,9,4,7,PayPal,1029,91,1,0.531318650501358,High Risk
CUST_002997,2024-07-30,20,34.98,Monthly,10,15,1,9,Invoice,1437,85,1,0.8200186912518374,Critical Risk
CUST_002998,2025-04-16,27,34.53,Monthly,5,6,3,8,Credit Card,1140,99,1,0.823647942289635,Critical Risk
CUST_002999,2024-06-12,6,26.9,Quarterly,9,12,1,1,Credit Card,1417,48,1,0.7965042210107679,Critical Risk
CUST_003000,2022-11-03,27,25.64,Annual,7,2,1,2,ACH,439,63,1,0.6932118791476988,High Risk
CUST_003001,2023-05-19,9,108.69,Annual,8,15,0,2,Credit Card,306,45,0,0.4883938034773583,Medium Risk
CUST_003002,2022-04-07,53,13.62,Annual,4,7,2,3,Credit Card,1013,68,0,0.3230909561769226,Medium Risk
CUST_003003,2025-01-31,45,66.6,Monthly,5,10,0,5,ACH,1262,65,0,0.6161810901431255,High Risk
CUST_003004,2023-08-24,57,19.49,Monthly,7,10,4,6,ACH,156,85,1,0.7742701271829084,Critical Risk
CUST_003005,2026-02-09,31,31.12,Quarterly,9,10,1,3,ACH,345,60,1,0.7440721014503761,Critical Risk
CUST_003006,2023-04-06,21,13.18,Annual,9,12,0,6,PayPal,1820,68,0,0.19718678604162473,Low Risk
CUST_003007,2025-12-05,26,25.73,Monthly,4,18,2,6,PayPal,1364,72,1,0.7858074986146716,Critical Risk
CUST_003008,2022-08-19,40,83.14,Monthly,7,11,4,10,PayPal,1178,100,1,0.802830581201356,Critical Risk
CUST_003009,2023-02-08,48,118.15,Monthly,6,8,2,3,Credit Card,392,67,0,0.4367780098527987,Medium Risk
CUST_003010,2025-10-25,45,22.52,Annual,12,8,4,4,PayPal,230,77,1,0.7829450275986196,Critical Risk
CUST_003011,2022-03-07,13,41.14,Monthly,9,7,2,4,Credit Card,533,73,1,0.5431876328000776,High Risk
CUST_003012,2023-12-02,49,41.77,Monthly,10,11,1,1,Invoice,1004,49,1,0.8777509138871595,Critical Risk
CUST_003013,2025-08-13,23,113.41,Quarterly,10,12,2,10,PayPal,1420,98,0,0.28543707483087055,Low Risk
CUST_003014,2023-04-25,20,81.94,Monthly,9,8,2,1,Invoice,353,57,1,0.7666163942589169,Critical Risk
CUST_003015,2025-03-29,37,45.98,Monthly,8,8,1,4,Credit Card,885,67,0,0.4491788131092838,Medium Risk
CUST_003016,2024-03-30,54,65.55,Monthly,10,10,1,8,Credit Card,137,85,1,0.7723053592842066,Critical Risk
CUST_003017,2024-09-01,53,103.98,Monthly,7,11,2,9,Invoice,1701,94,1,0.7341014890624831,Critical Risk
CUST_003018,2022-10-27,28,10.48,Monthly,10,7,1,6,ACH,1070,78,1,0.7420417102491256,Critical Risk
CUST_003019,2021-11-06,17,35.78,Quarterly,11,11,4,3,PayPal,539,69,1,0.5649559640479221,High Risk
CUST_003020,2022-01-08,28,128.89,Quarterly,9,10,2,1,ACH,1308,55,1,0.718213479150301,Critical Risk
CUST_003021,2024-03-09,41,77.41,Monthly,13,5,1,4,Invoice,1038,70,0,0.4344674278154337,Medium Risk
CUST_003022,2026-01-22,2,49.14,Monthly,5,11,4,2,Credit Card,328,64,1,0.8597054071157022,Critical Risk
CUST_003023,2022-07-20,25,47.71,Annual,6,8,2,7,Invoice,1062,87,0,0.418819599716882,Medium Risk
CUST_003024,2022-06-29,58,31.37,Monthly,8,8,0,3,Credit Card,1582,57,1,0.7660674956824955,Critical Risk
CUST_003025,2024-02-03,50,46.75,Monthly,7,12,0,8,PayPal,1559,78,1,0.8025500875699311,Critical Risk
CUST_003026,2022-12-05,41,63.27,Quarterly,10,9,6,9,Invoice,685,100,1,0.7441992938396216,Critical Risk
CUST_003027,2024-02-03,6,37.1,Monthly,3,12,1,4,Credit Card,80,63,1,0.822149747947233,Critical Risk
CUST_003028,2025-03-09,11,72.61,Monthly,6,13,1,5,PayPal,832,67,0,0.4183909453476124,Medium Risk
CUST_003029,2025-12-30,57,108.75,Monthly,6,6,0,5,PayPal,1105,69,0,0.5953635674261766,High Risk
CUST_003030,2025-03-07,38,18.4,Monthly,10,14,0,8,PayPal,874,76,0,0.3959810613218094,Medium Risk
CUST_003031,2022-11-25,6,40.03,Monthly,10,12,1,1,ACH,553,48,1,0.8620692250249816,Critical Risk
CUST_003032,2021-08-23,45,36.21,Monthly,9,9,4,6,PayPal,912,86,1,0.7614139239473632,Critical Risk
CUST_003033,2023-05-12,11,68.15,Monthly,4,8,2,2,PayPal,123,62,1,0.8053521392586884,Critical Risk
CUST_003034,2022-03-16,14,24.38,Annual,9,7,1,9,PayPal,1248,93,1,0.760041208693743,Critical Risk
CUST_003035,2021-10-24,2,61.12,Monthly,5,15,3,7,PayPal,994,85,1,0.7553558414748737,Critical Risk
CUST_003036,2021-08-10,40,114.98,Monthly,9,13,0,10,PayPal,1794,87,0,0.33549565735149534,Medium Risk
CUST_003037,2021-12-17,3,37.08,Annual,3,10,1,9,ACH,938,90,1,0.7876642409799146,Critical Risk
CUST_003038,2024-03-26,55,130.96,Quarterly,15,11,1,10,PayPal,1044,94,1,0.7374524430754321,Critical Risk
CUST_003039,2025-01-05,53,259.28,Monthly,2,7,1,4,Credit Card,810,58,1,0.8474906267316874,Critical Risk
CUST_003040,2024-11-30,35,15.61,Monthly,5,11,1,5,Credit Card,185,69,1,0.8073480096339503,Critical Risk
CUST_003041,2025-11-29,33,23.27,Monthly,9,8,2,10,PayPal,150,100,1,0.7030374985833306,Critical Risk
CUST_003042,2026-01-31,24,160.17,Annual,7,8,1,7,PayPal,332,82,0,0.3937139141692187,Medium Risk
CUST_003043,2023-08-25,19,168.9,Monthly,7,11,2,3,PayPal,1481,64,1,0.6534032774764966,High Risk
CUST_003044,2022-02-03,18,15.14,Monthly,8,16,6,8,PayPal,476,89,1,0.647155108204858,High Risk
CUST_003045,2025-02-02,49,10.76,Monthly,4,11,2,7,PayPal,1506,84,1,0.8619573090617462,Critical Risk
CUST_003046,2021-07-03,52,18.78,Monthly,9,13,2,6,Credit Card,1457,77,1,0.8283702411818702,Critical Risk
CUST_003047,2024-09-12,24,286.23,Monthly,10,7,2,8,PayPal,1401,93,1,0.7436224511633115,Critical Risk
CUST_003048,2021-10-07,45,19.92,Monthly,6,11,0,2,Invoice,321,49,1,0.931695156422751,Critical Risk
CUST_003049,2024-12-09,35,44.91,Quarterly,8,7,4,5,PayPal,1610,83,1,0.7496314467022764,Critical Risk
CUST_003050,2023-01-12,1,104.33,Annual,10,17,3,9,PayPal,1434,93,1,0.6629377058511784,High Risk
CUST_003051,2025-04-12,36,11.03,Monthly,9,10,1,8,Invoice,141,85,1,0.8734449841803057,Critical Risk
CUST_003052,2021-12-17,25,56.38,Monthly,7,15,1,1,Invoice,1178,45,1,0.8601327402112942,Critical Risk
CUST_003053,2021-07-13,45,26.22,Monthly,9,14,3,10,Credit Card,1135,100,1,0.8100547923371633,Critical Risk
CUST_003054,2025-03-24,49,109.15,Monthly,8,11,1,8,Invoice,283,84,1,0.714689380352716,Critical Risk
CUST_003055,2025-08-30,43,26.67,Quarterly,11,10,3,2,Invoice,1750,65,1,0.7601572211735429,Critical Risk
CUST_003056,2024-04-21,34,68.04,Quarterly,12,7,1,7,Credit Card,888,83,0,0.3070748368598028,Medium Risk
CUST_003057,2021-11-30,25,66.08,Monthly,7,15,5,1,Invoice,671,55,1,0.7461681946400386,Critical Risk
CUST_003058,2024-07-11,16,22.52,Monthly,10,13,2,3,PayPal,1095,62,1,0.8796594356428177,Critical Risk
CUST_003059,2024-07-22,34,11.77,Monthly,9,10,3,7,Invoice,133,90,1,0.7610508434546793,Critical Risk
CUST_003060,2022-03-30,29,36.32,Annual,9,8,5,10,Invoice,1359,100,1,0.7102866710813163,Critical Risk
CUST_003061,2022-05-17,19,27.07,Annual,7,10,1,1,Invoice,60,50,1,0.6257233851978203,High Risk
CUST_003062,2023-11-14,23,92.77,Quarterly,4,7,2,9,Credit Card,879,98,1,0.6847513790558653,High Risk
CUST_003063,2026-02-27,19,90.56,Annual,10,10,1,4,Invoice,1809,65,1,0.3747394877079257,Medium Risk
CUST_003064,2023-07-01,25,40.53,Monthly,5,12,1,5,Invoice,973,68,0,0.4292534923332487,Medium Risk
CUST_003065,2025-10-02,16,56.64,Annual,9,13,2,3,PayPal,524,62,0,0.3403827897987775,Medium Risk
CUST_003066,2025-09-03,54,56.35,Annual,7,6,2,9,Credit Card,1780,99,1,0.7668711676899116,Critical Risk
CUST_003067,2024-12-26,51,97.77,Annual,11,12,1,6,PayPal,1133,73,1,0.6531934014067291,High Risk
CUST_003068,2022-12-13,9,37.67,Monthly,12,17,1,7,ACH,1719,73,1,0.7596254002736338,Critical Risk
CUST_003069,2021-08-20,1,26.11,Annual,8,10,0,8,Credit Card,54,80,0,0.2482943722943723,Low Risk
CUST_003070,2025-05-30,42,25.4,Annual,7,16,0,1,Invoice,1026,39,1,0.8250950486781718,Critical Risk
CUST_003071,2025-11-11,19,48.41,Annual,5,10,1,1,ACH,1088,50,0,0.3205269506060436,Medium Risk
CUST_003072,2024-06-30,33,39.81,Annual,8,15,4,6,Invoice,140,80,0,0.3181103973545317,Medium Risk
CUST_003073,2025-11-20,34,39.0,Annual,7,10,2,6,Invoice,1779,80,0,0.39766390847647876,Medium Risk
CUST_003074,2025-01-23,16,14.78,Annual,10,10,2,1,Credit Card,1382,55,1,0.6566470228172306,High Risk
CUST_003075,2023-08-12,44,73.4,Annual,3,9,1,8,ACH,202,86,0,0.2985457174155344,Low Risk
CUST_003076,2024-12-22,40,22.02,Annual,7,5,1,10,Credit Card,564,100,0,0.2654731169894606,Low Risk
CUST_003077,2024-06-02,55,20.97,Monthly,9,12,0,7,Invoice,120,73,1,0.8477861574875228,Critical Risk
CUST_003078,2025-04-03,18,36.62,Monthly,11,14,2,7,Credit Card,1639,81,0,0.7841505026170367,Critical Risk
CUST_003079,2024-05-30,34,22.92,Monthly,4,10,2,4,PayPal,813,70,1,0.7920035091542056,Critical Risk
CUST_003080,2025-06-29,25,53.84,Annual,3,12,2,5,Credit Card,33,73,1,0.705959499717591,Critical Risk
CUST_003081,2021-06-06,45,33.22,Annual,7,10,2,8,Invoice,1747,90,0,0.32007761966368703,Medium Risk
CUST_003082,2025-11-01,6,39.79,Quarterly,9,9,0,10,Invoice,1404,91,0,0.1814251519708274,Low Risk
CUST_003083,2024-08-12,21,48.52,Monthly,12,13,0,9,Invoice,1633,82,1,0.8899782381163643,Critical Risk
CUST_003084,2024-12-09,58,21.38,Monthly,9,11,2,4,Credit Card,524,69,0,0.38448159562681494,Medium Risk
CUST_003085,2021-08-05,6,18.47,Monthly,16,7,3,9,Invoice,655,100,0,0.42515371052539586,Medium Risk
CUST_003086,2024-11-03,32,116.19,Monthly,7,7,3,10,Invoice,850,100,0,0.5487494640417121,High Risk
CUST_003087,2021-12-27,41,38.43,Annual,10,10,1,10,ACH,427,95,0,0.28681037733163867,Low Risk
CUST_003088,2024-08-17,48,36.56,Monthly,8,5,2,9,ACH,1164,100,1,0.7582272093759888,Critical Risk
CUST_003089,2021-06-10,43,11.81,Annual,7,12,1,9,Invoice,407,88,0,0.309058808702518,Medium Risk
CUST_003090,2024-09-16,39,44.46,Annual,10,11,4,3,Invoice,672,69,1,0.6850365098966037,High Risk
CUST_003091,2024-04-19,31,50.39,Monthly,7,15,3,4,ACH,327,70,0,0.6503654352985968,High Risk
CUST_003092,2022-11-29,42,50.92,Quarterly,9,9,5,5,ACH,1035,81,0,0.4682327813802084,Medium Risk
CUST_003093,2021-06-29,10,71.38,Monthly,7,9,3,6,Invoice,1248,86,0,0.510711981847993,High Risk
CUST_003094,2021-07-11,30,19.77,Monthly,8,10,1,10,PayPal,1743,95,1,0.8933975181924915,Critical Risk
CUST_003095,2022-05-04,57,24.53,Quarterly,9,12,2,6,ACH,1236,78,1,0.7980483369052017,Critical Risk
CUST_003096,2022-05-18,52,93.23,Quarterly,9,13,0,10,PayPal,223,87,0,0.46838368413012654,Medium Risk
CUST_003097,2024-10-26,18,157.03,Monthly,4,16,1,1,Invoice,1777,44,1,0.9337570543491596,Critical Risk
CUST_003098,2026-04-12,24,17.31,Monthly,5,12,2,4,PayPal,594,68,0,0.47041457985755314,Medium Risk
CUST_003099,2024-10-26,52,44.42,Monthly,9,12,4,10,ACH,439,100,0,0.31804205113390427,Medium Risk
CUST_003100,2025-04-01,9,22.05,Monthly,8,11,5,7,ACH,48,89,0,0.29055042094233274,Low Risk
CUST_003101,2024-08-16,31,13.1,Quarterly,9,11,1,8,ACH,402,84,1,0.8083935730838333,Critical Risk
CUST_003102,2026-01-18,15,29.69,Annual,3,9,1,8,Credit Card,1086,86,0,0.35058513570248295,Medium Risk
CUST_003103,2025-10-23,4,17.76,Monthly,5,6,1,6,Invoice,140,79,0,0.2859788646439386,Low Risk
CUST_003104,2026-04-16,40,71.88,Quarterly,8,13,5,3,ACH,895,67,1,0.7404341181559343,Critical Risk
CUST_003105,2023-03-16,9,48.15,Monthly,4,9,2,4,ACH,333,71,1,0.7800804464034727,Critical Risk
CUST_003106,2025-04-05,45,17.76,Monthly,5,11,3,4,PayPal,1362,74,1,0.8141473100779728,Critical Risk
CUST_003107,2025-03-04,9,10.46,Quarterly,4,11,0,6,ACH,1749,69,1,0.81718732023931,Critical Risk
CUST_003108,2025-12-25,26,92.55,Quarterly,13,5,1,4,Invoice,1565,70,1,0.7914868688561169,Critical Risk
CUST_003109,2023-03-06,4,19.69,Quarterly,9,10,2,5,Credit Card,462,75,1,0.6655079139119988,High Risk
CUST_003110,2024-10-08,17,56.6,Annual,9,12,2,6,ACH,1515,78,0,0.5801498671903133,High Risk
CUST_003111,2021-12-31,16,30.54,Annual,5,10,4,3,ACH,604,70,0,0.35753135407304276,Medium Risk
CUST_003112,2026-04-04,15,54.03,Monthly,7,5,0,3,PayPal,1195,60,0,0.5312388378223951,High Risk
CUST_003113,2023-04-08,35,28.96,Annual,5,9,2,7,Credit Card,186,86,0,0.3609397074842549,Medium Risk
CUST_003114,2023-07-04,57,14.55,Quarterly,14,6,1,1,Credit Card,1618,54,1,0.8093870807578923,Critical Risk
CUST_003115,2025-09-03,52,22.61,Monthly,8,10,3,4,ACH,1432,75,1,0.8711597673634587,Critical Risk
CUST_003116,2025-09-13,5,20.42,Annual,8,11,1,3,Credit Card,958,59,1,0.8177062011432302,Critical Risk
CUST_003117,2024-03-05,55,37.93,Monthly,6,7,1,5,ACH,1762,73,1,0.7951706993731738,Critical Risk
CUST_003118,2022-10-03,5,63.69,Monthly,6,11,1,2,Invoice,1671,54,0,0.3324235540339566,Medium Risk
CUST_003119,2024-05-18,20,25.31,Annual,7,9,0,10,PayPal,991,91,0,0.28665465238767973,Low Risk
CUST_003120,2024-04-04,15,10.61,Monthly,9,8,1,9,Invoice,614,92,0,0.4090045335665765,Medium Risk
CUST_003121,2024-02-21,18,46.59,Annual,2,16,2,5,Credit Card,1584,59,1,0.6680888709489001,High Risk
CUST_003122,2024-03-18,47,56.54,Monthly,12,7,2,10,Invoice,504,100,1,0.7595539575028414,Critical Risk
CUST_003123,2024-05-07,2,174.67,Quarterly,8,14,1,4,ACH,1175,61,1,0.8528090663042712,Critical Risk
CUST_003124,2025-10-15,29,54.52,Monthly,6,8,4,4,PayPal,216,77,1,0.7212228994027199,Critical Risk
CUST_003125,2023-10-01,13,41.85,Monthly,9,15,1,7,Invoice,1528,75,1,0.8520500616770356,Critical Risk
CUST_003126,2026-02-13,4,52.6,Monthly,14,11,0,4,PayPal,1527,59,1,0.7303469992001643,Critical Risk
CUST_003127,2023-09-20,42,141.49,Quarterly,5,12,1,10,ACH,1794,93,1,0.7897510517824645,Critical Risk
CUST_003128,2023-12-29,45,98.12,Annual,3,7,1,8,PayPal,1282,88,1,0.716686625591802,Critical Risk
CUST_003129,2023-01-22,10,29.5,Annual,5,6,5,1,PayPal,1643,64,0,0.23258724331699196,Low Risk
CUST_003130,2025-01-21,31,23.54,Monthly,12,15,1,10,ACH,1184,90,1,0.8772912611736122,Critical Risk
CUST_003131,2024-09-29,41,25.23,Monthly,7,13,3,6,Credit Card,1751,82,1,0.8834435530785842,Critical Risk
CUST_003132,2022-05-24,8,45.1,Monthly,3,11,1,9,Invoice,946,89,1,0.8483100751733332,Critical Risk
CUST_003133,2023-10-06,3,78.14,Annual,11,11,1,5,Credit Card,843,69,0,0.3467194066080827,Medium Risk
CUST_003134,2025-02-08,48,44.98,Monthly,6,10,2,5,Invoice,1051,75,0,0.5151902118405374,High Risk
CUST_003135,2026-02-05,46,13.51,Quarterly,9,11,0,4,PayPal,1666,59,1,0.8298831840661418,Critical Risk
CUST_003136,2026-01-22,9,74.29,Annual,4,12,3,9,ACH,1477,98,0,0.3280932586523825,Medium Risk
CUST_003137,2023-07-06,30,91.99,Monthly,6,9,1,2,Credit Card,741,56,1,0.7810204682075833,Critical Risk
CUST_003138,2024-01-09,53,27.09,Monthly,7,13,0,9,Invoice,611,82,1,0.753507301392479,Critical Risk
CUST_003139,2022-12-26,11,64.55,Annual,10,11,2,6,Invoice,1503,79,0,0.44216802688649587,Medium Risk
CUST_003140,2022-02-24,35,37.81,Monthly,6,10,0,10,Credit Card,86,90,0,0.33603222186522325,Medium Risk
CUST_003141,2026-02-05,37,119.97,Monthly,6,12,4,8,PayPal,675,93,0,0.40564935541001246,Medium Risk
CUST_003142,2026-03-21,42,103.29,Monthly,8,12,3,4,PayPal,404,73,1,0.6964750575826176,High Risk
CUST_003143,2022-06-24,13,47.27,Annual,9,12,0,4,Credit Card,1752,58,0,0.5658216138085279,High Risk
CUST_003144,2021-10-31,36,68.8,Annual,7,14,2,10,ACH,1512,96,1,0.7152525434352448,Critical Risk
CUST_003145,2022-05-05,56,117.43,Monthly,7,6,1,1,ACH,1179,54,1,0.8270626967764083,Critical Risk
CUST_003146,2025-03-21,13,44.23,Monthly,15,12,0,6,Invoice,1634,68,1,0.7914901730601356,Critical Risk
CUST_003147,2022-03-18,12,28.79,Monthly,12,7,4,2,PayPal,1383,68,0,0.30790343599110187,Medium Risk
CUST_003148,2024-07-08,37,80.05,Annual,4,10,4,5,Invoice,593,80,1,0.7103403188808302,Critical Risk
CUST_003149,2023-06-27,10,22.43,Monthly,8,8,0,3,Credit Card,652,57,0,0.3914786965381787,Medium Risk
CUST_003150,2021-10-07,56,34.59,Monthly,8,9,3,2,Invoice,1091,66,1,0.7045080056050079,Critical Risk
CUST_003151,2025-12-06,9,110.39,Quarterly,8,8,3,10,Credit Card,1636,100,0,0.45393621355391534,Medium Risk
CUST_003152,2025-07-30,52,74.44,Quarterly,7,12,2,1,PayPal,1537,53,1,0.6499082552485169,High Risk
CUST_003153,2025-09-13,7,35.86,Quarterly,4,4,4,9,PayPal,396,100,0,0.08557833964379898,Low Risk
CUST_003154,2025-05-02,2,22.09,Quarterly,8,13,4,1,Credit Card,1639,57,1,0.9527777777777777,Critical Risk
CUST_003155,2022-11-28,54,32.0,Monthly,7,4,3,8,ACH,214,100,1,0.5039680573197689,High Risk
CUST_003156,2021-10-01,56,26.71,Monthly,6,8,1,6,PayPal,1700,77,0,0.3606722394332012,Medium Risk
CUST_003157,2025-02-21,23,19.68,Monthly,7,7,2,4,Invoice,1020,73,1,0.7554367071059995,Critical Risk
CUST_003158,2025-03-30,39,78.0,Monthly,8,11,3,9,ACH,1359,99,1,0.6917299298610459,High Risk
CUST_003159,2022-12-15,40,24.52,Quarterly,6,8,2,1,Invoice,325,57,0,0.3064512170116836,Medium Risk
CUST_003160,2022-06-18,39,40.27,Annual,10,14,0,4,ACH,999,56,0,0.30234275340022815,Medium Risk
CUST_003161,2024-12-20,21,34.38,Annual,10,9,4,10,Credit Card,69,100,0,0.25941739090296084,Low Risk
CUST_003162,2024-11-09,23,211.08,Monthly,9,10,1,7,ACH,848,80,0,0.4166557434967767,Medium Risk
CUST_003163,2024-10-17,29,34.8,Quarterly,12,12,1,4,Invoice,1273,63,0,0.6325902034356109,High Risk
CUST_003164,2022-03-10,14,14.17,Quarterly,8,8,1,1,Invoice,631,52,1,0.7033823939437098,Critical Risk
CUST_003165,2025-02-15,26,14.71,Monthly,11,8,1,4,ACH,1073,67,1,0.840950298364028,Critical Risk
CUST_003166,2022-10-26,51,54.67,Quarterly,9,4,1,6,Credit Card,1055,81,1,0.5049930638995079,High Risk
CUST_003167,2024-03-21,5,55.74,Monthly,8,10,1,8,PayPal,1012,85,1,0.7831608423300197,Critical Risk
CUST_003168,2025-05-18,55,37.13,Monthly,12,14,1,2,Invoice,281,51,1,0.7914328601053703,Critical Risk
CUST_003169,2022-07-27,31,38.27,Annual,8,12,1,9,ACH,1460,88,0,0.47776047523893317,Medium Risk
CUST_003170,2024-11-29,25,12.77,Annual,7,14,1,7,Invoice,1646,76,0,0.7294485440689139,Critical Risk
CUST_003171,2022-08-28,31,46.34,Monthly,3,8,2,6,Invoice,1222,82,1,0.7313375695655767,Critical Risk
CUST_003172,2025-12-16,50,45.13,Monthly,6,9,0,3,Invoice,214,56,1,0.8337962475969617,Critical Risk
CUST_003173,2022-01-10,20,18.1,Quarterly,9,12,0,4,PayPal,434,58,0,0.2618876303025337,Low Risk
CUST_003174,2021-10-29,44,15.48,Annual,9,5,6,8,Credit Card,68,100,0,0.2730673370345501,Low Risk
CUST_003175,2023-08-15,55,16.6,Annual,10,11,2,7,Invoice,695,84,1,0.8368815948494374,Critical Risk
CUST_003176,2025-04-30,17,15.33,Monthly,13,12,3,6,Credit Card,124,83,1,0.7272637276220931,Critical Risk
CUST_003177,2022-12-06,45,57.04,Monthly,7,9,1,7,Credit Card,336,81,0,0.5390431620881618,High Risk
CUST_003178,2022-08-11,2,20.94,Monthly,4,15,2,9,Invoice,612,90,1,0.9279781746031744,Critical Risk
CUST_003179,2022-12-03,25,24.48,Monthly,12,13,3,5,Credit Card,1586,77,1,0.8331424192281943,Critical Risk
CUST_003180,2021-10-04,13,19.53,Monthly,6,12,4,5,Invoice,1041,78,0,0.6293345328178989,High Risk
CUST_003181,2021-06-06,58,168.31,Monthly,7,8,0,10,Invoice,87,92,1,0.7007900503461275,Critical Risk
CUST_003182,2025-05-08,39,106.42,Annual,5,9,2,7,Invoice,52,86,0,0.31144918243007963,Medium Risk
CUST_003183,2023-10-25,28,23.1,Monthly,6,11,2,7,Invoice,1684,84,1,0.780004890375493,Critical Risk
CUST_003184,2025-06-08,42,29.84,Quarterly,9,9,4,5,Credit Card,1351,81,1,0.7063129564219659,Critical Risk
CUST_003185,2023-09-14,55,21.78,Monthly,5,18,3,8,PayPal,327,87,1,0.8606298246739408,Critical Risk
CUST_003186,2025-01-25,6,43.85,Monthly,7,11,0,6,PayPal,889,69,1,0.7112285464372533,Critical Risk
CUST_003187,2023-09-30,3,10.99,Monthly,10,9,0,4,Credit Card,965,61,1,0.8525665552770816,Critical Risk
CUST_003188,2023-09-13,58,65.64,Monthly,6,11,1,9,ACH,1464,89,0,0.6004428295106838,High Risk
CUST_003189,2021-12-30,35,47.03,Monthly,6,11,0,2,Credit Card,125,49,1,0.8002783931585625,Critical Risk
CUST_003190,2022-06-27,18,124.45,Quarterly,6,9,3,2,Credit Card,177,66,1,0.7017715267449393,Critical Risk
CUST_003191,2024-01-18,11,18.98,Annual,7,10,1,5,ACH,731,70,1,0.7868159568366555,Critical Risk
CUST_003192,2021-12-01,54,91.51,Monthly,13,10,4,3,Invoice,810,70,0,0.4979896048279995,Medium Risk
CUST_003193,2021-11-04,20,88.5,Monthly,6,10,3,3,ACH,1223,70,0,0.508536940143599,High Risk
CUST_003194,2025-11-15,5,16.8,Annual,8,4,4,7,Credit Card,412,96,0,0.3207567597929102,Medium Risk
CUST_003195,2025-09-28,19,35.42,Annual,8,7,1,5,Invoice,1631,73,1,0.6533055711462109,High Risk
CUST_003196,2025-04-20,22,19.33,Monthly,8,9,5,6,Credit Card,584,86,1,0.7865290322201629,Critical Risk
CUST_003197,2026-01-04,59,24.7,Annual,7,7,2,3,ACH,1776,68,1,0.8438664559388903,Critical Risk
CUST_003198,2025-10-25,19,25.28,Quarterly,12,18,1,8,ACH,590,77,1,0.9400767776275127,Critical Risk
CUST_003199,2024-03-27,47,50.62,Annual,5,9,3,5,Credit Card,1400,81,0,0.4820206729617283,Medium Risk
CUST_003200,2025-04-28,16,36.5,Quarterly,3,14,3,8,Invoice,1705,91,0,0.2281006714540686,Low Risk
CUST_003201,2025-12-05,24,157.57,Quarterly,9,9,2,4,Credit Card,1299,71,0,0.3603616122143711,Medium Risk
CUST_003202,2021-09-06,41,16.75,Quarterly,12,10,4,4,ACH,69,75,0,0.23048030583188323,Low Risk
CUST_003203,2024-07-20,4,191.89,Monthly,10,10,3,5,Invoice,1511,80,1,0.7414202508223972,Critical Risk
CUST_003204,2022-03-13,15,23.11,Annual,8,13,1,8,Credit Card,921,82,1,0.749814461499803,Critical Risk
CUST_003205,2024-03-24,25,84.11,Annual,6,14,3,4,PayPal,537,71,1,0.5377901236106863,High Risk
CUST_003206,2025-04-24,44,30.7,Annual,7,13,1,6,Credit Card,889,72,0,0.5088466935042465,High Risk
CUST_003207,2024-03-13,55,17.72,Quarterly,6,10,1,8,Invoice,1685,85,0,0.3448458174334044,Medium Risk
CUST_003208,2021-08-20,35,107.56,Monthly,12,19,1,3,ACH,1505,51,1,0.9186603489293991,Critical Risk
CUST_003209,2025-11-24,55,28.47,Monthly,3,8,2,6,PayPal,161,82,0,0.5936806382339078,High Risk
CUST_003210,2025-05-17,14,63.77,Monthly,10,10,1,7,Invoice,121,80,0,0.5926515186412006,High Risk
CUST_003211,2022-09-29,49,51.79,Monthly,7,13,0,8,Credit Card,1607,77,0,0.4864596074329728,Medium Risk
CUST_003212,2022-09-29,19,41.91,Monthly,8,4,2,5,Invoice,777,81,1,0.7137569368772231,Critical Risk
CUST_003213,2023-11-23,38,44.24,Annual,9,4,1,4,ACH,250,71,1,0.6860237324977273,High Risk
CUST_003214,2022-11-30,36,75.88,Monthly,9,6,2,10,PayPal,1449,100,0,0.3482179522292765,Medium Risk
CUST_003215,2024-11-26,7,14.59,Annual,8,7,1,10,ACH,910,98,1,0.8290565721552654,Critical Risk
CUST_003216,2024-11-27,30,65.16,Annual,8,5,3,10,Credit Card,1331,100,0,0.33681178961724234,Medium Risk
CUST_003217,2024-03-11,19,123.08,Monthly,7,9,1,4,PayPal,97,66,0,0.4527640990483492,Medium Risk
CUST_003218,2025-08-03,49,12.98,Monthly,6,10,0,3,Credit Card,118,55,1,0.8543747540814879,Critical Risk
CUST_003219,2023-10-10,25,17.58,Annual,9,9,4,2,PayPal,1423,66,1,0.7140862526226015,Critical Risk
CUST_003220,2022-06-07,16,73.05,Annual,6,10,3,10,Credit Card,1637,100,1,0.4958310092216942,Medium Risk
CUST_003221,2025-11-01,47,38.75,Quarterly,10,16,2,6,PayPal,1274,74,1,0.6441707556035997,High Risk
CUST_003222,2021-09-17,54,35.84,Quarterly,8,12,3,1,ACH,100,58,1,0.7337827703951737,Critical Risk
CUST_003223,2024-12-31,40,17.37,Quarterly,13,11,3,6,Credit Card,421,84,0,0.3945672184549913,Medium Risk
CUST_003224,2024-01-08,51,45.34,Annual,8,5,2,5,Credit Card,559,80,0,0.40220487382478737,Medium Risk
CUST_003225,2025-12-30,8,16.76,Quarterly,7,9,3,2,ACH,631,66,1,0.6917585609852575,High Risk
CUST_003226,2023-08-22,18,42.37,Quarterly,10,10,2,10,Credit Card,89,100,1,0.6364959005801982,High Risk
CUST_003227,2021-10-26,28,82.11,Quarterly,8,9,2,5,PayPal,486,76,0,0.48449305859898684,Medium Risk
CUST_003228,2024-03-04,16,24.94,Monthly,17,19,1,7,ACH,474,71,1,0.8267722902097902,Critical Risk
CUST_003229,2025-03-15,52,42.77,Quarterly,7,11,2,1,PayPal,769,54,0,0.519696748473686,High Risk
CUST_003230,2021-07-19,19,251.52,Monthly,7,8,1,5,ACH,572,72,1,0.6758429975139515,High Risk
CUST_003231,2023-01-23,42,68.02,Annual,8,10,3,8,PayPal,1166,95,0,0.4558568194817273,Medium Risk
CUST_003232,2022-09-29,17,102.05,Monthly,8,13,2,8,Invoice,547,87,0,0.5174620779262105,High Risk
CUST_003233,2022-05-05,45,36.79,Monthly,9,7,0,8,Credit Card,769,83,1,0.7063349635560848,Critical Risk
CUST_003234,2024-06-16,13,83.02,Monthly,8,9,4,1,PayPal,492,61,1,0.7682123101757101,Critical Risk
CUST_003235,2026-01-10,7,12.07,Monthly,9,6,2,8,Credit Card,175,94,1,0.6330324779703271,High Risk
CUST_003236,2023-11-27,27,16.56,Monthly,7,8,1,8,ACH,1806,87,0,0.29163455445252334,Low Risk
CUST_003237,2026-01-01,10,21.35,Quarterly,7,10,1,5,Invoice,1363,70,0,0.34508261961516945,Medium Risk
CUST_003238,2022-01-16,34,35.7,Monthly,11,6,1,6,PayPal,1221,79,0,0.35373563633915267,Medium Risk
CUST_003239,2022-12-04,36,103.46,Monthly,11,10,0,2,PayPal,976,50,1,0.8398579984672294,Critical Risk
CUST_003240,2021-10-21,25,31.25,Monthly,9,10,1,2,Credit Card,1801,55,0,0.35898527608394815,Medium Risk
CUST_003241,2026-03-25,6,63.16,Annual,7,10,5,1,Invoice,231,60,0,0.5707665876124909,High Risk
CUST_003242,2024-12-22,24,71.78,Monthly,10,10,1,10,ACH,1509,95,1,0.6872016465357177,High Risk
CUST_003243,2024-03-14,18,54.12,Monthly,6,14,1,3,Credit Card,1654,56,1,0.8092735750147133,Critical Risk
CUST_003244,2022-11-23,23,32.1,Monthly,10,10,1,2,ACH,511,55,0,0.4480050025221617,Medium Risk
CUST_003245,2023-10-03,6,53.03,Annual,9,9,2,8,Credit Card,1729,91,0,0.45201707426947807,Medium Risk
CUST_003246,2022-01-30,29,30.95,Monthly,9,8,1,5,Invoice,35,72,0,0.29201392438045765,Low Risk
CUST_003247,2025-12-05,25,14.38,Monthly,5,11,2,7,Credit Card,1588,84,0,0.42051916327180805,Medium Risk
CUST_003248,2022-06-12,55,256.71,Monthly,11,14,2,2,Credit Card,1101,56,0,0.3192198203138628,Medium Risk
CUST_003249,2023-07-16,17,16.8,Quarterly,12,15,2,8,PayPal,641,85,1,0.6305548378728562,High Risk
CUST_003250,2024-07-11,46,13.75,Monthly,6,7,3,1,PayPal,1457,63,1,0.8751256422318869,Critical Risk
CUST_003251,2021-10-14,24,115.4,Annual,8,12,3,4,Credit Card,986,73,0,0.46586971102261676,Medium Risk
CUST_003252,2025-07-05,11,27.96,Monthly,8,10,6,7,ACH,1140,90,1,0.7685242629579041,Critical Risk
CUST_003253,2022-07-19,26,62.53,Monthly,13,15,2,1,Invoice,1492,50,0,0.32944985666958326,Medium Risk
CUST_003254,2025-09-07,51,29.95,Monthly,11,11,2,3,PayPal,884,64,1,0.4899761278920595,Medium Risk
CUST_003255,2024-07-25,34,34.83,Monthly,7,7,2,3,Credit Card,658,68,1,0.5968788465641919,High Risk
CUST_003256,2024-07-09,28,25.2,Monthly,9,12,0,5,ACH,1345,63,1,0.7100834955152573,Critical Risk
CUST_003257,2025-09-09,3,31.01,Monthly,7,9,1,3,ACH,395,61,1,0.7142248641452653,Critical Risk
CUST_003258,2021-07-08,11,36.44,Monthly,11,12,4,4,ACH,1354,73,0,0.45012319635175013,Medium Risk
CUST_003259,2025-10-12,38,73.72,Annual,11,10,0,6,Credit Card,1395,70,0,0.4966540890721676,Medium Risk
CUST_003260,2025-08-20,14,45.82,Quarterly,9,11,0,4,Invoice,372,59,1,0.6767390945267385,High Risk
CUST_003261,2024-09-12,51,153.73,Monthly,6,16,1,1,PayPal,1095,44,1,0.8195768721130352,Critical Risk
CUST_003262,2024-07-10,26,12.14,Annual,9,7,3,7,ACH,870,93,1,0.6376482456944892,High Risk
CUST_003263,2025-09-10,48,44.97,Quarterly,10,14,1,8,Credit Card,314,81,0,0.28403689949657335,Low Risk
CUST_003264,2022-08-03,21,53.88,Quarterly,10,9,1,7,Credit Card,1074,81,0,0.40250447737902506,Medium Risk
CUST_003265,2024-11-15,54,136.41,Monthly,6,9,3,5,Credit Card,1283,81,0,0.5694027079391824,High Risk
CUST_003266,2023-12-25,56,12.52,Annual,6,3,0,7,Invoice,1499,82,0,0.30536069471034766,Medium Risk
CUST_003267,2022-04-04,39,52.61,Monthly,8,11,3,7,Invoice,450,89,1,0.7711701465271191,Critical Risk
CUST_003268,2024-03-24,30,106.08,Annual,4,9,2,1,Credit Card,1218,56,0,0.3450382824098859,Medium Risk
CUST_003269,2024-11-08,59,23.85,Monthly,11,13,1,8,Credit Card,1248,82,0,0.7901811304714594,Critical Risk
CUST_003270,2025-10-02,8,114.49,Monthly,9,9,0,9,Invoice,1342,86,0,0.3868093129901237,Medium Risk
CUST_003271,2025-01-25,51,10.96,Monthly,4,10,0,1,Invoice,1807,45,1,0.9294736842105263,Critical Risk
CUST_003272,2025-02-21,20,75.92,Monthly,11,9,2,10,PayPal,333,100,1,0.7721044013302596,Critical Risk
CUST_003273,2025-07-24,48,145.24,Annual,7,13,0,1,PayPal,1028,42,1,0.7082081156848464,Critical Risk
CUST_003274,2021-12-29,32,63.53,Monthly,8,12,0,3,Credit Card,1480,53,1,0.7872458539692289,Critical Risk
CUST_003275,2021-11-14,22,38.9,Annual,6,10,3,8,Invoice,1133,95,0,0.40304433303419074,Medium Risk
CUST_003276,2022-04-07,59,12.3,Monthly,12,19,3,9,PayPal,1721,91,1,0.8803419540229885,Critical Risk
CUST_003277,2022-06-02,7,136.36,Monthly,7,8,1,2,Credit Card,1073,57,1,0.7578687285652208,Critical Risk
CUST_003278,2026-02-04,9,41.77,Annual,13,2,1,1,Invoice,1608,58,0,0.5858436150293324,High Risk
CUST_003279,2023-05-31,45,11.47,Quarterly,11,11,3,10,ACH,103,100,1,0.764149440355133,Critical Risk
CUST_003280,2025-01-27,1,68.53,Monthly,10,5,3,4,Invoice,1296,80,1,0.8610436644171575,Critical Risk
CUST_003281,2025-07-29,29,42.87,Monthly,10,14,3,2,PayPal,1418,61,1,0.574356012566051,High Risk
CUST_003282,2021-08-30,8,16.64,Quarterly,10,6,5,9,Invoice,1665,100,0,0.3106238329746349,Medium Risk
CUST_003283,2025-03-08,56,22.06,Monthly,8,15,3,9,PayPal,37,95,1,0.8371041365856919,Critical Risk
CUST_003284,2021-08-12,54,13.33,Quarterly,10,7,1,5,Credit Card,1156,73,0,0.28201325635183083,Low Risk
CUST_003285,2022-07-26,4,52.7,Annual,7,10,5,5,Invoice,885,80,1,0.8584857589244025,Critical Risk
CUST_003286,2024-06-06,35,58.65,Monthly,5,10,2,9,Credit Card,1374,95,1,0.7981088071663313,Critical Risk
CUST_003287,2024-12-04,59,45.23,Monthly,16,11,3,7,PayPal,430,89,1,0.8429802492419864,Critical Risk
CUST_003288,2024-05-30,3,94.94,Monthly,10,17,2,2,ACH,1706,53,0,0.3148866462841019,Medium Risk
CUST_003289,2021-10-22,54,108.67,Monthly,5,10,3,6,Invoice,1450,85,1,0.7336673616789464,Critical Risk
CUST_003290,2026-04-14,45,57.81,Quarterly,10,15,5,6,PayPal,1286,80,0,0.3768212145298073,Medium Risk
CUST_003291,2026-04-10,40,10.64,Annual,7,9,3,10,PayPal,956,100,1,0.7245926007337434,Critical Risk
CUST_003292,2025-03-16,7,69.41,Annual,13,14,1,1,PayPal,1587,46,0,0.18190300628761602,Low Risk
CUST_003293,2023-06-14,27,37.06,Annual,9,11,4,2,ACH,364,64,1,0.6939842412172637,High Risk
CUST_003294,2026-01-15,1,51.68,Monthly,8,14,2,2,ACH,1791,56,0,0.5582014266158706,High Risk
CUST_003295,2022-07-12,27,62.36,Annual,10,21,2,1,Invoice,76,45,1,0.5666860981785509,High Risk
CUST_003296,2022-10-06,16,31.56,Monthly,8,7,3,6,Credit Card,539,88,0,0.4563203414500125,Medium Risk
CUST_003297,2023-03-08,38,134.51,Annual,7,7,3,3,PayPal,1089,73,1,0.5979505408822032,High Risk
CUST_003298,2022-11-27,7,17.19,Monthly,8,13,1,9,Credit Card,893,87,1,0.9152980801069147,Critical Risk
CUST_003299,2023-03-25,44,65.66,Annual,5,19,4,8,Invoice,1308,86,1,0.8871289166048784,Critical Risk
CUST_003300,2025-12-18,23,10.22,Quarterly,5,14,0,7,Invoice,1009,71,0,0.36094136575112223,Medium Risk
CUST_003301,2025-05-06,41,139.28,Monthly,7,10,0,5,ACH,822,65,1,0.70544637228829,Critical Risk
CUST_003302,2023-01-09,59,15.97,Monthly,5,9,2,3,PayPal,1106,66,1,0.8830929712555856,Critical Risk
CUST_003303,2021-09-26,11,14.98,Annual,10,14,2,7,PayPal,1139,81,1,0.786756239616876,Critical Risk
CUST_003304,2021-12-07,42,30.25,Monthly,5,14,2,6,PayPal,224,76,1,0.7747989242277973,Critical Risk
CUST_003305,2025-12-25,53,33.39,Annual,3,14,1,2,Invoice,913,51,0,0.34625317718116605,Medium Risk
CUST_003306,2022-10-26,33,22.06,Quarterly,8,6,0,5,PayPal,1082,69,1,0.6962837691239495,High Risk
CUST_003307,2024-12-04,50,53.99,Monthly,7,8,4,5,Credit Card,1734,82,1,0.8235254906466042,Critical Risk
CUST_003308,2025-02-08,36,39.25,Monthly,3,12,2,3,PayPal,609,63,0,0.32194052242471266,Medium Risk
CUST_003309,2023-04-01,37,11.74,Annual,10,12,1,2,ACH,851,53,0,0.3969178690647921,Medium Risk
CUST_003310,2022-03-18,41,29.26,Monthly,4,9,1,2,Invoice,197,56,1,0.7613245369008365,Critical Risk
CUST_003311,2022-12-02,59,93.15,Monthly,9,6,5,5,Credit Card,1458,84,0,0.3122808738779176,Medium Risk
CUST_003312,2023-12-11,17,68.51,Quarterly,10,9,2,1,PayPal,380,56,1,0.6506775831094391,High Risk
CUST_003313,2022-03-10,35,74.53,Annual,15,16,3,6,Credit Card,174,79,0,0.20546679883654792,Low Risk
CUST_003314,2025-01-15,48,69.89,Monthly,9,11,5,9,Credit Card,1426,99,1,0.6845913774399277,High Risk
CUST_003315,2023-07-04,5,28.62,Monthly,7,16,4,1,PayPal,1809,54,1,0.7867003309351982,Critical Risk
CUST_003316,2022-06-04,48,15.25,Annual,4,10,2,3,Invoice,887,65,0,0.4375387276367275,Medium Risk
CUST_003317,2025-07-05,32,25.9,Annual,5,15,1,10,ACH,374,90,1,0.4803293677390499,Medium Risk
CUST_003318,2025-09-14,3,99.13,Quarterly,8,7,2,5,PayPal,545,78,0,0.35988500463158796,Medium Risk
CUST_003319,2021-07-13,52,206.79,Monthly,6,9,2,3,PayPal,89,66,1,0.7715031604841667,Critical Risk
CUST_003320,2023-10-23,47,44.05,Quarterly,4,8,1,2,ACH,388,57,0,0.2193567827104945,Low Risk
CUST_003321,2023-05-09,35,10.49,Annual,9,12,6,3,PayPal,793,68,1,0.5755310981259458,High Risk
CUST_003322,2023-10-09,52,17.54,Annual,5,11,3,7,ACH,1475,89,1,0.6965489174845096,High Risk
CUST_003323,2026-01-11,14,29.44,Annual,10,5,0,7,Credit Card,991,80,0,0.28169819854098743,Low Risk
CUST_003324,2023-07-01,48,53.21,Monthly,12,16,3,5,ACH,593,74,1,0.8109756819400411,Critical Risk
CUST_003325,2022-06-16,31,13.9,Quarterly,9,13,0,2,Credit Card,480,47,0,0.2586897742195263,Low Risk
CUST_003326,2024-12-19,31,153.55,Monthly,6,8,1,1,ACH,698,52,1,0.7856283935346425,Critical Risk
CUST_003327,2023-10-14,17,32.71,Monthly,10,13,5,3,Credit Card,953,67,1,0.7463585116265667,Critical Risk
CUST_003328,2024-09-12,24,131.85,Quarterly,12,14,2,7,ACH,1667,81,1,0.5059986876941717,High Risk
CUST_003329,2025-09-11,52,85.83,Annual,7,10,3,1,Credit Card,632,60,1,0.554300730681383,High Risk
CUST_003330,2024-09-08,23,80.41,Quarterly,5,12,2,7,PayPal,804,83,1,0.5905701916505605,High Risk
CUST_003331,2025-06-23,18,56.66,Annual,15,8,3,6,ACH,1458,87,1,0.7552731276433452,Critical Risk
CUST_003332,2024-10-14,50,59.28,Monthly,13,13,1,4,ACH,323,62,0,0.3305520315744175,Medium Risk
CUST_003333,2023-07-02,54,60.81,Quarterly,8,12,1,10,Credit Card,235,93,1,0.7152755486916413,Critical Risk
CUST_003334,2025-10-06,14,59.54,Monthly,10,6,2,6,ACH,145,84,0,0.42317552389671387,Medium Risk
CUST_003335,2023-06-30,50,50.34,Quarterly,6,10,5,4,ACH,73,75,0,0.5733396572542313,High Risk
CUST_003336,2021-10-19,15,224.94,Monthly,8,16,4,5,ACH,1268,74,1,0.790670104424429,Critical Risk
CUST_003337,2022-05-22,15,75.89,Quarterly,10,6,3,3,ACH,1617,74,0,0.2936713379571312,Low Risk
CUST_003338,2022-05-03,6,85.02,Monthly,6,12,4,10,Invoice,640,100,1,0.7582185341024918,Critical Risk
CUST_003339,2022-07-02,27,112.97,Annual,3,10,4,9,ACH,1275,100,1,0.8335304090178092,Critical Risk
CUST_003340,2023-06-24,15,22.14,Quarterly,10,12,0,1,Credit Card,634,43,1,0.8420489649884999,Critical Risk
CUST_003341,2024-09-23,50,14.38,Monthly,4,10,2,7,ACH,486,85,1,0.7703423442442116,Critical Risk
CUST_003342,2021-06-19,36,42.98,Annual,10,5,1,5,Invoice,1034,75,1,0.810176680901463,Critical Risk
CUST_003343,2021-07-09,55,46.09,Quarterly,9,10,2,9,PayPal,1122,95,0,0.34904129082964613,Medium Risk
CUST_003344,2023-07-23,8,98.36,Annual,10,11,1,2,PayPal,811,54,1,0.7211146273421797,Critical Risk
CUST_003345,2023-05-05,15,39.33,Quarterly,9,10,1,6,PayPal,812,75,1,0.5765782415753342,High Risk
CUST_003346,2022-12-15,3,52.3,Monthly,8,10,0,3,Invoice,1452,55,0,0.3495296124593951,Medium Risk
CUST_003347,2023-04-04,47,47.44,Monthly,12,7,3,4,Credit Card,1179,78,1,0.6758204925461433,High Risk
CUST_003348,2024-06-04,13,11.95,Monthly,11,5,0,4,ACH,1177,65,1,0.8534813416561202,Critical Risk
CUST_003349,2025-12-22,41,57.75,Monthly,7,14,3,2,ACH,192,61,0,0.4286018141488465,Medium Risk
CUST_003350,2021-10-29,34,98.03,Monthly,9,10,3,1,ACH,40,60,0,0.299937324127117,Low Risk
CUST_003351,2022-06-28,24,18.57,Annual,13,6,0,3,Invoice,762,59,1,0.8870225061310147,Critical Risk
CUST_003352,2023-03-04,40,55.11,Monthly,6,10,3,10,ACH,1637,100,0,0.48617391836920004,Medium Risk
CUST_003353,2023-06-24,32,55.02,Monthly,6,5,1,8,Credit Card,1423,90,1,0.8127728928301248,Critical Risk
CUST_003354,2024-11-13,32,18.97,Monthly,5,7,0,3,PayPal,1458,58,1,0.9135182351163296,Critical Risk
CUST_003355,2023-07-24,30,16.59,Quarterly,5,9,3,1,Credit Card,1708,61,0,0.2355638177311161,Low Risk
CUST_003356,2025-09-18,52,205.73,Annual,8,10,5,4,ACH,74,75,0,0.31816105065486733,Medium Risk
CUST_003357,2023-02-10,49,35.02,Monthly,7,14,2,9,ACH,1641,91,1,0.6868164257758624,High Risk
CUST_003358,2021-07-02,13,22.9,Quarterly,7,14,3,6,ACH,1292,81,1,0.8835290042225356,Critical Risk
CUST_003359,2022-04-01,1,19.4,Monthly,7,9,2,9,PayPal,1796,96,1,0.9025831686906737,Critical Risk
CUST_003360,2024-02-01,34,65.07,Quarterly,7,9,1,1,ACH,1573,51,1,0.674547264594874,High Risk
CUST_003361,2023-12-14,15,57.01,Annual,7,9,4,1,ACH,821,61,0,0.3119340283736993,Medium Risk
CUST_003362,2025-03-24,44,61.58,Monthly,7,9,4,6,Credit Card,573,86,1,0.7882935817487841,Critical Risk
CUST_003363,2025-10-13,14,14.61,Annual,9,13,1,3,Invoice,1124,57,1,0.8328087902117641,Critical Risk
CUST_003364,2026-03-26,57,122.0,Annual,6,16,5,8,ACH,1282,89,1,0.7946783346751176,Critical Risk
CUST_003365,2023-10-04,29,34.65,Monthly,11,11,0,4,PayPal,380,59,0,0.35819928304068455,Medium Risk
CUST_003366,2025-10-27,34,28.8,Quarterly,8,11,2,9,Credit Card,156,94,1,0.4691676981745721,Medium Risk
CUST_003367,2023-05-18,18,41.03,Monthly,14,9,1,6,Invoice,276,76,0,0.5130700960323252,High Risk
CUST_003368,2023-10-05,54,34.72,Monthly,6,12,1,2,Invoice,1160,53,1,0.8048507358417122,Critical Risk
CUST_003369,2023-06-24,7,109.6,Monthly,5,8,3,1,ACH,463,62,1,0.7270962081822202,Critical Risk
CUST_003370,2025-08-03,29,142.44,Monthly,7,17,3,10,Invoice,1295,98,1,0.813775102298968,Critical Risk
CUST_003371,2023-03-17,55,28.08,Monthly,6,3,3,2,PayPal,725,72,0,0.38104012892911254,Medium Risk
CUST_003372,2024-09-27,31,109.73,Quarterly,10,6,2,1,Credit Card,1566,59,0,0.24326264214007254,Low Risk
CUST_003373,2024-12-03,25,86.05,Monthly,5,9,1,8,Invoice,294,86,0,0.5690688211451098,High Risk
CUST_003374,2022-12-05,38,143.54,Monthly,7,8,1,2,ACH,135,57,1,0.6291044445099626,High Risk
CUST_003375,2024-11-23,14,24.1,Annual,12,7,3,9,ACH,1357,100,0,0.27862442728328707,Low Risk
CUST_003376,2022-02-14,8,53.01,Quarterly,6,9,0,9,Credit Card,759,86,1,0.6867893391893743,High Risk
CUST_003377,2021-07-16,27,26.05,Quarterly,2,9,0,9,PayPal,1751,76,1,0.7767942891000914,Critical Risk
CUST_003378,2021-07-03,54,96.89,Annual,6,11,2,10,Credit Card,1098,99,0,0.5652787596470017,High Risk
CUST_003379,2025-06-01,2,10.27,Quarterly,4,13,0,6,Credit Card,303,67,1,0.7022058823529411,Critical Risk
CUST_003380,2024-06-04,17,51.6,Annual,7,13,4,8,PayPal,856,92,1,0.6835015426502854,High Risk
CUST_003381,2023-05-20,37,30.72,Quarterly,11,8,1,10,PayPal,1494,97,0,0.16381647559932783,Low Risk
CUST_003382,2024-12-19,14,29.48,Annual,5,5,0,3,ACH,736,60,0,0.2810184463515344,Low Risk
CUST_003383,2023-11-15,25,61.77,Monthly,7,17,4,9,Credit Card,878,93,1,0.7694712393772845,Critical Risk
CUST_003384,2024-03-28,56,105.35,Monthly,6,10,2,9,ACH,556,95,0,0.3399576656672717,Medium Risk
CUST_003385,2024-11-13,30,56.98,Annual,4,13,0,10,PayPal,192,87,0,0.29709449446737496,Low Risk
CUST_003386,2025-11-22,29,105.93,Monthly,9,11,0,5,Credit Card,1047,64,1,0.6927974180561876,High Risk
CUST_003387,2021-09-12,20,25.37,Monthly,8,14,0,9,Credit Card,1479,81,0,0.4529995912751643,Medium Risk
CUST_003388,2024-09-16,21,46.65,Annual,11,14,4,10,Credit Card,1462,100,1,0.513795209888326,High Risk
CUST_003389,2025-11-25,53,39.94,Quarterly,6,9,2,8,PayPal,1194,91,0,0.2520580533663081,Low Risk
CUST_003390,2023-01-07,22,10.59,Monthly,13,16,3,7,PayPal,863,84,1,0.8741390635372788,Critical Risk
CUST_003391,2026-03-04,35,50.69,Annual,10,7,1,10,Invoice,1408,98,0,0.2680152175258771,Low Risk
CUST_003392,2023-10-31,37,64.17,Annual,7,15,5,4,Credit Card,598,70,1,0.6075387390063755,High Risk
CUST_003393,2022-08-29,16,54.81,Quarterly,7,6,2,5,Invoice,858,79,1,0.666441752576644,High Risk
CUST_003394,2025-10-04,50,76.64,Quarterly,5,9,2,1,Credit Card,371,56,1,0.7105207923624232,Critical Risk
CUST_003395,2025-03-23,58,52.35,Annual,6,9,2,5,PayPal,239,76,1,0.7052536766408007,Critical Risk
CUST_003396,2024-07-08,49,13.45,Annual,6,16,2,2,PayPal,1394,54,1,0.8404615148151331,Critical Risk
CUST_003397,2023-03-27,43,16.19,Monthly,12,10,3,1,Invoice,654,60,1,0.8236995691826438,Critical Risk
CUST_003398,2023-04-29,17,55.38,Annual,11,10,1,2,Invoice,1815,55,0,0.2117766637669783,Low Risk
CUST_003399,2024-11-07,16,26.08,Annual,8,6,0,8,Invoice,1170,84,1,0.7133863202390944,Critical Risk
CUST_003400,2022-09-03,58,14.15,Quarterly,10,9,2,6,PayPal,598,81,0,0.29650531948292924,Low Risk
CUST_003401,2023-08-09,55,38.07,Annual,10,14,3,6,Credit Card,1480,81,1,0.7452682843520241,Critical Risk
CUST_003402,2023-03-19,2,50.41,Monthly,5,9,2,9,ACH,654,96,1,0.8547425301619284,Critical Risk
CUST_003403,2023-10-19,4,29.93,Annual,10,10,3,2,Invoice,1740,65,1,0.7062607640829884,Critical Risk
CUST_003404,2023-12-17,21,73.73,Monthly,5,10,0,1,Invoice,327,45,1,0.8401450108108485,Critical Risk
CUST_003405,2021-08-09,39,61.61,Monthly,9,7,0,5,ACH,1441,68,0,0.3893423666371285,Medium Risk
CUST_003406,2026-04-14,34,30.23,Monthly,7,13,4,4,Credit Card,1499,72,1,0.796824677945241,Critical Risk
CUST_003407,2025-02-25,30,80.3,Monthly,8,8,4,4,ACH,438,77,1,0.6470269693741035,High Risk
CUST_003408,2021-08-28,6,62.31,Quarterly,8,6,2,8,Credit Card,831,94,0,0.29784008719959204,Low Risk
CUST_003409,2024-04-23,17,60.73,Monthly,7,8,2,2,Invoice,1621,62,0,0.498702341540559,Medium Risk
CUST_003410,2022-07-29,39,50.31,Monthly,15,10,2,1,ACH,1547,55,0,0.3905290455021134,Medium Risk
CUST_003411,2025-11-01,25,10.57,Quarterly,12,6,3,2,Invoice,98,69,0,0.23646668808991325,Low Risk
CUST_003412,2026-01-10,5,69.62,Monthly,11,6,2,9,Credit Card,1606,99,1,0.808013476539724,Critical Risk
CUST_003413,2023-01-12,5,33.58,Monthly,9,17,1,7,PayPal,1726,73,1,0.8398721186003936,Critical Risk
CUST_003414,2025-01-07,20,152.89,Monthly,5,6,2,4,Invoice,1307,74,1,0.7154836438824173,Critical Risk
CUST_003415,2023-02-18,16,95.18,Monthly,10,8,2,10,ACH,585,100,0,0.3428394076259905,Medium Risk
CUST_003416,2024-01-23,51,54.3,Monthly,7,15,0,9,ACH,121,80,1,0.798078168655471,Critical Risk
CUST_003417,2021-10-24,41,24.53,Monthly,2,11,5,10,Invoice,1545,94,1,0.8313501814391282,Critical Risk
CUST_003418,2023-03-23,37,21.39,Annual,11,9,3,10,PayPal,1137,100,1,0.7926394513041178,Critical Risk
CUST_003419,2024-03-31,40,30.8,Monthly,8,11,1,6,Invoice,871,74,0,0.43456569771425,Medium Risk
CUST_003420,2025-01-12,9,42.37,Monthly,4,13,3,8,ACH,187,92,1,0.7787762544691966,Critical Risk
CUST_003421,2024-03-31,5,27.55,Quarterly,11,13,3,5,Credit Card,1169,77,1,0.8139523559796747,Critical Risk
CUST_003422,2022-09-14,42,46.17,Monthly,10,7,5,10,Credit Card,1433,100,1,0.7767465626927341,Critical Risk
CUST_003423,2023-09-05,57,19.04,Quarterly,7,8,2,2,PayPal,1248,62,1,0.5096889756168826,High Risk
CUST_003424,2023-07-18,2,200.19,Monthly,11,13,3,10,ACH,313,100,1,0.8409437816152102,Critical Risk
CUST_003425,2023-03-18,9,15.71,Monthly,4,4,1,9,Credit Card,1276,96,1,0.8595245677276427,Critical Risk
CUST_003426,2025-11-23,43,144.37,Annual,7,9,0,5,PayPal,644,66,0,0.6169218334611144,High Risk
CUST_003427,2025-03-28,36,132.43,Monthly,12,4,2,4,Invoice,1084,76,1,0.6854586614187744,High Risk
CUST_003428,2025-10-17,22,47.26,Monthly,5,5,3,8,ACH,1375,100,0,0.4130361006396597,Medium Risk
CUST_003429,2022-10-27,22,74.53,Annual,8,11,2,2,Credit Card,124,59,1,0.5919186675174064,High Risk
CUST_003430,2024-07-12,22,38.64,Monthly,10,9,0,7,Invoice,559,76,0,0.3517999110564904,Medium Risk
CUST_003431,2021-06-22,34,59.72,Annual,8,12,0,3,ACH,1063,53,1,0.690114452823919,High Risk
CUST_003432,2023-05-28,55,30.82,Quarterly,4,6,1,6,ACH,189,79,0,0.343794081803887,Medium Risk
CUST_003433,2025-03-30,29,27.92,Monthly,3,12,0,2,Invoice,909,48,1,0.8966423381568187,Critical Risk
CUST_003434,2021-08-03,38,53.16,Annual,8,11,3,3,Credit Card,869,69,1,0.6664829160876825,High Risk
CUST_003435,2022-01-01,59,44.47,Annual,13,14,3,10,Invoice,1778,100,1,0.5711820615546818,High Risk
CUST_003436,2026-02-14,46,53.32,Quarterly,10,11,0,7,ACH,1266,74,1,0.7427999285219038,Critical Risk
CUST_003437,2025-12-30,33,26.89,Quarterly,12,11,1,1,Invoice,1224,49,1,0.8060467852661714,Critical Risk
CUST_003438,2026-02-17,18,32.86,Quarterly,2,14,3,7,Credit Card,843,76,0,0.2339718748944687,Low Risk
CUST_003439,2025-12-17,7,14.38,Monthly,8,10,2,7,Credit Card,1010,85,1,0.8730329163533088,Critical Risk
CUST_003440,2024-09-08,1,12.68,Annual,6,8,5,9,Credit Card,252,100,1,0.8885353299451972,Critical Risk
CUST_003441,2022-06-09,33,24.62,Monthly,6,13,2,5,Invoice,1464,72,1,0.8750553694185826,Critical Risk
CUST_003442,2024-01-17,1,13.86,Monthly,6,7,5,8,PayPal,890,98,1,0.8996854256854258,Critical Risk
CUST_003443,2022-02-24,24,15.48,Quarterly,9,13,1,3,Invoice,166,57,0,0.3072415445954378,Medium Risk
CUST_003444,2024-12-19,4,93.81,Monthly,6,10,1,1,PayPal,1064,50,1,0.8385585835652427,Critical Risk
CUST_003445,2021-12-18,4,11.98,Quarterly,5,14,2,2,ACH,356,56,1,0.8169478910728911,Critical Risk
CUST_003446,2025-12-16,18,63.79,Monthly,7,12,7,5,Credit Card,1186,78,0,0.38084426024364126,Medium Risk
CUST_003447,2026-03-14,27,25.91,Quarterly,8,8,2,10,Credit Card,869,100,0,0.31875667886289827,Medium Risk
CUST_003448,2021-06-03,43,112.61,Monthly,10,7,1,9,Credit Card,1286,93,0,0.5061219717442768,High Risk
CUST_003449,2023-09-03,59,43.18,Monthly,5,8,1,4,PayPal,600,67,0,0.625380572999065,High Risk
CUST_003450,2021-11-02,32,28.23,Monthly,6,10,0,7,Invoice,608,75,1,0.705688930348206,Critical Risk
CUST_003451,2021-10-27,33,46.45,Annual,9,10,4,10,Credit Card,1470,100,0,0.4218002129995576,Medium Risk
CUST_003452,2025-08-22,28,34.06,Monthly,9,5,2,7,ACH,112,90,1,0.7528088017517625,Critical Risk
CUST_003453,2021-10-22,42,51.54,Annual,5,10,3,1,Invoice,844,60,0,0.28569298339507837,Low Risk
CUST_003454,2024-05-23,41,16.08,Monthly,8,11,1,2,ACH,141,54,1,0.7701255942267425,Critical Risk
CUST_003455,2024-10-17,55,300.3,Monthly,12,8,3,8,Credit Card,317,97,1,0.8481567942407063,Critical Risk
CUST_003456,2024-04-06,36,37.72,Monthly,5,12,2,4,ACH,710,68,1,0.6136519450809952,High Risk
CUST_003457,2022-05-14,6,31.4,Monthly,8,12,4,8,ACH,1318,93,0,0.3926211577395041,Medium Risk
CUST_003458,2024-11-02,16,71.93,Quarterly,11,12,2,8,ACH,424,88,0,0.5916732229598606,High Risk
CUST_003459,2022-09-15,34,32.62,Quarterly,7,12,5,7,Credit Card,1216,88,1,0.5528330113389585,High Risk
CUST_003460,2023-10-24,23,99.57,Monthly,7,10,0,2,Credit Card,681,50,1,0.7973582151603782,Critical Risk
CUST_003461,2024-09-29,50,40.28,Annual,6,11,1,6,Invoice,1193,74,1,0.7301270529803028,Critical Risk
CUST_003462,2022-07-30,42,73.57,Annual,11,9,2,1,Invoice,1691,56,1,0.6078103263993053,High Risk
CUST_003463,2026-03-15,24,15.68,Monthly,9,12,0,5,Credit Card,1663,63,1,0.9037691499968777,Critical Risk
CUST_003464,2023-10-29,56,103.58,Monthly,6,5,2,4,Credit Card,79,75,0,0.3616281429289623,Medium Risk
CUST_003465,2023-05-01,49,76.54,Annual,10,15,0,10,ACH,150,85,0,0.6583724835395308,High Risk
CUST_003466,2024-05-29,13,21.89,Monthly,7,6,1,2,Credit Card,720,59,1,0.8329052090723951,Critical Risk
CUST_003467,2025-08-15,56,17.85,Monthly,8,9,2,5,PayPal,193,76,0,0.3277063074984358,Medium Risk
CUST_003468,2025-05-12,18,29.01,Monthly,9,12,1,1,PayPal,827,48,1,0.8657459359896872,Critical Risk
CUST_003469,2021-12-09,54,196.63,Annual,10,11,2,3,PayPal,454,64,1,0.705562804799189,Critical Risk
CUST_003470,2021-11-19,13,24.84,Monthly,8,9,4,7,Invoice,1663,91,1,0.8310449979163789,Critical Risk
CUST_003471,2022-10-27,49,40.45,Monthly,10,6,4,4,Credit Card,1742,79,1,0.85128405282643,Critical Risk
CUST_003472,2024-08-03,37,11.52,Monthly,11,9,3,7,PayPal,1725,91,1,0.8372436378049674,Critical Risk
CUST_003473,2024-04-20,43,35.31,Monthly,8,10,2,7,Credit Card,1772,85,0,0.7049928575984323,Critical Risk
CUST_003474,2022-09-22,39,52.35,Monthly,7,12,1,6,Invoice,1445,73,0,0.554634542071461,High Risk
CUST_003475,2023-07-28,42,163.01,Quarterly,9,14,2,3,ACH,388,61,0,0.39018926932932985,Medium Risk
CUST_003476,2023-10-15,17,46.36,Monthly,7,11,4,10,Credit Card,519,100,1,0.757461815122477,Critical Risk
CUST_003477,2024-07-31,15,95.49,Annual,8,13,2,8,Credit Card,334,87,0,0.30346354124203834,Medium Risk
CUST_003478,2024-03-02,18,49.61,Monthly,7,14,1,10,ACH,1126,91,0,0.39515059832742094,Medium Risk
CUST_003479,2022-09-04,23,12.08,Annual,10,7,1,4,ACH,1271,68,0,0.3334917655050092,Medium Risk
CUST_003480,2024-08-29,54,28.92,Annual,7,11,3,2,Credit Card,988,64,1,0.4788823237304834,Medium Risk
CUST_003481,2024-02-14,51,52.85,Monthly,9,6,3,2,Credit Card,1587,69,1,0.6444936694727206,High Risk
CUST_003482,2023-01-13,30,160.38,Quarterly,7,6,1,1,PayPal,656,54,0,0.33466891756972894,Medium Risk
CUST_003483,2024-06-16,58,108.0,Monthly,6,6,4,1,PayPal,707,64,1,0.7235071065292509,Critical Risk
CUST_003484,2022-07-15,34,22.96,Quarterly,3,7,4,1,ACH,891,63,0,0.29116732827417485,Low Risk
CUST_003485,2025-10-27,58,22.43,Monthly,8,13,2,9,Credit Card,446,92,1,0.7863780981942068,Critical Risk
CUST_003486,2021-12-22,4,21.23,Quarterly,7,7,2,3,PayPal,1707,68,1,0.8593363226018025,Critical Risk
CUST_003487,2022-01-17,3,137.87,Annual,12,10,1,7,ACH,98,80,0,0.16420031158567094,Low Risk
CUST_003488,2021-11-25,7,105.75,Quarterly,9,10,2,5,Credit Card,551,75,1,0.6099804296837686,High Risk
CUST_003489,2021-09-18,56,84.56,Annual,7,8,2,7,PayPal,1737,87,0,0.31792872743795003,Medium Risk
CUST_003490,2023-08-22,18,34.94,Monthly,13,9,1,7,Credit Card,1462,81,1,0.8450956175289939,Critical Risk
CUST_003491,2024-11-01,42,45.1,Annual,6,13,0,6,ACH,497,67,0,0.26259551183660734,Low Risk
CUST_003492,2024-05-08,7,41.21,Quarterly,7,10,1,5,ACH,977,70,1,0.7126389300426088,Critical Risk
CUST_003493,2023-10-20,40,24.61,Quarterly,6,17,0,9,ACH,616,78,1,0.8695174848320177,Critical Risk
CUST_003494,2022-06-01,6,45.16,Monthly,3,12,2,7,Invoice,80,83,1,0.8273562592856727,Critical Risk
CUST_003495,2023-12-09,22,11.55,Annual,9,8,4,1,PayPal,319,62,0,0.503058485699695,High Risk
CUST_003496,2024-08-23,58,17.07,Monthly,7,7,0,8,PayPal,1069,83,0,0.4273892582965987,Medium Risk
CUST_003497,2025-03-15,1,118.84,Annual,7,10,1,2,Invoice,97,55,0,0.17065346944966053,Low Risk
CUST_003498,2022-08-06,4,79.65,Monthly,7,11,2,5,Credit Card,86,74,1,0.5325938744762657,High Risk
CUST_003499,2022-12-06,46,37.48,Monthly,9,12,5,3,ACH,1234,68,1,0.6312995504201993,High Risk
CUST_003500,2023-11-12,49,46.4,Quarterly,4,11,3,5,Invoice,953,79,1,0.6118883070903716,High Risk
CUST_003501,2025-11-21,52,33.1,Monthly,12,5,3,10,ACH,359,100,0,0.36596958541260227,Medium Risk
CUST_003502,2022-12-06,50,77.5,Annual,11,14,0,10,ACH,245,86,1,0.7397333140670281,Critical Risk
CUST_003503,2025-08-06,43,86.67,Annual,9,8,2,8,Credit Card,333,92,1,0.608877590546975,High Risk
CUST_003504,2024-08-09,29,82.04,Monthly,6,16,2,10,PayPal,1766,94,1,0.8848106840888876,Critical Risk
CUST_003505,2023-11-09,21,74.12,Monthly,3,7,2,1,Invoice,1443,58,1,0.8059919481423818,Critical Risk
CUST_003506,2022-06-09,26,21.44,Annual,10,14,0,8,Credit Card,322,76,1,0.8456623118015939,Critical Risk
CUST_003507,2023-01-13,14,30.62,Monthly,9,11,1,2,Invoice,295,54,1,0.7644714149849845,Critical Risk
CUST_003508,2021-11-03,9,41.73,Quarterly,3,8,2,4,ACH,636,72,0,0.3432443615267649,Medium Risk
CUST_003509,2021-07-15,59,30.08,Quarterly,4,9,1,6,Invoice,257,76,1,0.7520281978949126,Critical Risk
CUST_003510,2025-10-10,47,80.31,Monthly,4,9,4,8,Invoice,1222,96,0,0.49648618728050065,Medium Risk
CUST_003511,2024-09-28,12,29.98,Monthly,11,5,3,6,ACH,1489,90,1,0.7798307483850968,Critical Risk
CUST_003512,2022-01-04,42,17.44,Monthly,9,8,0,3,PayPal,1318,57,1,0.8727629385069295,Critical Risk
CUST_003513,2024-01-13,51,35.46,Annual,4,9,5,4,PayPal,186,76,1,0.7831148794226683,Critical Risk
CUST_003514,2022-11-28,56,205.39,Monthly,14,12,1,2,Credit Card,70,53,0,0.6075368693644555,High Risk
CUST_003515,2021-08-17,51,22.8,Monthly,7,8,1,9,Credit Card,1795,92,1,0.8314963006934923,Critical Risk
CUST_003516,2021-11-02,6,57.36,Annual,11,7,2,9,PayPal,1419,98,1,0.6814263717744686,High Risk
CUST_003517,2024-09-14,20,38.37,Quarterly,7,12,2,7,Invoice,1566,83,0,0.3858895582789173,Medium Risk
CUST_003518,2025-08-26,24,13.68,Monthly,7,18,2,10,ACH,143,92,1,0.8138886936084865,Critical Risk
CUST_003519,2023-12-10,27,43.46,Monthly,15,10,3,5,ACH,1757,80,1,0.8083259973105547,Critical Risk
CUST_003520,2022-04-29,38,70.56,Quarterly,7,16,2,3,PayPal,663,59,0,0.48264780933039086,Medium Risk
CUST_003521,2022-01-27,8,46.0,Annual,7,7,2,1,Invoice,1193,58,0,0.2733175541345689,Low Risk
CUST_003522,2025-10-19,1,112.83,Annual,10,6,3,6,PayPal,692,89,1,0.8521396472125032,Critical Risk
CUST_003523,2024-06-12,54,27.05,Annual,8,12,2,4,ACH,670,68,0,0.2903549535927295,Low Risk
CUST_003524,2022-02-10,49,14.51,Quarterly,6,12,2,2,Invoice,1276,58,1,0.6433937108345182,High Risk
CUST_003525,2023-05-05,49,147.89,Annual,5,16,2,10,ACH,643,94,0,0.324038987981321,Medium Risk
CUST_003526,2024-08-02,24,33.76,Quarterly,10,7,0,7,ACH,950,78,0,0.41682148232818655,Medium Risk
CUST_003527,2022-06-10,47,52.95,Annual,9,6,2,2,PayPal,1475,64,1,0.6742303480654732,High Risk
CUST_003528,2024-06-30,7,88.51,Annual,8,12,1,2,Credit Card,920,53,1,0.6297616422010646,High Risk
CUST_003529,2021-06-14,19,29.6,Monthly,12,7,0,8,ACH,1172,83,1,0.8449226859867099,Critical Risk
CUST_003530,2022-12-23,22,72.97,Monthly,10,9,0,8,PayPal,1480,81,1,0.8039017056418158,Critical Risk
CUST_003531,2023-02-16,57,17.28,Annual,7,4,2,8,PayPal,375,96,1,0.739818520116645,Critical Risk
CUST_003532,2022-03-29,55,27.22,Monthly,8,6,1,4,ACH,218,69,0,0.3103424131632369,Medium Risk
CUST_003533,2021-09-27,35,17.82,Annual,6,6,2,7,PayPal,61,89,1,0.7046941609687267,Critical Risk
CUST_003534,2023-10-02,30,93.36,Monthly,7,7,3,8,Invoice,1209,98,0,0.6899603508389643,High Risk
CUST_003535,2025-10-16,29,22.59,Quarterly,7,7,3,9,PayPal,1208,100,0,0.42229926774758053,Medium Risk
CUST_003536,2022-05-14,22,73.19,Monthly,6,7,2,2,Invoice,1182,63,1,0.5926717785766149,High Risk
CUST_003537,2021-09-16,11,153.5,Quarterly,4,13,2,10,Invoice,1317,97,0,0.40377548159589305,Medium Risk
CUST_003538,2024-12-27,20,47.51,Annual,3,10,0,7,Credit Card,754,75,1,0.7536336304482916,Critical Risk
CUST_003539,2023-11-19,29,48.83,Monthly,5,2,3,4,Invoice,1076,83,1,0.6062801463547364,High Risk
CUST_003540,2025-12-12,51,40.91,Annual,7,12,2,10,Invoice,918,98,0,0.2934324330205261,Low Risk
CUST_003541,2022-09-04,41,29.72,Monthly,15,10,3,3,Invoice,445,70,0,0.5151622499841934,High Risk
CUST_003542,2025-11-19,42,42.28,Monthly,9,11,0,6,Credit Card,672,69,1,0.7151824791967647,Critical Risk
CUST_003543,2025-06-23,34,56.17,Monthly,8,9,3,6,Credit Card,585,86,1,0.7276539875171822,Critical Risk
CUST_003544,2026-04-12,1,223.4,Monthly,6,7,2,8,PayPal,723,93,1,0.8663530043979183,Critical Risk
CUST_003545,2023-04-23,31,148.84,Quarterly,10,2,1,6,Invoice,547,83,1,0.7233467537497816,Critical Risk
CUST_003546,2021-12-10,30,109.08,Monthly,10,8,2,10,ACH,355,100,1,0.7649146403047304,Critical Risk
CUST_003547,2023-03-05,48,119.97,Annual,8,9,1,1,ACH,1486,51,1,0.7263210413542629,Critical Risk
CUST_003548,2021-11-22,18,41.54,Monthly,6,13,0,5,Invoice,472,62,0,0.3906335771509161,Medium Risk
CUST_003549,2021-07-14,55,63.57,Annual,5,13,3,7,Invoice,1559,87,0,0.3547430797492406,Medium Risk
CUST_003550,2023-08-23,58,122.72,Monthly,12,14,0,3,Credit Card,726,51,1,0.8257719644122353,Critical Risk
CUST_003551,2025-07-02,17,34.96,Annual,6,9,5,10,ACH,1626,100,0,0.26538655369520475,Low Risk
CUST_003552,2025-04-27,38,173.2,Annual,9,8,2,9,PayPal,1237,97,1,0.48430581797260275,Medium Risk
CUST_003553,2024-01-01,14,36.87,Annual,4,6,1,3,Credit Card,1734,64,0,0.32437552346480303,Medium Risk
CUST_003554,2025-04-14,23,55.95,Monthly,10,12,5,10,Credit Card,811,100,1,0.6355820283095952,High Risk
CUST_003555,2025-02-12,25,71.86,Annual,6,7,3,6,PayPal,1520,88,1,0.5399344831296895,High Risk
CUST_003556,2025-03-04,15,160.38,Monthly,7,10,2,2,PayPal,1386,60,0,0.43181495607461495,Medium Risk
CUST_003557,2025-11-23,46,24.03,Monthly,9,8,2,4,Invoice,1094,72,1,0.7950318683453673,Critical Risk
CUST_003558,2023-01-17,56,78.55,Monthly,1,5,7,2,Invoice,443,50,1,0.8392384223137465,Critical Risk
CUST_003559,2024-08-12,22,46.78,Monthly,4,5,2,9,Credit Card,1401,100,1,0.8453540721588994,Critical Risk
CUST_003560,2021-08-05,3,25.64,Monthly,10,10,0,2,Invoice,1479,50,0,0.3347287756783049,Medium Risk
CUST_003561,2023-11-20,56,84.94,Annual,9,14,2,8,Credit Card,1345,86,0,0.3685973141724596,Medium Risk
CUST_003562,2024-12-29,55,50.17,Monthly,14,10,1,4,ACH,1109,65,1,0.700479989206394,Critical Risk
CUST_003563,2023-07-21,19,64.08,Monthly,7,12,4,2,Invoice,1636,63,0,0.5302368229452442,High Risk
CUST_003564,2025-06-10,57,29.5,Monthly,15,11,3,7,Credit Card,1520,89,1,0.8295738638128831,Critical Risk
CUST_003565,2024-09-12,44,42.82,Annual,4,7,4,4,PayPal,107,78,0,0.7341444623781429,Critical Risk
CUST_003566,2023-07-23,34,58.03,Annual,10,14,5,9,Credit Card,1678,96,0,0.7121497960474805,Critical Risk
CUST_003567,2025-07-18,35,35.95,Monthly,11,10,1,2,Credit Card,1451,55,1,0.7691419232264174,Critical Risk
CUST_003568,2024-09-17,50,21.06,Annual,12,18,1,8,ACH,196,77,1,0.8912265488135054,Critical Risk
CUST_003569,2021-09-18,1,173.04,Annual,16,7,4,1,ACH,1661,63,1,0.7983045977011494,Critical Risk
CUST_003570,2021-12-18,52,45.82,Monthly,6,9,2,10,Invoice,1676,100,1,0.7854473917117046,Critical Risk
CUST_003571,2024-10-07,21,76.2,Annual,9,9,4,4,ACH,1787,76,0,0.6342976077283594,High Risk
CUST_003572,2022-07-25,29,36.47,Annual,8,13,3,3,Credit Card,1337,67,0,0.2789384340629636,Low Risk
CUST_003573,2026-04-05,6,31.94,Annual,15,5,1,9,PayPal,201,95,1,0.7573791272584377,Critical Risk
CUST_003574,2023-09-22,37,36.14,Monthly,6,7,2,4,PayPal,1354,73,1,0.5806049295709638,High Risk
CUST_003575,2026-03-21,1,36.31,Monthly,10,8,3,5,ACH,1327,82,0,0.8170140053717359,Critical Risk
CUST_003576,2021-09-01,51,49.28,Monthly,5,8,0,10,ACH,1595,92,1,0.44288352670485137,Medium Risk
CUST_003577,2025-03-06,1,49.21,Annual,8,9,3,3,PayPal,259,71,1,0.7808479026517442,Critical Risk
CUST_003578,2021-11-23,27,44.37,Quarterly,8,6,2,2,Invoice,796,64,0,0.3039624523026551,Medium Risk
CUST_003579,2025-11-07,21,17.24,Monthly,12,7,2,8,ACH,1251,93,1,0.8411808863623874,Critical Risk
CUST_003580,2024-11-20,53,44.27,Monthly,15,8,1,9,Credit Card,1507,92,1,0.8589813270778651,Critical Risk
CUST_003581,2021-11-11,16,19.26,Annual,5,9,1,8,ACH,160,86,1,0.7941390670931383,Critical Risk
CUST_003582,2023-09-10,44,16.74,Quarterly,6,13,1,3,PayPal,1572,57,0,0.6068554576373666,High Risk
CUST_003583,2022-03-07,59,144.89,Quarterly,8,13,0,1,ACH,1033,42,1,0.5619688112932749,High Risk
CUST_003584,2025-10-17,54,56.44,Annual,6,11,1,2,Invoice,575,54,1,0.6989312679316392,High Risk
CUST_003585,2024-08-31,40,63.87,Quarterly,6,6,0,7,ACH,1118,79,0,0.32120434327026787,Medium Risk
CUST_003586,2021-12-14,26,35.69,Monthly,6,10,1,9,ACH,696,90,0,0.4681171273164384,Medium Risk
CUST_003587,2024-01-12,16,129.83,Monthly,15,9,2,2,Credit Card,1132,61,0,0.4339603055641847,Medium Risk
CUST_003588,2024-01-01,28,60.8,Monthly,5,13,2,6,Invoice,72,77,1,0.8040551391067611,Critical Risk
CUST_003589,2022-02-12,1,83.3,Annual,1,14,2,9,PayPal,693,71,0,0.29404133070527594,Low Risk
CUST_003590,2022-02-15,36,32.99,Monthly,10,14,0,10,Invoice,91,86,0,0.3682401985051855,Medium Risk
CUST_003591,2026-04-11,10,170.96,Monthly,7,7,2,4,ACH,762,73,1,0.6979331933276351,High Risk
CUST_003592,2023-03-24,43,95.87,Monthly,7,8,1,5,Invoice,1425,72,1,0.6815092881728363,High Risk
CUST_003593,2023-05-18,17,106.19,Monthly,8,7,1,8,Invoice,625,88,1,0.761308959181448,Critical Risk
CUST_003594,2023-05-09,57,19.45,Quarterly,9,10,1,5,Credit Card,148,70,0,0.25069990447453655,Low Risk
CUST_003595,2024-01-12,59,25.8,Monthly,7,15,0,5,PayPal,837,60,0,0.3642089524805839,Medium Risk
CUST_003596,2026-01-25,23,26.82,Monthly,12,6,1,4,PayPal,59,69,1,0.7153516761735154,Critical Risk
CUST_003597,2023-02-20,7,25.8,Annual,11,6,5,7,Credit Card,1481,94,0,0.2932289331819099,Low Risk
CUST_003598,2025-02-22,44,106.69,Monthly,8,15,5,3,Credit Card,751,65,0,0.3363540327858289,Medium Risk
CUST_003599,2024-08-04,53,11.62,Annual,7,14,0,5,PayPal,642,61,0,0.2905668917425883,Low Risk
CUST_003600,2021-09-03,7,13.96,Quarterly,7,12,0,8,ACH,880,78,0,0.7642141084763484,Critical Risk
CUST_003601,2023-04-19,44,26.0,Quarterly,8,8,4,9,Credit Card,1068,100,0,0.35881792914892086,Medium Risk
CUST_003602,2024-09-22,15,21.15,Quarterly,9,7,2,7,Credit Card,1813,88,1,0.7346020487939439,Critical Risk
CUST_003603,2025-05-24,34,23.19,Monthly,12,12,2,7,Credit Card,884,83,1,0.839951224366692,Critical Risk
CUST_003604,2022-09-23,46,89.96,Annual,5,7,7,7,Credit Card,840,93,1,0.8310976069733109,Critical Risk
CUST_003605,2024-10-09,45,51.41,Monthly,7,9,1,1,Credit Card,675,51,1,0.6669678978379534,High Risk
CUST_003606,2021-10-02,4,10.29,Monthly,6,10,0,9,Credit Card,335,85,1,0.9160911224281434,Critical Risk
CUST_003607,2024-08-30,14,38.05,Monthly,6,14,2,3,PayPal,1099,61,0,0.3650470022643678,Medium Risk
CUST_003608,2021-08-09,14,36.2,Monthly,2,12,1,10,ACH,1349,83,0,0.3499591916176822,Medium Risk
CUST_003609,2025-09-02,16,16.05,Quarterly,6,17,1,4,ACH,1289,58,0,0.7314250043314536,Critical Risk
CUST_003610,2024-10-19,7,66.37,Monthly,7,13,2,5,Invoice,315,72,1,0.6745933768701045,High Risk
CUST_003611,2023-09-16,32,70.55,Annual,4,8,4,10,Invoice,1038,100,0,0.2752722487659653,Low Risk
CUST_003612,2026-04-01,19,73.81,Monthly,2,12,2,5,Invoice,917,63,1,0.7297401398631902,Critical Risk
CUST_003613,2025-04-07,2,75.18,Monthly,4,5,5,10,ACH,315,100,1,0.7091244436534302,Critical Risk
CUST_003614,2025-07-30,10,10.0,Quarterly,5,13,2,8,Invoice,798,87,1,0.8581758704569888,Critical Risk
CUST_003615,2024-11-17,50,163.87,Monthly,2,10,3,3,Invoice,1466,60,1,0.8403050117771629,Critical Risk
CUST_003616,2023-02-10,17,94.16,Annual,9,3,5,4,PayPal,1782,82,0,0.2866101552728753,Low Risk
CUST_003617,2025-04-15,37,127.16,Monthly,10,11,2,6,PayPal,1788,79,0,0.4055324849804613,Medium Risk
CUST_003618,2023-05-07,12,10.79,Monthly,6,9,2,7,PayPal,1452,86,1,0.8479596660032632,Critical Risk
CUST_003619,2023-12-01,6,145.8,Monthly,9,11,2,4,Credit Card,1198,69,0,0.4935437350692215,Medium Risk
CUST_003620,2025-10-01,22,92.98,Quarterly,10,14,0,2,Credit Card,103,46,0,0.17237887413394593,Low Risk
CUST_003621,2021-09-27,32,100.77,Monthly,7,7,2,1,Credit Card,203,58,1,0.7853616207889863,Critical Risk
CUST_003622,2025-04-22,41,14.9,Monthly,7,9,2,9,PayPal,342,96,0,0.35520390983459477,Medium Risk
CUST_003623,2024-04-19,20,77.12,Monthly,8,10,1,9,ACH,620,90,0,0.5480198210322331,High Risk
CUST_003624,2025-10-02,1,170.84,Annual,5,7,2,6,Credit Card,1415,83,1,0.6224668608578183,High Risk
CUST_003625,2026-02-13,54,66.75,Annual,6,8,3,7,PayPal,697,92,1,0.6107701899631026,High Risk
CUST_003626,2021-07-18,47,52.26,Annual,5,12,3,7,Credit Card,1271,88,1,0.6486071344663539,High Risk
CUST_003627,2024-08-13,53,155.6,Monthly,7,11,4,1,ACH,106,59,0,0.5636384872129772,High Risk
CUST_003628,2024-09-06,58,39.25,Quarterly,10,7,3,6,ACH,1596,88,1,0.47815932597232125,Medium Risk
CUST_003629,2024-03-12,6,55.73,Annual,6,10,2,7,Invoice,336,85,0,0.5487653340681079,High Risk
CUST_003630,2022-06-28,19,42.35,Quarterly,7,14,0,8,PayPal,401,76,1,0.7250519093353089,Critical Risk
CUST_003631,2023-08-06,18,145.04,Quarterly,8,8,7,9,Credit Card,363,100,1,0.5659457941656211,High Risk
CUST_003632,2024-06-22,6,13.96,Annual,7,8,4,6,Invoice,314,87,1,0.7807525974473782,Critical Risk
CUST_003633,2026-03-06,45,44.77,Monthly,5,9,3,2,Credit Card,1259,66,0,0.5155103139981285,High Risk
CUST_003634,2023-06-18,33,68.07,Quarterly,8,9,2,1,ACH,1067,56,0,0.34645388910738306,Medium Risk
CUST_003635,2023-12-04,23,88.49,Quarterly,8,13,3,7,PayPal,1606,87,1,0.7522805060224013,Critical Risk
CUST_003636,2025-02-10,23,53.74,Monthly,9,13,2,5,PayPal,704,72,0,0.42744471013165364,Medium Risk
CUST_003637,2026-02-26,26,129.8,Monthly,6,7,3,8,Credit Card,802,98,1,0.7677823020819246,Critical Risk
CUST_003638,2021-06-14,13,152.36,Quarterly,2,21,4,1,Credit Card,1429,40,0,0.5851666666666666,High Risk
CUST_003639,2022-11-02,7,13.32,Monthly,8,12,1,7,PayPal,1365,78,1,0.8634499041704753,Critical Risk
CUST_003640,2023-05-31,15,35.74,Quarterly,3,11,2,1,ACH,1130,54,0,0.2117267657024646,Low Risk
CUST_003641,2023-04-08,44,11.19,Monthly,8,11,2,9,Invoice,798,94,0,0.6470449047349065,High Risk
CUST_003642,2022-01-06,27,29.98,Monthly,7,10,0,2,Credit Card,1789,50,0,0.24631985226734848,Low Risk
CUST_003643,2023-07-26,26,48.49,Monthly,7,9,3,10,PayPal,818,100,0,0.5196617087855376,High Risk
CUST_003644,2025-09-18,33,130.84,Monthly,12,9,3,9,PayPal,1769,100,1,0.8027603880467495,Critical Risk
CUST_003645,2024-03-20,15,103.72,Monthly,5,13,2,10,PayPal,65,97,1,0.6036050238525761,High Risk
CUST_003646,2024-06-23,36,16.82,Monthly,5,8,2,6,Invoice,574,82,0,0.41041076769703755,Medium Risk
CUST_003647,2022-05-04,45,14.88,Annual,6,13,1,4,PayPal,1697,62,0,0.3555791595757289,Medium Risk
CUST_003648,2024-09-09,55,54.49,Quarterly,17,12,2,4,Invoice,464,68,1,0.7992504065211375,Critical Risk
CUST_003649,2025-04-19,27,47.98,Monthly,9,10,1,4,PayPal,334,65,0,0.41853258666193693,Medium Risk
CUST_003650,2023-01-17,57,25.49,Annual,6,10,3,9,ACH,742,100,0,0.5837055293405267,High Risk
CUST_003651,2022-05-13,5,124.86,Annual,8,11,1,10,Invoice,1604,94,1,0.5192166328921249,High Risk
CUST_003652,2024-05-24,2,141.12,Annual,11,10,1,5,Credit Card,484,70,0,0.21454790279383737,Low Risk
CUST_003653,2025-06-30,55,35.76,Annual,4,10,1,2,ACH,303,55,0,0.25083084564087366,Low Risk
CUST_003654,2024-03-15,58,120.5,Monthly,7,8,2,4,PayPal,1112,72,1,0.6037885332165481,High Risk
CUST_003655,2024-12-15,33,34.22,Monthly,10,8,6,5,Credit Card,1690,82,1,0.8551698595706647,Critical Risk
CUST_003656,2025-08-08,16,76.75,Monthly,12,5,3,3,Invoice,1460,75,1,0.7687665809308194,Critical Risk
CUST_003657,2021-12-05,23,42.31,Monthly,7,10,4,1,Credit Card,1793,60,1,0.6898235888589952,High Risk
CUST_003658,2026-04-25,38,16.54,Annual,6,12,1,9,PayPal,305,88,0,0.2933042903262275,Low Risk
CUST_003659,2024-12-11,55,141.51,Monthly,10,5,2,2,ACH,513,65,0,0.3189500877557048,Medium Risk
CUST_003660,2025-01-12,16,40.27,Quarterly,4,11,1,1,ACH,82,49,0,0.24141060685958696,Low Risk
CUST_003661,2022-09-20,14,76.3,Quarterly,7,9,2,8,Credit Card,1107,91,0,0.26737411023010116,Low Risk
CUST_003662,2025-11-20,29,32.88,Quarterly,10,14,1,2,Credit Card,917,51,0,0.3382119158895047,Medium Risk
CUST_003663,2025-01-03,26,10.95,Quarterly,5,14,1,7,PayPal,859,76,0,0.5957420443221991,High Risk
CUST_003664,2021-11-24,35,15.3,Monthly,10,10,3,1,ACH,177,60,1,0.691883906395817,High Risk
CUST_003665,2023-05-03,15,44.28,Annual,4,4,1,8,ACH,310,91,0,0.24948052992494965,Low Risk
CUST_003666,2024-10-13,3,68.55,Monthly,7,9,1,1,PayPal,379,51,1,0.8288172575167313,Critical Risk
CUST_003667,2023-11-10,23,30.38,Quarterly,10,8,0,5,ACH,720,67,0,0.31502280422512485,Medium Risk
CUST_003668,2024-10-21,29,69.45,Quarterly,12,9,2,10,Invoice,946,100,0,0.4944388185331856,Medium Risk
CUST_003669,2025-09-07,34,69.97,Quarterly,13,9,0,7,ACH,411,76,0,0.4050090729150606,Medium Risk
CUST_003670,2023-04-01,33,70.86,Monthly,6,6,4,7,PayPal,1229,94,1,0.7850698145331745,Critical Risk
CUST_003671,2022-12-16,41,43.92,Annual,8,10,2,1,Invoice,1816,55,1,0.4396872132773007,Medium Risk
CUST_003672,2024-10-26,41,133.19,Monthly,8,9,4,7,ACH,768,91,0,0.3679534999640542,Medium Risk
CUST_003673,2024-01-26,23,43.59,Monthly,11,11,2,1,Credit Card,1619,54,1,0.7873649193373222,Critical Risk
CUST_003674,2025-01-20,7,39.92,Annual,9,10,3,3,ACH,1408,70,1,0.6638468889075735,High Risk
CUST_003675,2022-04-16,3,21.12,Monthly,13,7,3,2,Credit Card,1787,68,1,0.9369401154401154,Critical Risk
CUST_003676,2022-10-19,58,28.38,Quarterly,9,5,2,2,ACH,429,65,1,0.7235322736470571,Critical Risk
CUST_003677,2025-04-12,32,12.16,Monthly,6,12,2,2,PayPal,985,58,1,0.8533983979835118,Critical Risk
CUST_003678,2024-03-19,31,60.19,Quarterly,11,8,3,8,PayPal,1256,97,0,0.2429503043641833,Low Risk
CUST_003679,2024-01-06,18,24.29,Monthly,10,14,1,3,Credit Card,1705,56,1,0.7521091722267489,Critical Risk
CUST_003680,2025-04-11,43,28.13,Quarterly,3,10,2,4,Invoice,1152,70,0,0.306761136405579,Medium Risk
CUST_003681,2023-12-08,7,83.66,Quarterly,12,16,2,4,ACH,226,64,1,0.7770758403976608,Critical Risk
CUST_003682,2025-08-17,41,29.82,Quarterly,9,13,0,6,Invoice,388,67,1,0.7206421903158667,Critical Risk
CUST_003683,2025-07-24,1,23.87,Monthly,9,8,5,4,ACH,1542,77,1,0.8966869191301912,Critical Risk
CUST_003684,2021-10-26,14,19.26,Quarterly,4,11,3,1,Invoice,1353,59,1,0.7708851178975906,Critical Risk
CUST_003685,2026-03-24,52,84.55,Monthly,11,10,1,1,Credit Card,1219,50,1,0.7875760247252184,Critical Risk
CUST_003686,2025-01-02,32,16.95,Monthly,9,7,1,1,Invoice,1587,53,1,0.9250440494558224,Critical Risk
CUST_003687,2023-10-17,6,40.23,Monthly,10,7,0,2,Invoice,1134,53,1,0.8023108349472226,Critical Risk
CUST_003688,2025-09-25,39,45.36,Quarterly,8,6,2,7,Credit Card,1043,89,0,0.33870956577329836,Medium Risk
CUST_003689,2023-03-07,10,68.14,Monthly,11,15,1,3,Credit Card,1586,55,1,0.7826140719840494,Critical Risk
CUST_003690,2023-07-23,7,60.16,Quarterly,6,13,2,7,PayPal,918,82,0,0.4252060936322111,Medium Risk
CUST_003691,2023-07-14,26,93.23,Annual,8,10,0,7,Invoice,1400,75,1,0.6719246540847773,High Risk
CUST_003692,2022-02-09,34,12.29,Monthly,6,10,1,1,ACH,1802,50,1,0.8992138476973315,Critical Risk
CUST_003693,2024-08-28,30,27.58,Quarterly,9,15,3,3,Invoice,1169,65,1,0.7936202471684592,Critical Risk
CUST_003694,2023-10-18,36,26.43,Monthly,7,14,2,4,PayPal,1194,66,0,0.384230945353478,Medium Risk
CUST_003695,2024-06-14,21,17.89,Quarterly,6,12,3,1,PayPal,1041,58,1,0.7273362231536233,Critical Risk
CUST_003696,2021-11-02,17,27.07,Monthly,5,4,0,8,Invoice,1147,86,1,0.771302620869603,Critical Risk
CUST_003697,2024-08-28,33,28.54,Annual,6,14,2,5,Credit Card,1739,71,1,0.7565892547772958,Critical Risk
CUST_003698,2025-08-16,10,46.9,Monthly,4,11,0,8,Credit Card,1752,79,1,0.8292406270407944,Critical Risk
CUST_003699,2023-08-17,51,64.49,Monthly,7,8,0,6,PayPal,1388,72,1,0.7439154149732135,Critical Risk
CUST_003700,2023-09-10,47,33.99,Monthly,11,10,4,6,Invoice,1455,85,1,0.7672079710570234,Critical Risk
CUST_003701,2025-05-02,42,73.55,Monthly,6,13,0,9,ACH,1352,82,1,0.6916459576999816,High Risk
CUST_003702,2021-06-16,51,30.49,Monthly,6,12,3,4,Credit Card,1108,73,1,0.7178680967715719,Critical Risk
CUST_003703,2024-11-05,12,27.14,Monthly,12,9,2,9,ACH,1256,96,1,0.7958232302893066,Critical Risk
CUST_003704,2024-07-23,56,48.96,Monthly,3,6,3,6,Credit Card,131,89,1,0.8622474333282939,Critical Risk
CUST_003705,2022-02-05,16,11.2,Annual,8,8,1,9,Invoice,612,92,1,0.8271807265205071,Critical Risk
CUST_003706,2024-02-09,41,14.16,Annual,8,8,5,2,Invoice,134,67,1,0.7175715523415228,Critical Risk
CUST_003707,2023-06-28,32,37.06,Quarterly,7,12,1,2,Credit Card,701,53,1,0.6265859232139233,High Risk
CUST_003708,2023-03-07,15,153.16,Annual,7,7,3,1,Invoice,1258,63,0,0.18645857439536573,Low Risk
CUST_003709,2024-10-05,27,73.92,Annual,7,12,2,9,Invoice,685,93,0,0.3819457285936999,Medium Risk
CUST_003710,2023-03-27,28,14.61,Annual,13,7,4,6,ACH,759,88,0,0.3624351182029072,Medium Risk
CUST_003711,2023-07-25,17,103.64,Monthly,11,10,2,4,Invoice,1432,70,0,0.43482496775209795,Medium Risk
CUST_003712,2022-01-27,46,75.89,Annual,11,4,4,9,PayPal,709,100,0,0.2566712564583652,Low Risk
CUST_003713,2024-07-02,59,57.2,Monthly,4,12,2,5,PayPal,1734,73,1,0.7456366505502037,Critical Risk
CUST_003714,2025-08-07,50,95.82,Quarterly,7,15,1,6,PayPal,211,70,0,0.31214741587956657,Medium Risk
CUST_003715,2023-02-02,58,35.88,Annual,9,9,2,1,PayPal,1599,56,1,0.6847671786282532,High Risk
CUST_003716,2022-10-27,2,22.52,Monthly,10,7,2,8,PayPal,370,93,1,0.8523451335937462,Critical Risk
CUST_003717,2023-10-22,36,45.87,Annual,5,13,1,7,ACH,943,77,0,0.42311334688285207,Medium Risk
CUST_003718,2023-04-03,50,49.8,Monthly,10,6,0,10,Credit Card,1585,94,0,0.40581363783562324,Medium Risk
CUST_003719,2022-02-23,7,48.64,Monthly,10,10,4,3,Credit Card,1385,70,0,0.618552202135803,High Risk
CUST_003720,2021-07-09,13,51.63,Monthly,11,12,2,5,Credit Card,1394,73,0,0.6070574134879478,High Risk
CUST_003721,2021-12-20,15,158.51,Annual,10,11,2,9,PayPal,1157,94,1,0.7024164963402337,Critical Risk
CUST_003722,2025-08-29,25,126.26,Annual,3,10,6,3,PayPal,1277,70,0,0.2806316302102857,Low Risk
CUST_003723,2021-10-12,23,114.26,Quarterly,4,6,4,8,Invoice,1543,99,0,0.2764594704950744,Low Risk
CUST_003724,2022-01-23,22,90.83,Monthly,1,6,3,4,Credit Card,1446,59,1,0.7995023273075487,Critical Risk
CUST_003725,2025-12-23,26,153.61,Annual,8,9,1,9,Invoice,972,91,0,0.5396173648497772,High Risk
CUST_003726,2025-05-15,33,15.18,Annual,17,6,5,9,ACH,1754,100,1,0.7698128753547157,Critical Risk
CUST_003727,2025-10-19,11,25.4,Monthly,5,9,4,6,ACH,1176,86,0,0.3373420788418994,Medium Risk
CUST_003728,2023-10-16,10,44.17,Annual,7,9,2,9,PayPal,1192,96,0,0.49652463660037244,Medium Risk
CUST_003729,2021-09-16,25,103.71,Monthly,6,8,3,4,Invoice,796,77,1,0.678981396023547,High Risk
CUST_003730,2022-06-27,37,45.18,Monthly,8,8,2,1,Credit Card,1170,57,0,0.680399740738073,High Risk
CUST_003731,2023-07-16,48,78.92,Monthly,9,7,4,5,Credit Card,1192,83,1,0.7013550032330271,Critical Risk
CUST_003732,2024-07-27,43,17.48,Annual,7,6,0,7,Credit Card,259,79,1,0.8173041854873141,Critical Risk
CUST_003733,2025-09-18,53,24.55,Monthly,8,8,0,6,Invoice,1337,72,0,0.4141936895706105,Medium Risk
CUST_003734,2024-06-01,38,75.8,Monthly,10,11,1,8,PayPal,1518,84,1,0.7914130125343557,Critical Risk
CUST_003735,2022-03-25,41,19.0,Monthly,7,9,1,3,Credit Card,1534,61,1,0.7817555720769772,Critical Risk
CUST_003736,2022-03-24,45,31.64,Monthly,12,8,2,8,PayPal,142,92,0,0.43646160769853304,Medium Risk
CUST_003737,2025-08-11,24,25.39,Monthly,9,11,1,3,Credit Card,1535,59,1,0.765905732557618,Critical Risk
CUST_003738,2022-07-07,40,31.53,Monthly,8,10,1,3,PayPal,904,60,0,0.37449090337179564,Medium Risk
CUST_003739,2022-03-15,46,71.61,Annual,9,10,2,8,Invoice,647,90,0,0.3389925118864139,Medium Risk
CUST_003740,2022-05-06,56,32.93,Monthly,4,5,3,8,PayPal,64,100,1,0.8363703877303776,Critical Risk
CUST_003741,2024-07-26,33,50.51,Annual,9,6,1,8,Credit Card,1474,89,1,0.6697681618345706,High Risk
CUST_003742,2025-10-04,17,15.26,Annual,6,9,4,7,ACH,1320,91,0,0.4399039843327094,Medium Risk
CUST_003743,2021-12-19,24,91.74,Monthly,9,8,1,8,ACH,1557,87,0,0.514186400732385,High Risk
CUST_003744,2022-07-02,37,33.09,Monthly,10,14,0,6,ACH,317,66,0,0.33959634957609985,Medium Risk
CUST_003745,2022-06-14,57,62.28,Quarterly,11,7,3,2,ACH,644,68,1,0.6578854202322759,High Risk
CUST_003746,2022-04-20,2,74.62,Monthly,7,8,4,10,PayPal,951,100,1,0.8892664855010127,Critical Risk
CUST_003747,2023-10-03,32,21.76,Monthly,9,7,1,7,ACH,431,83,1,0.7772022677811534,Critical Risk
CUST_003748,2022-07-15,57,118.0,Monthly,4,9,1,7,Invoice,1559,81,0,0.429630504963869,Medium Risk
CUST_003749,2025-01-31,24,57.88,Annual,3,5,1,1,PayPal,1769,55,0,0.27523293588893594,Low Risk
CUST_003750,2024-05-08,9,37.99,Annual,8,9,3,7,Invoice,1799,91,0,0.5996230200560513,High Risk
CUST_003751,2021-07-16,4,20.07,Quarterly,9,12,1,1,Invoice,1585,48,1,0.878575,Critical Risk
CUST_003752,2022-11-30,17,152.63,Quarterly,8,13,2,7,PayPal,1283,82,0,0.5374083900506905,High Risk
CUST_003753,2023-08-25,17,80.34,Monthly,10,9,2,6,ACH,1599,81,0,0.4310210197555541,Medium Risk
CUST_003754,2023-03-05,53,21.66,Monthly,7,8,1,6,Invoice,1144,77,1,0.7384721944048226,Critical Risk
CUST_003755,2024-09-22,50,30.6,Monthly,4,14,0,2,Credit Card,1426,46,1,0.9188855415905965,Critical Risk
CUST_003756,2025-01-12,48,92.95,Monthly,7,10,2,7,ACH,639,85,1,0.6410773608395456,High Risk
CUST_003757,2023-08-21,30,69.48,Monthly,10,8,1,8,PayPal,1374,87,1,0.8106690401550771,Critical Risk
CUST_003758,2022-10-10,40,82.58,Monthly,10,11,2,8,ACH,876,89,1,0.729859044465154,Critical Risk
CUST_003759,2025-11-28,58,39.1,Monthly,8,8,3,3,PayPal,939,72,0,0.40848130983899034,Medium Risk
CUST_003760,2021-06-14,11,73.02,Monthly,8,7,2,6,Invoice,791,83,1,0.5552348796973451,High Risk
CUST_003761,2022-12-08,21,34.43,Monthly,7,10,0,6,Credit Card,840,70,1,0.7258093242480386,Critical Risk
CUST_003762,2025-10-25,21,21.87,Quarterly,6,13,3,5,Credit Card,696,77,1,0.7663854735084699,Critical Risk
CUST_003763,2022-05-23,18,60.08,Annual,9,15,2,9,Credit Card,1248,90,1,0.7630306962589429,Critical Risk
CUST_003764,2023-08-26,55,196.51,Quarterly,15,12,4,9,PayPal,152,98,1,0.7927537912849318,Critical Risk
CUST_003765,2021-09-07,29,28.6,Monthly,10,11,4,3,Credit Card,1053,69,0,0.621044780492925,High Risk
CUST_003766,2021-08-21,24,40.9,Monthly,11,12,4,8,Credit Card,1385,93,1,0.8293777731080941,Critical Risk
CUST_003767,2024-11-03,10,66.04,Monthly,8,14,4,9,ACH,531,96,1,0.6832864952173158,High Risk
CUST_003768,2026-03-23,45,48.99,Monthly,5,12,0,5,ACH,664,63,0,0.6293879912610154,High Risk
CUST_003769,2025-06-30,17,102.71,Monthly,7,10,2,6,Invoice,860,80,1,0.6983124948725649,High Risk
CUST_003770,2023-10-03,18,81.72,Quarterly,8,11,1,4,PayPal,208,64,0,0.3324627359054617,Medium Risk
CUST_003771,2025-05-30,42,13.0,Quarterly,8,12,3,6,Invoice,1791,83,1,0.8159214865688672,Critical Risk
CUST_003772,2022-09-03,48,332.56,Monthly,11,10,2,3,ACH,762,65,0,0.3657520550730114,Medium Risk
CUST_003773,2023-04-30,20,79.8,Monthly,4,10,1,6,PayPal,1675,75,1,0.7654093981173741,Critical Risk
CUST_003774,2023-09-23,37,109.72,Monthly,8,12,4,10,Credit Card,1486,100,0,0.4132134033323115,Medium Risk
CUST_003775,2025-07-28,45,62.66,Monthly,9,8,2,7,ACH,1324,87,1,0.713854976790242,Critical Risk
CUST_003776,2023-01-19,18,107.0,Monthly,5,10,1,1,ACH,1438,50,0,0.41160400474611186,Medium Risk
CUST_003777,2023-11-19,17,15.96,Monthly,8,11,0,7,ACH,578,74,1,0.921332383221001,Critical Risk
CUST_003778,2021-09-20,9,31.37,Monthly,8,14,1,3,PayPal,900,56,0,0.3631258334158111,Medium Risk
CUST_003779,2025-08-03,14,114.54,Monthly,7,18,3,5,Invoice,551,72,1,0.7417752334532427,Critical Risk
CUST_003780,2024-01-17,49,21.26,Monthly,9,13,1,5,Invoice,832,67,1,0.7859503805194715,Critical Risk
CUST_003781,2024-08-21,29,14.07,Monthly,8,9,1,6,Invoice,463,76,0,0.4461399934009893,Medium Risk
CUST_003782,2021-10-01,31,87.59,Monthly,11,7,1,2,Credit Card,703,58,1,0.6952692394345291,High Risk
CUST_003783,2023-12-23,4,100.24,Quarterly,4,5,3,9,Invoice,774,100,1,0.7669041677197193,Critical Risk
CUST_003784,2023-10-15,18,18.88,Monthly,9,11,1,7,PayPal,744,79,1,0.8654935902143032,Critical Risk
CUST_003785,2025-07-18,59,106.33,Quarterly,8,8,1,4,PayPal,717,67,1,0.7162167322789594,Critical Risk
CUST_003786,2024-05-09,20,68.04,Quarterly,4,10,2,5,Invoice,1675,75,0,0.3892615016137594,Medium Risk
CUST_003787,2023-11-22,56,46.71,Quarterly,10,7,2,5,ACH,609,78,1,0.49243255614515247,Medium Risk
CUST_003788,2025-08-04,56,98.67,Annual,5,9,1,10,PayPal,269,96,1,0.5620532640798683,High Risk
CUST_003789,2023-05-09,47,37.17,Annual,7,5,1,6,Credit Card,679,80,0,0.477041138655696,Medium Risk
CUST_003790,2025-01-05,43,20.78,Quarterly,10,6,4,4,PayPal,1156,79,1,0.7158775661272746,Critical Risk
CUST_003791,2023-10-10,44,26.76,Monthly,6,15,1,6,ACH,1468,70,0,0.33727892958726613,Medium Risk
CUST_003792,2025-08-28,9,45.18,Monthly,4,12,2,4,ACH,655,68,1,0.7967135816203499,Critical Risk
CUST_003793,2025-11-28,13,47.89,Quarterly,6,11,2,5,Credit Card,657,74,0,0.4623443191003368,Medium Risk
CUST_003794,2023-05-28,15,91.89,Annual,11,11,1,4,PayPal,923,64,0,0.39309057566991074,Medium Risk
CUST_003795,2025-02-03,27,88.36,Quarterly,11,10,7,9,PayPal,398,100,0,0.29609661180106944,Low Risk
CUST_003796,2025-10-14,15,53.54,Annual,11,13,3,1,Invoice,1569,57,0,0.4257508871219715,Medium Risk
CUST_003797,2021-09-22,28,85.89,Quarterly,9,6,2,5,PayPal,756,79,1,0.5733959260291609,High Risk
CUST_003798,2025-12-30,37,20.65,Annual,8,5,3,5,PayPal,1799,85,0,0.18353614344498542,Low Risk
CUST_003799,2026-05-02,55,12.57,Annual,10,12,2,1,PayPal,1158,53,1,0.7998763744722577,Critical Risk
CUST_003800,2023-09-08,19,113.43,Annual,6,12,1,4,Invoice,488,63,0,0.48309021219846215,Medium Risk
CUST_003801,2021-06-15,26,13.93,Quarterly,5,8,3,2,Invoice,1186,67,1,0.7529621901576513,Critical Risk
CUST_003802,2023-12-30,52,24.16,Quarterly,11,11,5,2,PayPal,1459,64,1,0.7467091912946907,Critical Risk
CUST_003803,2024-08-01,26,69.42,Quarterly,8,12,2,2,Invoice,454,58,0,0.3483641693466617,Medium Risk
CUST_003804,2025-10-24,25,36.33,Annual,8,7,0,10,Credit Card,424,93,0,0.2881677898015827,Low Risk
CUST_003805,2021-12-12,26,114.5,Monthly,8,6,2,1,Credit Card,1751,59,0,0.31713941056591743,Medium Risk
CUST_003806,2024-12-03,26,27.69,Monthly,9,17,0,9,PayPal,808,78,1,0.8153995553326412,Critical Risk
CUST_003807,2025-02-15,46,10.6,Quarterly,7,13,2,6,PayPal,1101,77,0,0.27193959254426897,Low Risk
CUST_003808,2025-12-11,28,27.88,Annual,4,9,0,7,PayPal,1175,76,0,0.5557710506824699,High Risk
CUST_003809,2023-01-04,49,53.15,Monthly,7,6,0,6,ACH,997,74,1,0.6881642954109387,High Risk
CUST_003810,2024-11-16,18,33.58,Monthly,9,11,1,4,Invoice,1814,64,1,0.6426739793622267,High Risk
CUST_003811,2025-09-18,32,48.27,Quarterly,5,7,3,10,ACH,342,100,0,0.20237574834516184,Low Risk
CUST_003812,2022-09-04,53,114.62,Quarterly,9,9,2,2,Invoice,1477,61,0,0.4346268034661191,Medium Risk
CUST_003813,2021-10-23,3,131.8,Quarterly,6,15,5,5,PayPal,767,75,1,0.605937077113714,High Risk
CUST_003814,2023-09-27,2,25.46,Annual,12,6,1,3,ACH,281,64,1,0.8619323008302804,Critical Risk
CUST_003815,2022-09-15,33,41.01,Monthly,5,12,1,1,Invoice,334,48,0,0.36718756044417233,Medium Risk
CUST_003816,2021-09-28,42,49.83,Monthly,9,12,3,2,Invoice,987,63,1,0.5714908043131655,High Risk
CUST_003817,2025-01-28,19,158.91,Monthly,2,8,2,8,PayPal,81,82,1,0.9008852671565052,Critical Risk
CUST_003818,2022-06-08,17,339.19,Quarterly,11,7,2,7,PayPal,1721,88,0,0.21703210947731455,Low Risk
CUST_003819,2024-10-29,44,23.42,Monthly,8,10,1,7,PayPal,272,80,0,0.48234925911811316,Medium Risk
CUST_003820,2025-04-05,33,74.91,Annual,10,9,2,9,PayPal,106,96,0,0.3644550010135774,Medium Risk
CUST_003821,2021-06-10,12,33.74,Annual,11,12,2,10,PayPal,327,98,0,0.434724029612175,Medium Risk
CUST_003822,2024-01-09,49,10.41,Annual,8,13,2,2,Invoice,363,57,0,0.5830210264831495,High Risk
CUST_003823,2022-12-19,56,10.46,Quarterly,11,12,1,2,Invoice,1216,53,1,0.6794826924881104,High Risk
CUST_003824,2025-10-05,3,40.86,Monthly,9,4,1,10,Invoice,383,100,1,0.84729112400761,Critical Risk
CUST_003825,2023-03-21,43,43.5,Annual,8,14,2,6,PayPal,1062,76,1,0.6517381624501918,High Risk
CUST_003826,2021-07-07,49,11.14,Monthly,11,9,3,2,ACH,292,66,1,0.743693862347272,Critical Risk
CUST_003827,2024-07-26,55,68.07,Monthly,7,5,1,8,Credit Card,1366,90,1,0.7396865048222225,Critical Risk
CUST_003828,2022-11-05,26,27.41,Monthly,8,7,1,9,PayPal,65,93,0,0.6271327310548689,High Risk
CUST_003829,2025-09-26,35,51.04,Monthly,8,6,3,6,ACH,64,89,1,0.8269153486958015,Critical Risk
CUST_003830,2025-03-22,8,27.9,Annual,14,14,1,6,ACH,1435,71,1,0.7934581983668589,Critical Risk
CUST_003831,2022-04-27,52,19.14,Annual,7,11,0,5,PayPal,615,64,1,0.5789525843215272,High Risk
CUST_003832,2021-11-18,36,36.14,Monthly,8,10,1,10,Invoice,1552,95,0,0.36846080746105664,Medium Risk
CUST_003833,2022-07-25,53,23.22,Monthly,7,10,0,7,ACH,784,75,1,0.8427762390523634,Critical Risk
CUST_003834,2023-11-27,54,48.26,Annual,10,7,0,6,PayPal,110,73,0,0.4807460786780978,Medium Risk
CUST_003835,2024-10-22,7,21.08,Quarterly,8,11,1,9,Invoice,359,89,0,0.28758659591815744,Low Risk
CUST_003836,2024-10-30,46,45.51,Monthly,5,10,1,6,ACH,189,75,1,0.79404696562978,Critical Risk
CUST_003837,2025-12-12,46,18.56,Annual,4,10,1,1,Invoice,1461,50,1,0.8216086101710011,Critical Risk
CUST_003838,2024-08-29,36,65.58,Annual,4,4,3,4,Invoice,836,81,0,0.5860289271336898,High Risk
CUST_003839,2024-12-18,16,80.11,Annual,11,9,0,7,ACH,1649,76,1,0.8219959017102412,Critical Risk
CUST_003840,2024-01-14,24,15.85,Monthly,8,16,4,3,PayPal,1087,64,1,0.8324651207214298,Critical Risk
CUST_003841,2024-05-31,54,41.54,Annual,7,11,1,6,Credit Card,1308,74,0,0.6752415075838747,High Risk
CUST_003842,2022-01-13,1,13.68,Annual,6,8,1,4,PayPal,452,67,1,0.9080908787149197,Critical Risk
CUST_003843,2021-09-23,49,55.59,Annual,4,11,3,5,Credit Card,453,79,1,0.7438352728446865,Critical Risk
CUST_003844,2022-01-18,25,25.35,Annual,4,13,0,8,ACH,172,77,1,0.7200099412457829,Critical Risk
CUST_003845,2022-02-22,10,47.5,Quarterly,9,8,0,6,Credit Card,206,72,1,0.7917355978504347,Critical Risk
CUST_003846,2024-09-14,54,46.43,Monthly,10,10,3,2,PayPal,1113,65,1,0.5851310310617199,High Risk
CUST_003847,2025-07-26,16,139.08,Quarterly,7,6,0,3,Invoice,683,59,1,0.6833612065017899,High Risk
CUST_003848,2025-03-05,16,49.82,Annual,9,15,4,1,PayPal,1029,55,0,0.243422081042004,Low Risk
CUST_003849,2023-12-29,58,53.73,Annual,12,9,2,9,ACH,428,96,1,0.6698124612335106,High Risk
CUST_003850,2025-08-06,8,35.68,Monthly,8,5,3,10,Invoice,1577,100,0,0.2887404257282831,Low Risk
CUST_003851,2025-11-30,29,158.87,Monthly,12,12,4,6,Credit Card,1306,83,1,0.7605397536752588,Critical Risk
CUST_003852,2024-08-27,39,85.07,Annual,14,7,0,10,PayPal,1455,93,0,0.24181396624928247,Low Risk
CUST_003853,2021-07-17,28,26.8,Annual,9,7,2,9,ACH,419,98,0,0.28277496042374195,Low Risk
CUST_003854,2024-07-10,6,102.96,Monthly,8,16,0,3,Credit Card,1301,49,1,0.8172169657493679,Critical Risk
CUST_003855,2026-02-09,16,38.32,Annual,5,13,1,5,ACH,1754,67,1,0.721944085574053,Critical Risk
CUST_003856,2021-10-30,20,98.21,Monthly,6,8,2,5,PayPal,1317,77,1,0.6843235957506125,High Risk
CUST_003857,2023-09-29,16,96.55,Quarterly,7,9,2,5,ACH,1430,76,0,0.3746462907617791,Medium Risk
CUST_003858,2023-11-16,7,20.47,Quarterly,10,12,2,9,Invoice,1675,93,1,0.9014370994226388,Critical Risk
CUST_003859,2022-05-14,41,70.39,Monthly,5,9,3,2,ACH,1031,66,0,0.42410292368289626,Medium Risk
CUST_003860,2022-10-12,14,27.17,Quarterly,6,5,2,6,PayPal,1276,85,0,0.23910498387092674,Low Risk
CUST_003861,2021-07-31,43,27.65,Quarterly,10,7,2,8,PayPal,1154,93,0,0.21969314446392463,Low Risk
CUST_003862,2025-07-23,26,27.57,Monthly,6,6,1,10,Invoice,1717,99,1,0.8055841347629884,Critical Risk
CUST_003863,2023-08-27,26,74.65,Annual,6,2,0,10,ACH,892,98,0,0.20656865941270597,Low Risk
CUST_003864,2025-11-11,14,23.06,Monthly,2,14,2,4,Invoice,1528,56,1,0.824222863435497,Critical Risk
CUST_003865,2022-08-21,7,10.05,Annual,8,11,0,1,Credit Card,1013,44,0,0.3506766403191376,Medium Risk
CUST_003866,2021-07-26,33,72.8,Monthly,8,12,3,5,Credit Card,1733,78,1,0.7607111876502504,Critical Risk
CUST_003867,2023-05-12,26,19.39,Monthly,8,16,5,5,PayPal,920,74,1,0.85653874583728,Critical Risk
CUST_003868,2023-05-02,57,15.52,Monthly,11,9,1,4,ACH,1717,66,1,0.895717263636053,Critical Risk
CUST_003869,2024-03-31,45,23.56,Monthly,8,15,3,2,PayPal,1749,60,1,0.8677753093331336,Critical Risk
CUST_003870,2021-10-16,20,33.89,Quarterly,7,13,1,7,Credit Card,1354,77,1,0.45852290972557347,Medium Risk
CUST_003871,2022-07-04,3,42.3,Monthly,6,9,4,7,PayPal,196,91,1,0.8619826226322453,Critical Risk
CUST_003872,2024-08-08,52,12.28,Monthly,7,15,1,3,ACH,1272,55,1,0.8941646743762223,Critical Risk
CUST_003873,2022-02-21,4,186.29,Quarterly,11,9,3,10,PayPal,1466,100,0,0.17891683752718232,Low Risk
CUST_003874,2024-03-07,26,72.95,Monthly,9,5,5,6,Credit Card,409,90,0,0.38559254301257595,Medium Risk
CUST_003875,2023-10-03,11,29.52,Annual,7,13,2,2,ACH,1054,57,0,0.3111956859251655,Medium Risk
CUST_003876,2023-07-26,2,29.19,Quarterly,4,6,1,1,Credit Card,158,54,1,0.863131461131461,Critical Risk
CUST_003877,2025-03-31,14,39.76,Quarterly,6,9,2,9,ACH,1685,96,0,0.30678603044411795,Medium Risk
CUST_003878,2023-03-16,44,59.21,Monthly,15,8,3,10,Credit Card,706,100,1,0.8420989647114082,Critical Risk
CUST_003879,2023-10-12,30,17.91,Monthly,15,9,3,1,Credit Card,681,61,0,0.3306687853177677,Medium Risk
CUST_003880,2022-05-03,49,20.47,Quarterly,5,14,4,10,ACH,609,100,1,0.7477122031200268,Critical Risk
CUST_003881,2024-06-26,12,108.1,Monthly,12,11,0,5,Invoice,612,64,1,0.6708787013601568,High Risk
CUST_003882,2023-10-10,26,24.8,Monthly,11,7,3,3,PayPal,1290,73,0,0.38586836010231856,Medium Risk
CUST_003883,2025-01-23,44,33.92,Monthly,7,14,1,9,ACH,1741,86,0,0.3890488052746777,Medium Risk
CUST_003884,2025-07-21,33,112.5,Monthly,8,9,0,8,Invoice,1093,81,1,0.7507290014312463,Critical Risk
CUST_003885,2025-08-11,13,64.41,Annual,6,9,0,4,Credit Card,1708,61,1,0.6980492911695753,High Risk
CUST_003886,2025-06-17,14,30.91,Annual,11,13,3,8,ACH,695,92,0,0.33461323806112064,Medium Risk
CUST_003887,2024-06-29,24,67.55,Quarterly,6,4,3,5,ACH,724,86,1,0.6630497631256559,High Risk
CUST_003888,2022-07-03,34,10.99,Annual,10,13,4,10,PayPal,438,100,1,0.7084958813970207,Critical Risk
CUST_003889,2024-02-03,44,76.52,Monthly,8,9,1,8,Invoice,1735,86,0,0.4888217201665273,Medium Risk
CUST_003890,2026-02-03,26,43.38,Monthly,8,11,6,2,Invoice,566,64,0,0.37531669822692704,Medium Risk
CUST_003891,2021-09-28,21,93.88,Quarterly,10,14,0,8,Credit Card,1590,76,0,0.27623379266128384,Low Risk
CUST_003892,2022-12-23,28,164.65,Monthly,11,9,0,7,Invoice,814,76,0,0.38317614167669556,Medium Risk
CUST_003893,2024-02-02,48,140.04,Monthly,9,10,2,6,Invoice,360,80,1,0.5938903960923319,High Risk
CUST_003894,2021-07-05,36,129.99,Quarterly,8,11,2,8,ACH,983,89,0,0.30665615436018534,Medium Risk
CUST_003895,2023-08-06,40,45.89,Annual,8,8,2,7,PayPal,1278,87,1,0.6305486848970621,High Risk
CUST_003896,2025-06-03,2,32.33,Monthly,8,13,1,5,PayPal,420,67,1,0.8042626195670353,Critical Risk
CUST_003897,2025-09-23,42,41.28,Quarterly,11,12,0,5,Credit Card,360,63,0,0.32446971352152787,Medium Risk
CUST_003898,2026-03-23,9,68.54,Quarterly,6,14,2,10,Invoice,418,96,0,0.25338230599196315,Low Risk
CUST_003899,2021-08-05,23,117.71,Monthly,11,11,3,7,Credit Card,639,89,0,0.4440062506096219,Medium Risk
CUST_003900,2026-02-24,15,21.6,Quarterly,3,9,2,8,PayPal,1644,91,0,0.22959913937678705,Low Risk
CUST_003901,2023-08-19,13,135.17,Monthly,17,11,2,4,Invoice,438,69,1,0.5814027628073135,High Risk
CUST_003902,2024-12-05,23,94.42,Annual,9,9,1,3,Credit Card,1701,61,1,0.6415712916077788,High Risk
CUST_003903,2021-10-15,17,202.82,Quarterly,13,12,1,2,Invoice,414,53,1,0.5956626316198985,High Risk
CUST_003904,2021-10-30,48,116.12,Quarterly,8,10,1,6,Credit Card,987,75,1,0.726410503741318,Critical Risk
CUST_003905,2021-11-23,2,26.42,Monthly,7,14,1,7,Credit Card,1214,76,1,0.8464308526710674,Critical Risk
CUST_003906,2021-10-20,20,15.6,Monthly,4,14,1,2,PayPal,1740,51,1,0.9797142857142856,Critical Risk
CUST_003907,2023-03-09,20,15.95,Monthly,4,10,2,2,ACH,857,60,1,0.8867987681511836,Critical Risk
CUST_003908,2022-11-01,59,27.21,Annual,11,9,3,3,ACH,1096,71,1,0.5793934606918212,High Risk
CUST_003909,2024-06-07,46,57.62,Monthly,11,9,6,4,Credit Card,674,76,0,0.3976913535561868,Medium Risk
CUST_003910,2023-06-28,3,91.56,Monthly,6,7,3,5,PayPal,887,83,1,0.8747239362081443,Critical Risk
CUST_003911,2025-01-11,55,124.76,Monthly,7,6,2,4,Credit Card,900,74,1,0.6176148257283031,High Risk
CUST_003912,2023-05-13,12,58.88,Monthly,9,10,2,4,ACH,51,70,1,0.6455294262773625,High Risk
CUST_003913,2023-12-04,40,10.28,Monthly,5,11,3,3,Invoice,1756,69,1,0.7157998096918792,Critical Risk
CUST_003914,2025-02-25,2,20.31,Quarterly,10,10,1,7,PayPal,1823,80,0,0.24888888888888888,Low Risk
CUST_003915,2021-09-12,36,15.25,Monthly,6,10,4,7,ACH,1408,90,1,0.7360633487194259,Critical Risk
CUST_003916,2025-08-08,14,32.57,Monthly,5,8,1,4,ACH,1155,67,0,0.4917152609124301,Medium Risk
CUST_003917,2023-06-09,16,44.79,Quarterly,8,9,0,1,ACH,544,46,1,0.7704055576252828,Critical Risk
CUST_003918,2024-03-15,19,12.22,Annual,8,7,1,2,PayPal,1054,58,0,0.28989578671259086,Low Risk
CUST_003919,2021-12-15,34,31.42,Monthly,11,5,1,4,PayPal,1798,70,0,0.3208256398208682,Medium Risk
CUST_003920,2024-12-25,44,19.87,Monthly,11,15,1,4,ACH,1192,60,1,0.7848053668760232,Critical Risk
CUST_003921,2021-12-29,46,62.07,Annual,10,6,1,8,PayPal,795,89,0,0.3480462898319323,Medium Risk
CUST_003922,2022-04-01,6,41.21,Monthly,10,11,5,2,Credit Card,1792,64,1,0.8486933120087596,Critical Risk
CUST_003923,2021-06-07,13,44.19,Annual,4,11,1,1,PayPal,1168,49,0,0.2803995655089611,Low Risk
CUST_003924,2024-07-11,36,37.9,Monthly,6,5,0,9,PayPal,994,90,1,0.7717006864393551,Critical Risk
CUST_003925,2022-08-23,22,166.2,Monthly,9,8,3,6,ACH,890,87,0,0.4294438749031325,Medium Risk
CUST_003926,2022-09-13,18,22.09,Monthly,9,13,1,1,Invoice,1070,47,1,0.9069054551095271,Critical Risk
CUST_003927,2022-10-11,12,46.35,Annual,10,16,1,6,Invoice,1800,69,1,0.7238158640523662,Critical Risk
CUST_003928,2021-08-29,52,76.59,Quarterly,7,19,2,9,Invoice,926,86,1,0.8277639491477489,Critical Risk
CUST_003929,2023-07-25,59,50.69,Monthly,7,11,2,9,Invoice,958,94,0,0.7605410948136456,Critical Risk
CUST_003930,2022-12-25,54,142.27,Annual,11,8,2,5,Invoice,715,77,0,0.3669667427304581,Medium Risk
CUST_003931,2022-04-25,30,33.74,Monthly,12,10,2,1,Credit Card,443,55,1,0.6325444932156603,High Risk
CUST_003932,2022-08-24,53,41.15,Monthly,7,4,2,5,Credit Card,874,81,0,0.4544990623132426,Medium Risk
CUST_003933,2023-06-09,51,14.63,Quarterly,5,15,2,10,PayPal,1617,95,1,0.5967815628815629,High Risk
CUST_003934,2023-08-30,40,56.95,Monthly,6,9,3,5,Invoice,1162,81,1,0.6251211555395408,High Risk
CUST_003935,2025-01-06,7,27.0,Quarterly,12,5,2,2,Invoice,678,65,0,0.2875672984773653,Low Risk
CUST_003936,2024-05-05,32,18.74,Annual,8,7,2,3,Credit Card,1810,68,1,0.6747662562909007,High Risk
CUST_003937,2025-01-08,48,49.32,Quarterly,9,13,1,4,PayPal,229,62,1,0.6390017654040352,High Risk
CUST_003938,2023-05-10,19,48.0,Annual,13,10,1,3,ACH,1384,60,1,0.7147454586256426,Critical Risk
CUST_003939,2023-07-06,6,13.95,Monthly,11,7,0,3,Credit Card,1440,58,1,0.9086666123608634,Critical Risk
CUST_003940,2022-09-16,20,69.9,Monthly,5,4,1,3,Credit Card,461,66,0,0.4334055322728176,Medium Risk
CUST_003941,2025-05-25,27,58.88,Monthly,6,14,0,2,Invoice,881,46,1,0.7242257939646586,Critical Risk
CUST_003942,2022-05-09,53,20.48,Monthly,10,9,0,6,Invoice,1362,71,1,0.7981700693240831,Critical Risk
CUST_003943,2022-05-16,43,41.69,Monthly,10,10,2,9,Credit Card,425,95,1,0.8021193360004635,Critical Risk
CUST_003944,2025-06-05,37,73.71,Monthly,10,7,1,1,Credit Card,1119,53,0,0.4703072839666316,Medium Risk
CUST_003945,2025-02-19,48,47.69,Quarterly,13,13,1,2,Credit Card,1246,52,1,0.5677096264003232,High Risk
CUST_003946,2021-12-03,7,35.17,Monthly,7,12,2,10,Invoice,1402,98,1,0.6887353545759193,High Risk
CUST_003947,2025-11-10,59,29.46,Annual,10,14,4,6,ACH,1588,81,0,0.4013693674171382,Medium Risk
CUST_003948,2024-10-21,5,57.13,Quarterly,11,16,3,1,PayPal,1805,54,0,0.6525,High Risk
CUST_003949,2024-11-22,11,149.93,Quarterly,5,14,1,10,PayPal,291,91,1,0.7042472494178584,Critical Risk
CUST_003950,2024-07-13,15,65.7,Monthly,8,13,2,7,Invoice,712,82,1,0.701235136108395,Critical Risk
CUST_003951,2026-04-07,3,13.88,Monthly,9,8,1,3,ACH,767,62,1,0.9282342523954942,Critical Risk
CUST_003952,2024-02-03,58,40.87,Monthly,5,8,1,6,ACH,1414,77,1,0.7692648515866632,Critical Risk
CUST_003953,2024-09-05,5,120.74,Monthly,9,9,4,3,ACH,1776,71,0,0.3359732691285508,Medium Risk
CUST_003954,2025-03-23,23,14.96,Monthly,4,6,0,6,PayPal,765,74,1,0.8952156912620708,Critical Risk
CUST_003955,2025-09-13,53,234.93,Quarterly,11,7,4,4,ACH,240,78,1,0.5658017115210193,High Risk
CUST_003956,2024-11-16,37,158.86,Monthly,5,14,3,9,Credit Card,1624,96,1,0.5333191996790903,High Risk
CUST_003957,2022-01-10,9,14.08,Annual,6,8,0,3,PayPal,1418,57,1,0.8018108479607636,Critical Risk
CUST_003958,2024-12-14,15,145.46,Quarterly,16,6,2,5,ACH,666,79,0,0.5292119905152842,High Risk
CUST_003959,2021-09-13,3,32.56,Monthly,7,10,2,6,Credit Card,1403,80,1,0.8634618740659596,Critical Risk
CUST_003960,2025-11-05,29,103.12,Monthly,10,8,0,10,PayPal,1150,92,1,0.8374365648710241,Critical Risk
CUST_003961,2025-12-22,6,37.1,Annual,6,6,2,1,Credit Card,1754,59,1,0.7676288674864408,Critical Risk
CUST_003962,2022-04-15,17,39.07,Monthly,5,5,1,7,ACH,711,85,1,0.6397163003671915,High Risk
CUST_003963,2025-05-20,26,60.29,Annual,4,11,1,9,Invoice,1164,89,1,0.7122846379314316,Critical Risk
CUST_003964,2024-11-09,21,84.47,Monthly,8,13,2,6,ACH,388,77,0,0.4530078742601018,Medium Risk
CUST_003965,2024-03-22,8,11.72,Quarterly,6,14,1,10,Credit Card,1246,91,1,0.5669829220487115,High Risk
CUST_003966,2022-06-03,21,54.97,Monthly,7,10,5,4,Invoice,1309,75,1,0.6351789723546283,High Risk
CUST_003967,2026-02-16,57,20.33,Monthly,8,14,3,7,ACH,309,86,1,0.6208674020264702,High Risk
CUST_003968,2024-10-01,11,31.23,Annual,10,16,4,4,Credit Card,280,69,0,0.26282917893584745,Low Risk
CUST_003969,2023-12-31,38,31.38,Monthly,8,16,2,9,ACH,1167,89,1,0.7890282219525004,Critical Risk
CUST_003970,2022-03-09,8,41.66,Monthly,8,10,1,8,PayPal,832,85,1,0.8382820162719453,Critical Risk
CUST_003971,2025-10-21,42,30.33,Monthly,10,13,0,1,ACH,1078,42,1,0.8835075525999437,Critical Risk
CUST_003972,2023-02-02,24,15.68,Monthly,14,13,2,3,PayPal,1691,62,1,0.9176842100633625,Critical Risk
CUST_003973,2025-05-21,35,17.87,Annual,9,14,5,1,Invoice,300,56,0,0.27881148190015476,Low Risk
CUST_003974,2023-09-25,55,11.7,Annual,11,15,2,1,Invoice,56,50,0,0.2294340123813808,Low Risk
CUST_003975,2022-07-18,14,41.77,Annual,6,11,4,7,Invoice,428,89,1,0.489942610245105,Medium Risk
CUST_003976,2021-06-05,55,164.44,Annual,6,6,3,7,PayPal,1561,94,0,0.5391211999426062,High Risk
CUST_003977,2021-12-07,14,16.15,Monthly,14,13,3,9,Credit Card,813,97,1,0.8580464268673854,Critical Risk
CUST_003978,2023-04-18,10,156.18,Monthly,10,3,4,1,ACH,1371,67,0,0.5188891006315134,High Risk
CUST_003979,2022-10-25,12,76.09,Annual,7,5,2,2,Credit Card,1435,65,0,0.24142320698684075,Low Risk
CUST_003980,2025-10-01,38,60.74,Quarterly,14,11,1,9,Invoice,469,89,1,0.5300363260876133,High Risk
CUST_003981,2021-09-17,44,61.82,Monthly,10,10,3,9,Invoice,1075,100,0,0.5202002895616668,High Risk
CUST_003982,2021-07-22,55,97.64,Monthly,8,13,1,10,Invoice,756,92,1,0.8043519466222121,Critical Risk
CUST_003983,2024-10-07,46,15.65,Monthly,9,11,1,2,ACH,222,54,0,0.38786477520058893,Medium Risk
CUST_003984,2024-03-14,34,45.14,Annual,9,4,4,4,PayPal,856,81,1,0.6631765842111157,High Risk
CUST_003985,2025-08-14,41,69.72,Annual,4,18,1,7,Invoice,1320,72,1,0.8637566124915965,Critical Risk
CUST_003986,2024-05-03,10,54.19,Monthly,4,5,2,1,ACH,1183,60,1,0.8586216645777748,Critical Risk
CUST_003987,2025-07-24,58,99.42,Annual,8,14,3,2,Credit Card,378,61,1,0.4473428873233043,Medium Risk
CUST_003988,2021-10-04,17,13.75,Monthly,10,9,5,5,Credit Card,1239,81,1,0.8588805190389128,Critical Risk
CUST_003989,2022-04-03,17,68.67,Monthly,11,10,3,10,PayPal,724,100,1,0.8396104559598353,Critical Risk
CUST_003990,2022-06-29,3,48.18,Quarterly,10,7,3,2,Invoice,1679,68,1,0.9066055928452386,Critical Risk
CUST_003991,2025-05-06,31,33.83,Monthly,10,12,4,6,Invoice,672,83,0,0.6458434429700586,High Risk
CUST_003992,2022-04-21,51,30.8,Monthly,7,7,5,1,Invoice,394,63,1,0.6649853581258589,High Risk
CUST_003993,2025-02-16,1,58.49,Quarterly,6,13,3,6,PayPal,1642,82,1,0.851706922755607,Critical Risk
CUST_003994,2026-01-30,12,120.82,Quarterly,5,9,1,5,Invoice,1759,71,1,0.7126849202121595,Critical Risk
CUST_003995,2021-10-31,39,44.28,Annual,8,4,1,9,Credit Card,121,96,1,0.6973716566061501,High Risk
CUST_003996,2024-04-10,4,97.07,Monthly,6,8,1,8,PayPal,1631,87,1,0.8266753124042607,Critical Risk
CUST_003997,2023-12-18,42,35.72,Monthly,4,19,2,8,PayPal,1822,81,1,0.8350316695508887,Critical Risk
CUST_003998,2022-05-16,13,15.4,Quarterly,11,11,1,10,Invoice,1546,94,1,0.9036483589221066,Critical Risk
CUST_003999,2025-12-12,34,13.17,Annual,8,14,2,9,Credit Card,877,91,0,0.5966924980196784,High Risk
CUST_004000,2022-09-26,42,12.63,Quarterly,7,10,0,5,Credit Card,1374,65,1,0.5683136960625216,High Risk
CUST_004001,2022-05-08,21,33.91,Monthly,10,9,2,10,Credit Card,1685,100,1,0.8295551904002437,Critical Risk
CUST_004002,2024-04-14,22,30.57,Monthly,12,9,0,10,Invoice,828,91,1,0.840990312001533,Critical Risk
CUST_004003,2021-08-24,57,73.28,Quarterly,12,7,1,7,Credit Card,137,83,1,0.49555801407437017,Medium Risk
CUST_004004,2024-07-19,4,77.9,Annual,9,10,1,3,Credit Card,1689,60,0,0.34379197599917277,Medium Risk
CUST_004005,2024-06-01,18,12.61,Monthly,6,8,2,6,Invoice,1789,82,0,0.25961703613891357,Low Risk
CUST_004006,2023-08-09,5,22.5,Monthly,6,9,0,8,PayPal,1432,81,0,0.4242630352010405,Medium Risk
CUST_004007,2026-03-15,19,26.03,Monthly,3,7,3,4,Invoice,669,78,0,0.3823439026794125,Medium Risk
CUST_004008,2022-09-15,2,49.66,Monthly,4,7,2,10,Invoice,1303,100,1,0.8725576597733931,Critical Risk
CUST_004009,2023-12-04,12,17.8,Monthly,10,10,4,1,ACH,47,60,1,0.819205559172792,Critical Risk
CUST_004010,2023-01-05,17,17.19,Monthly,16,19,2,3,ACH,203,56,1,0.8421687801932367,Critical Risk
CUST_004011,2023-02-28,10,153.93,Annual,5,10,2,7,ACH,1591,85,1,0.5214102766422354,High Risk
CUST_004012,2024-10-25,34,91.53,Monthly,6,9,2,10,PayPal,565,100,1,0.6810032157875114,High Risk
CUST_004013,2025-03-25,6,19.96,Quarterly,9,8,1,6,Credit Card,1734,77,1,0.797465839037461,Critical Risk
CUST_004014,2023-11-23,8,36.09,Monthly,6,10,3,1,Invoice,1421,60,0,0.6083727079429447,High Risk
CUST_004015,2023-12-20,51,31.97,Annual,4,7,3,6,Invoice,1339,88,0,0.5989154344813459,High Risk
CUST_004016,2024-09-08,11,88.27,Monthly,7,8,3,6,PayPal,293,87,1,0.7723806233554171,Critical Risk
CUST_004017,2025-05-27,57,45.69,Annual,8,15,0,2,Invoice,1633,45,1,0.7660883084350959,Critical Risk
CUST_004018,2021-06-17,12,16.84,Quarterly,13,8,2,6,Credit Card,1227,82,0,0.5999689416756259,High Risk
CUST_004019,2024-05-29,9,77.16,Quarterly,7,12,1,9,PayPal,1241,88,0,0.5403255234176094,High Risk
CUST_004020,2025-06-19,2,35.28,Annual,8,9,2,8,PayPal,715,91,1,0.8431829022383339,Critical Risk
CUST_004021,2024-08-23,8,25.25,Monthly,7,16,2,3,PayPal,1270,59,1,0.8517244566774818,Critical Risk
CUST_004022,2022-07-16,58,33.54,Quarterly,5,12,4,3,ACH,1527,68,1,0.833957280397778,Critical Risk
CUST_004023,2025-04-16,11,44.43,Quarterly,6,7,1,5,PayPal,615,73,1,0.7043201887499458,Critical Risk
CUST_004024,2025-09-12,53,31.01,Quarterly,8,8,2,7,PayPal,1566,87,1,0.7005208799275163,Critical Risk
CUST_004025,2022-08-04,36,23.85,Monthly,6,12,0,1,PayPal,508,43,1,0.7782438377373095,Critical Risk
CUST_004026,2022-01-11,10,35.42,Quarterly,9,9,7,3,PayPal,603,71,1,0.7808595023672831,Critical Risk
CUST_004027,2024-02-06,21,10.97,Monthly,7,10,2,6,PayPal,459,80,0,0.41904302659188564,Medium Risk
CUST_004028,2024-10-27,20,84.03,Monthly,9,7,5,2,PayPal,432,68,1,0.7113163225419952,Critical Risk
CUST_004029,2022-01-31,48,19.37,Monthly,16,12,3,2,Credit Card,544,63,1,0.4892140920179158,Medium Risk
CUST_004030,2023-12-29,8,12.24,Monthly,10,9,1,5,PayPal,1523,71,1,0.8046234002378959,Critical Risk
CUST_004031,2024-02-04,36,63.02,Annual,11,12,2,5,Credit Card,899,73,0,0.4001772328911366,Medium Risk
CUST_004032,2021-12-20,29,84.35,Quarterly,2,9,4,3,Credit Card,1156,61,0,0.20593979607381813,Low Risk
CUST_004033,2025-11-01,42,94.05,Annual,6,6,2,10,PayPal,887,100,1,0.6861731168423428,High Risk
CUST_004034,2023-06-03,12,44.01,Annual,8,16,1,4,Invoice,1044,59,1,0.6574322164886935,High Risk
CUST_004035,2022-01-09,14,21.49,Annual,6,8,3,5,Invoice,1686,82,0,0.3231861709526148,Medium Risk
CUST_004036,2025-04-01,48,76.82,Annual,10,10,3,10,Invoice,620,100,0,0.3543229405849477,Medium Risk
CUST_004037,2021-08-09,54,70.15,Monthly,8,12,1,6,Invoice,1372,73,1,0.6725200619157861,High Risk
CUST_004038,2024-03-15,50,24.14,Quarterly,7,6,4,5,PayPal,874,84,1,0.8096463123653156,Critical Risk
CUST_004039,2022-03-07,21,126.86,Annual,3,13,4,9,ACH,1433,97,1,0.8414300442449932,Critical Risk
CUST_004040,2021-09-23,22,15.51,Annual,5,12,5,6,Invoice,943,83,0,0.3937334345459289,Medium Risk
CUST_004041,2023-11-08,21,212.82,Annual,13,10,4,10,Invoice,98,100,1,0.7680277960803878,Critical Risk
CUST_004042,2022-08-15,44,108.39,Quarterly,4,9,2,2,ACH,600,61,0,0.2928312424830416,Low Risk
CUST_004043,2025-12-27,50,68.22,Monthly,11,11,4,5,Credit Card,1481,79,1,0.8246660145259997,Critical Risk
CUST_004044,2022-01-02,30,149.64,Monthly,12,9,4,10,ACH,266,100,1,0.8142860539382436,Critical Risk
CUST_004045,2022-01-03,39,74.06,Annual,14,10,1,9,ACH,1277,90,1,0.7331360074008296,Critical Risk
CUST_004046,2026-05-02,20,20.56,Monthly,13,11,3,1,Invoice,206,59,1,0.8189212763786916,Critical Risk
CUST_004047,2023-01-27,24,39.18,Quarterly,11,12,3,10,ACH,1552,100,0,0.3268979920763296,Medium Risk
CUST_004048,2021-11-01,23,13.71,Monthly,4,13,1,1,ACH,897,47,1,0.9789289044289043,Critical Risk
CUST_004049,2026-04-14,7,34.69,Monthly,6,9,2,4,ACH,536,71,0,0.4914362882918685,Medium Risk
CUST_004050,2022-08-16,9,77.66,Quarterly,10,14,3,7,Invoice,908,86,1,0.7303489185648135,Critical Risk
CUST_004051,2024-09-26,1,34.42,Monthly,11,12,2,9,ACH,274,93,1,0.719987856346552,Critical Risk
CUST_004052,2025-02-01,26,30.05,Annual,4,13,1,2,PayPal,981,52,0,0.24983925847146807,Low Risk
CUST_004053,2023-09-19,38,55.24,Monthly,4,16,1,9,Invoice,945,84,1,0.8757807068438446,Critical Risk
CUST_004054,2023-03-27,38,112.87,Monthly,5,11,3,4,Invoice,1205,74,1,0.6600531154374971,High Risk
CUST_004055,2022-10-19,54,12.44,Annual,7,9,1,1,ACH,1004,51,1,0.8097567467080027,Critical Risk
CUST_004056,2025-02-12,44,34.34,Monthly,7,9,1,7,Invoice,453,81,0,0.4594313771211131,Medium Risk
CUST_004057,2022-11-16,22,18.61,Quarterly,8,8,4,5,Credit Card,1623,82,0,0.42765428570009933,Medium Risk
CUST_004058,2022-09-16,44,69.43,Annual,6,10,2,1,ACH,948,55,0,0.28170152700515283,Low Risk
CUST_004059,2024-09-08,10,15.59,Monthly,9,11,3,1,Invoice,582,59,1,0.7668739537729798,Critical Risk
CUST_004060,2026-01-20,55,64.65,Annual,10,7,1,10,ACH,1496,98,0,0.22495843034301874,Low Risk
CUST_004061,2023-08-19,58,26.86,Annual,6,13,3,2,ACH,683,62,1,0.5889092145454207,High Risk
CUST_004062,2022-11-06,6,21.09,Monthly,14,11,0,7,ACH,1542,74,1,0.8844957731141422,Critical Risk
CUST_004063,2022-04-17,17,147.72,Monthly,8,8,3,7,Credit Card,72,92,1,0.8084549893073804,Critical Risk
CUST_004064,2024-11-29,51,10.93,Monthly,6,16,2,3,Invoice,132,59,1,0.8714227272727274,Critical Risk
CUST_004065,2023-02-11,50,38.79,Annual,6,14,1,2,PayPal,1448,51,1,0.6797376250942652,High Risk
CUST_004066,2023-12-26,38,11.09,Annual,9,12,1,10,Credit Card,1139,93,1,0.6325112069993986,High Risk
CUST_004067,2025-11-10,24,43.04,Annual,12,11,1,8,Credit Card,1152,84,0,0.41258852230301296,Medium Risk
CUST_004068,2022-08-05,51,44.76,Annual,12,11,2,7,PayPal,444,84,0,0.39548256542652843,Medium Risk
CUST_004069,2021-09-12,10,29.41,Annual,7,7,2,9,Credit Card,46,98,0,0.2093157315623243,Low Risk
CUST_004070,2023-08-02,56,17.09,Annual,4,10,3,9,Credit Card,367,100,1,0.46956461359380014,Medium Risk
CUST_004071,2025-02-26,8,33.61,Annual,8,9,2,1,ACH,264,56,0,0.24510471389967609,Low Risk
CUST_004072,2024-05-06,21,65.78,Monthly,9,4,3,2,PayPal,722,71,1,0.6547333400182939,High Risk
CUST_004073,2021-08-24,56,86.25,Quarterly,8,7,2,7,PayPal,75,88,1,0.7720117352296642,Critical Risk
CUST_004074,2021-08-26,6,47.83,Annual,11,11,2,8,Invoice,650,89,1,0.6869039097924272,High Risk
CUST_004075,2024-01-04,21,54.56,Quarterly,7,6,2,6,Credit Card,1259,84,0,0.3295094854832772,Medium Risk
CUST_004076,2021-09-24,57,21.2,Annual,16,6,2,5,Invoice,694,79,1,0.7987510885565458,Critical Risk
CUST_004077,2022-08-24,39,26.94,Monthly,8,7,4,6,PayPal,438,88,1,0.8025182887729093,Critical Risk
CUST_004078,2023-08-17,24,18.83,Annual,5,6,1,2,PayPal,1748,59,1,0.7513432125505236,Critical Risk
CUST_004079,2021-09-09,33,24.34,Monthly,9,11,2,9,PayPal,1178,94,1,0.8443169875897429,Critical Risk
CUST_004080,2024-08-02,59,22.74,Annual,11,7,2,10,PayPal,1715,100,1,0.7915660357444412,Critical Risk
CUST_004081,2025-03-09,18,46.64,Monthly,10,9,1,4,PayPal,1271,66,1,0.7507710714514907,Critical Risk
CUST_004082,2024-09-16,56,51.36,Quarterly,9,13,0,9,ACH,1223,82,0,0.3192724991475183,Medium Risk
CUST_004083,2025-01-03,28,154.97,Annual,6,13,1,8,Credit Card,41,82,0,0.2264492220767348,Low Risk
CUST_004084,2021-09-23,57,20.88,Annual,8,13,7,10,PayPal,584,100,1,0.7372798813103407,Critical Risk
CUST_004085,2021-06-23,52,61.32,Monthly,11,8,1,4,Invoice,1603,67,0,0.4085059498376546,Medium Risk
CUST_004086,2025-03-17,32,94.98,Quarterly,6,12,0,5,Credit Card,546,63,0,0.34568940891475947,Medium Risk
CUST_004087,2023-10-10,12,51.08,Quarterly,9,15,3,10,PayPal,851,100,0,0.28246644980582986,Low Risk
CUST_004088,2023-04-21,48,24.72,Annual,6,13,3,7,PayPal,1522,87,0,0.349982106994055,Medium Risk
CUST_004089,2023-03-23,42,25.23,Monthly,6,9,0,5,PayPal,1454,66,0,0.6876569456938226,High Risk
CUST_004090,2021-07-07,27,12.0,Annual,10,9,2,2,ACH,1554,61,1,0.7802248009015329,Critical Risk
CUST_004091,2025-06-05,10,28.22,Monthly,8,6,0,8,PayPal,829,84,1,0.8082148827351066,Critical Risk
CUST_004092,2022-07-01,46,78.25,Annual,6,7,4,10,ACH,1371,100,0,0.3718179305456436,Medium Risk
CUST_004093,2021-06-19,57,12.43,Monthly,6,8,2,8,ACH,1599,92,0,0.4029473605355882,Medium Risk
CUST_004094,2024-07-17,52,22.38,Annual,8,5,0,8,ACH,1752,85,1,0.6474149706440933,High Risk
CUST_004095,2026-03-23,42,71.25,Annual,5,7,3,10,PayPal,1799,100,1,0.8109345941239703,Critical Risk
CUST_004096,2021-06-04,32,86.31,Monthly,11,10,2,8,Credit Card,1122,90,1,0.8056082661962816,Critical Risk
CUST_004097,2023-09-17,42,40.38,Monthly,11,15,1,6,Invoice,1655,70,1,0.7032834889072547,Critical Risk
CUST_004098,2026-01-18,26,69.88,Quarterly,3,10,3,10,Invoice,929,100,1,0.6303653050794208,High Risk
CUST_004099,2025-10-13,25,34.55,Monthly,6,9,2,2,Credit Card,1162,61,1,0.7269882214368308,Critical Risk
CUST_004100,2025-02-07,11,18.71,Annual,8,12,2,4,ACH,1777,68,1,0.7441106190112597,Critical Risk
CUST_004101,2022-10-21,23,35.39,Monthly,6,11,0,2,Invoice,1020,49,1,0.8375437398716657,Critical Risk
CUST_004102,2023-11-05,34,53.37,Monthly,13,9,3,2,Invoice,1299,66,1,0.5534788827792453,High Risk
CUST_004103,2025-10-05,57,157.88,Monthly,7,15,2,9,Invoice,1047,90,1,0.6241277367720341,High Risk
CUST_004104,2024-10-17,52,13.56,Annual,5,11,5,9,ACH,1381,99,0,0.3666862267645248,Medium Risk
CUST_004105,2023-03-18,40,45.4,Monthly,10,11,0,5,Credit Card,1379,64,0,0.42345748316517223,Medium Risk
CUST_004106,2024-05-20,23,29.94,Quarterly,14,12,1,3,Invoice,1262,58,1,0.7911465636374136,Critical Risk
CUST_004107,2022-07-02,29,45.5,Annual,5,7,1,9,Credit Card,1416,93,1,0.7555358787779618,Critical Risk
CUST_004108,2022-01-09,31,11.21,Monthly,2,8,1,7,ACH,1270,72,1,0.8855308214472112,Critical Risk
CUST_004109,2022-01-20,7,28.77,Annual,6,7,0,4,PayPal,1441,63,0,0.3565842277552081,Medium Risk
CUST_004110,2024-03-23,40,95.7,Monthly,6,9,1,3,Invoice,427,61,0,0.43687243543597293,Medium Risk
CUST_004111,2023-04-21,33,50.37,Annual,9,10,3,8,Invoice,1006,95,1,0.5757410695379503,High Risk
CUST_004112,2025-02-03,21,39.94,Monthly,12,15,1,6,Credit Card,217,70,1,0.8083868903374729,Critical Risk
CUST_004113,2024-07-05,2,26.81,Monthly,11,10,0,4,ACH,492,60,1,0.8239657344531262,Critical Risk
CUST_004114,2024-08-12,18,27.69,Annual,10,10,2,9,Credit Card,758,95,0,0.4996030545991897,Medium Risk
CUST_004115,2022-02-15,47,34.15,Quarterly,6,9,1,1,PayPal,80,51,0,0.42571583476912706,Medium Risk
CUST_004116,2021-11-16,33,100.26,Monthly,12,6,1,5,PayPal,426,74,1,0.6251253837584275,High Risk
CUST_004117,2021-09-04,37,180.89,Quarterly,8,8,2,3,Credit Card,256,67,0,0.6446437379567418,High Risk
CUST_004118,2025-04-11,34,38.87,Monthly,8,9,0,2,Credit Card,1767,51,1,0.8155272475073059,Critical Risk
CUST_004119,2022-07-29,20,34.99,Quarterly,10,12,3,5,PayPal,133,78,0,0.6046800603946121,High Risk
CUST_004120,2025-07-11,35,103.72,Annual,8,6,2,3,PayPal,59,69,1,0.7257216602100379,Critical Risk
CUST_004121,2025-08-18,51,37.84,Monthly,6,8,0,7,ACH,239,77,0,0.3653633144958979,Medium Risk
CUST_004122,2023-04-24,50,50.15,Monthly,6,7,2,1,Credit Card,790,58,1,0.7281564676431894,Critical Risk
CUST_004123,2025-08-08,54,23.13,Monthly,7,10,2,5,Credit Card,608,75,1,0.7901899672462129,Critical Risk
CUST_004124,2025-03-10,18,78.03,Monthly,4,13,5,7,ACH,1583,87,1,0.7409525331485117,Critical Risk
CUST_004125,2025-09-10,46,47.96,Monthly,4,4,0,6,Credit Card,1330,76,1,0.7626712028783359,Critical Risk
CUST_004126,2022-09-06,24,92.78,Annual,12,11,1,2,ACH,886,54,1,0.7261893920498774,Critical Risk
CUST_004127,2023-08-21,8,85.87,Quarterly,9,7,0,5,PayPal,1097,68,1,0.6974054317609973,High Risk
CUST_004128,2022-07-22,30,22.1,Monthly,11,7,0,3,Invoice,1622,58,0,0.7383862279786391,Critical Risk
CUST_004129,2022-12-13,44,72.87,Annual,9,10,1,2,Invoice,725,55,0,0.47581042237024784,Medium Risk
CUST_004130,2024-10-06,53,90.49,Annual,7,3,4,8,PayPal,1413,100,0,0.6042047570929344,High Risk
CUST_004131,2026-03-15,10,31.24,Quarterly,6,16,1,2,PayPal,1612,49,0,0.17744509865580832,Low Risk
CUST_004132,2023-03-09,23,19.47,Annual,9,8,3,4,Invoice,932,77,0,0.3062220657154135,Medium Risk
CUST_004133,2025-09-22,52,10.13,Annual,7,7,2,8,ACH,1276,93,1,0.8207487308216517,Critical Risk
CUST_004134,2023-10-25,49,39.97,Monthly,5,9,0,10,ACH,1536,91,0,0.3610873717652561,Medium Risk
CUST_004135,2022-10-08,11,31.73,Monthly,7,13,0,9,Invoice,482,82,0,0.4597676994068862,Medium Risk
CUST_004136,2022-06-01,2,50.47,Monthly,9,7,4,6,PayPal,486,88,1,0.9376933643300717,Critical Risk
CUST_004137,2022-02-24,58,20.42,Monthly,7,13,2,5,ACH,478,72,0,0.6340937655072427,High Risk
CUST_004138,2022-09-23,26,108.19,Monthly,4,12,0,4,ACH,48,58,0,0.4061166244074805,Medium Risk
CUST_004139,2025-07-30,36,24.9,Annual,5,16,6,1,PayPal,1222,54,0,0.24097294372294376,Low Risk
CUST_004140,2022-05-02,33,22.84,Monthly,11,5,1,10,PayPal,276,100,1,0.564906333021545,High Risk
CUST_004141,2023-03-29,47,42.77,Annual,4,8,2,5,Invoice,1149,77,1,0.5378567908483913,High Risk
CUST_004142,2021-09-24,13,44.54,Monthly,6,7,7,4,ACH,95,78,1,0.8163357366787445,Critical Risk
CUST_004143,2025-03-09,40,22.11,Quarterly,6,6,2,6,Invoice,430,84,1,0.5266990725700655,High Risk
CUST_004144,2024-08-30,25,25.86,Quarterly,5,10,3,6,Credit Card,471,85,1,0.6556495624741264,High Risk
CUST_004145,2022-05-11,4,19.3,Monthly,9,6,3,7,ACH,1408,94,1,0.8963930681892036,Critical Risk
CUST_004146,2025-04-23,42,73.37,Monthly,8,11,2,4,Invoice,1693,69,0,0.39474017763293906,Medium Risk
CUST_004147,2026-02-19,19,83.5,Annual,8,14,2,1,Invoice,1249,51,0,0.29120210546112085,Low Risk
CUST_004148,2021-10-18,18,41.03,Monthly,4,11,3,3,Credit Card,1740,69,0,0.6838150431970017,High Risk
CUST_004149,2023-06-14,37,72.6,Monthly,4,11,2,9,Credit Card,1246,94,1,0.7383914307817743,Critical Risk
CUST_004150,2023-01-07,30,76.58,Monthly,10,10,3,5,PayPal,1195,80,1,0.6469179562338373,High Risk
CUST_004151,2022-07-15,19,17.44,Quarterly,4,13,2,3,ACH,1386,62,0,0.3503089675030215,Medium Risk
CUST_004152,2022-04-19,58,179.33,Quarterly,6,18,1,8,Invoice,1421,77,1,0.6892678960817349,High Risk
CUST_004153,2025-10-20,23,96.03,Annual,8,4,0,1,ACH,941,51,1,0.6075940992676353,High Risk
CUST_004154,2023-02-08,59,21.44,Annual,10,14,1,4,Credit Card,574,61,0,0.5323518890982358,High Risk
CUST_004155,2023-01-23,54,20.3,Quarterly,12,7,1,3,ACH,1664,63,1,0.8677891135861653,Critical Risk
CUST_004156,2024-01-07,16,16.71,Quarterly,6,18,3,2,Invoice,930,57,1,0.8854700126262626,Critical Risk
CUST_004157,2023-06-03,1,17.45,Quarterly,6,10,3,2,PayPal,469,65,1,0.8758402549831122,Critical Risk
CUST_004158,2023-05-12,12,78.95,Monthly,7,5,4,5,ACH,284,85,0,0.3698934442112178,Medium Risk
CUST_004159,2026-04-10,24,41.71,Monthly,10,10,2,7,Invoice,1602,85,1,0.7237524731193904,Critical Risk
CUST_004160,2025-05-08,34,86.38,Annual,9,8,1,9,PayPal,1705,92,0,0.38142038220654406,Medium Risk
CUST_004161,2023-04-30,53,78.57,Annual,6,5,1,5,Invoice,396,75,1,0.5594154573898468,High Risk
CUST_004162,2024-10-20,57,56.39,Monthly,14,14,3,2,ACH,1028,61,1,0.7030103723689892,Critical Risk
CUST_004163,2024-06-30,8,67.98,Monthly,11,7,0,4,PayPal,1758,63,0,0.3734565600027888,Medium Risk
CUST_004164,2023-03-18,18,10.93,Quarterly,9,9,2,4,Credit Card,578,71,1,0.7331113737860044,Critical Risk
CUST_004165,2021-11-09,57,28.68,Quarterly,7,13,2,6,ACH,367,77,0,0.21892225238382912,Low Risk
CUST_004166,2022-06-29,48,60.78,Monthly,7,8,2,2,Credit Card,990,62,0,0.4348334948554895,Medium Risk
CUST_004167,2024-06-23,5,10.47,Quarterly,6,4,1,3,Invoice,1356,66,0,0.2992565559440559,Low Risk
CUST_004168,2022-09-27,26,11.68,Annual,16,15,2,6,Credit Card,1444,75,1,0.8138651294525907,Critical Risk
CUST_004169,2025-02-17,30,105.49,Quarterly,7,9,2,4,ACH,52,71,1,0.6107670638941023,High Risk
CUST_004170,2021-09-14,54,67.6,Monthly,12,12,2,6,Invoice,814,78,0,0.3156051443234828,Medium Risk
CUST_004171,2023-10-13,13,25.42,Monthly,7,18,3,6,ACH,1735,77,0,0.3418479460913342,Medium Risk
CUST_004172,2026-04-26,19,68.23,Monthly,10,8,2,3,Credit Card,603,67,1,0.6314274336119933,High Risk
CUST_004173,2022-12-30,29,88.62,Monthly,4,9,0,7,PayPal,900,76,1,0.7645496146702537,Critical Risk
CUST_004174,2025-03-08,3,28.32,Annual,10,7,1,4,ACH,1037,68,1,0.6182068010214478,High Risk
CUST_004175,2021-12-23,26,11.84,Monthly,7,7,4,7,PayPal,1411,93,1,0.8372864308497877,Critical Risk
CUST_004176,2024-01-21,40,144.99,Quarterly,4,10,2,9,PayPal,211,95,1,0.7628203912203473,Critical Risk
CUST_004177,2023-01-02,59,31.17,Monthly,7,13,5,3,PayPal,713,67,1,0.7585335829002595,Critical Risk
CUST_004178,2024-10-21,58,15.63,Monthly,9,9,2,9,ACH,60,96,0,0.2864383279230469,Low Risk
CUST_004179,2023-02-16,58,43.85,Annual,7,15,4,2,ACH,1480,60,0,0.6246600522076659,High Risk
CUST_004180,2021-09-13,12,83.15,Annual,11,10,0,5,Credit Card,39,65,0,0.44716957156153453,Medium Risk
CUST_004181,2022-12-24,2,22.53,Monthly,7,14,3,4,ACH,388,71,1,0.9037570831611332,Critical Risk
CUST_004182,2022-04-26,11,25.7,Annual,6,9,4,10,Invoice,663,100,0,0.2949868921300263,Low Risk
CUST_004183,2023-11-01,44,23.9,Annual,12,6,1,7,Invoice,1815,84,1,0.790745759836519,Critical Risk
CUST_004184,2022-05-21,28,249.41,Annual,7,9,1,7,ACH,681,81,1,0.6683320015307026,High Risk
CUST_004185,2022-05-13,18,21.0,Annual,8,14,3,3,ACH,793,66,1,0.8227344696010838,Critical Risk
CUST_004186,2023-07-31,13,52.84,Monthly,7,8,3,4,Invoice,574,77,0,0.5169034280875685,High Risk
CUST_004187,2022-03-22,37,139.69,Annual,8,10,2,7,Credit Card,841,85,1,0.6916229058370229,High Risk
CUST_004188,2022-03-26,22,17.94,Quarterly,10,14,3,3,PayPal,958,66,0,0.36742092612619637,Medium Risk
CUST_004189,2025-12-28,12,186.77,Monthly,6,8,3,1,ACH,1738,62,0,0.32843541462701803,Medium Risk
CUST_004190,2025-04-03,2,157.33,Monthly,9,12,2,2,PayPal,521,58,0,0.2563091430692379,Low Risk
CUST_004191,2024-02-06,37,117.96,Quarterly,2,10,3,5,ACH,588,70,1,0.7399565038072297,Critical Risk
CUST_004192,2023-12-04,7,22.08,Monthly,8,10,4,5,ACH,869,80,0,0.39375094907474434,Medium Risk
CUST_004193,2024-10-04,26,60.26,Monthly,5,13,1,8,ACH,617,82,0,0.48584222717276254,Medium Risk
CUST_004194,2025-06-12,26,81.54,Quarterly,12,20,2,3,ACH,1234,55,1,0.8556297330102623,Critical Risk
CUST_004195,2022-06-17,24,223.53,Monthly,7,6,1,9,Credit Card,696,94,1,0.8514460826978136,Critical Risk
CUST_004196,2023-10-16,12,19.95,Monthly,8,10,2,5,Credit Card,1672,75,1,0.8737599850201636,Critical Risk
CUST_004197,2021-08-25,16,82.63,Quarterly,9,10,2,10,PayPal,1026,100,1,0.6613777478399543,High Risk
CUST_004198,2021-10-24,23,30.69,Quarterly,10,16,1,3,ACH,1496,54,0,0.1961728305203715,Low Risk
CUST_004199,2022-04-30,40,19.66,Monthly,7,13,4,8,ACH,512,92,1,0.7394761417595974,Critical Risk
CUST_004200,2022-12-22,9,37.36,Annual,7,8,3,2,ACH,632,67,0,0.4262106328883086,Medium Risk
CUST_004201,2022-03-15,32,88.95,Quarterly,11,8,2,8,Credit Card,1384,92,0,0.23238437778319596,Low Risk
CUST_004202,2024-01-21,15,41.26,Annual,12,6,2,9,PayPal,1743,99,1,0.43228596993747265,Medium Risk
CUST_004203,2023-06-13,37,48.56,Monthly,10,11,0,8,PayPal,231,79,0,0.6522900084598154,High Risk
CUST_004204,2022-06-21,13,276.54,Monthly,8,14,1,10,ACH,689,91,1,0.5691833231334302,High Risk
CUST_004205,2021-10-27,5,35.47,Monthly,13,8,3,1,Invoice,126,62,0,0.32314521834662435,Medium Risk
CUST_004206,2022-05-06,11,57.78,Quarterly,3,7,4,9,ACH,916,100,0,0.24086529349891608,Low Risk
CUST_004207,2024-01-17,10,32.73,Quarterly,10,8,4,1,ACH,1749,62,1,0.7234395444175512,Critical Risk
CUST_004208,2023-10-20,52,34.94,Quarterly,6,11,7,9,ACH,47,99,0,0.23834457553699248,Low Risk
CUST_004209,2022-07-03,13,69.48,Quarterly,9,11,1,10,PayPal,1005,94,1,0.5183106308065663,High Risk
CUST_004210,2022-08-04,41,148.94,Annual,3,16,0,2,Invoice,734,44,1,0.7783802676626206,Critical Risk
CUST_004211,2025-02-14,53,49.08,Monthly,8,15,2,8,Invoice,1796,85,1,0.6521266000749587,High Risk
CUST_004212,2021-12-12,46,83.14,Annual,8,12,1,9,Invoice,1388,88,1,0.8004995486496621,Critical Risk
CUST_004213,2026-02-17,50,14.67,Annual,10,9,1,6,Invoice,1314,76,1,0.8278698829672728,Critical Risk
CUST_004214,2024-10-23,15,21.86,Annual,4,5,5,6,Invoice,300,90,1,0.8495614165693628,Critical Risk
CUST_004215,2021-09-16,42,44.87,Monthly,3,10,2,3,ACH,1755,65,1,0.7974964895850725,Critical Risk
CUST_004216,2023-02-09,56,11.01,Quarterly,4,17,0,10,Invoice,1651,83,1,0.8823809523809524,Critical Risk
CUST_004217,2022-05-10,7,24.57,Monthly,10,12,2,9,Invoice,707,93,1,0.7211800539894214,Critical Risk
CUST_004218,2025-05-05,40,46.43,Monthly,4,13,4,8,Credit Card,1098,92,0,0.5029285263984365,High Risk
CUST_004219,2025-02-09,28,10.75,Annual,6,10,1,2,ACH,502,55,1,0.7120255049744357,Critical Risk
CUST_004220,2022-11-22,32,25.36,Annual,6,11,1,5,ACH,602,69,1,0.5959953617683729,High Risk
CUST_004221,2021-12-28,35,46.08,Monthly,6,18,1,7,Invoice,510,72,1,0.667234778416982,High Risk
CUST_004222,2025-08-14,15,52.57,Quarterly,12,10,1,1,Invoice,1560,50,0,0.276713108220204,Low Risk
CUST_004223,2025-12-29,48,140.02,Monthly,7,14,0,8,PayPal,1628,76,1,0.7997285663751592,Critical Risk
CUST_004224,2023-11-04,36,61.83,Monthly,9,14,2,3,Invoice,729,61,0,0.5251624442403853,High Risk
CUST_004225,2025-08-31,21,36.78,Monthly,7,11,1,10,ACH,807,94,1,0.5169011359685401,High Risk
CUST_004226,2024-11-07,6,143.21,Annual,3,10,1,2,Invoice,1355,55,1,0.7327481209207575,Critical Risk
CUST_004227,2025-01-03,1,86.83,Quarterly,9,17,2,7,PayPal,1554,78,1,0.8728234772576628,Critical Risk
CUST_004228,2026-01-01,4,21.16,Quarterly,4,10,3,5,Credit Card,656,80,1,0.8279459277156951,Critical Risk
CUST_004229,2025-12-29,11,17.01,Quarterly,6,8,1,8,ACH,291,87,1,0.7775450384513931,Critical Risk
CUST_004230,2022-01-11,44,66.32,Monthly,6,7,1,1,Invoice,1510,53,1,0.7862686356239367,Critical Risk
CUST_004231,2025-11-14,26,51.04,Monthly,11,12,3,9,Credit Card,329,98,1,0.7690878210741735,Critical Risk
CUST_004232,2025-12-30,37,87.95,Annual,3,9,2,6,Credit Card,363,81,1,0.6798011847552963,High Risk
CUST_004233,2023-06-09,23,77.12,Monthly,10,8,4,8,Credit Card,920,97,1,0.7989339652916801,Critical Risk
CUST_004234,2023-04-18,29,59.07,Quarterly,12,8,0,6,PayPal,665,72,1,0.697518591057536,High Risk
CUST_004235,2024-07-26,21,224.82,Annual,7,9,2,7,ACH,377,86,1,0.6850947865259569,High Risk
CUST_004236,2021-08-05,48,48.13,Quarterly,11,8,5,8,PayPal,1554,97,0,0.27249285628937453,Low Risk
CUST_004237,2024-03-08,45,16.0,Monthly,8,15,0,9,ACH,1391,80,1,0.7921822852370365,Critical Risk
CUST_004238,2025-10-14,45,98.09,Monthly,11,7,1,4,Invoice,1340,68,0,0.5117423084415391,High Risk
CUST_004239,2025-04-29,49,24.51,Annual,6,10,2,3,Invoice,1344,65,1,0.7198886774185306,Critical Risk
CUST_004240,2024-02-26,27,85.1,Monthly,8,6,1,10,PayPal,1088,99,1,0.5944193922019185,High Risk
CUST_004241,2026-02-15,39,167.45,Annual,10,7,0,10,Invoice,1537,93,0,0.21436376553414146,Low Risk
CUST_004242,2026-03-05,40,69.67,Monthly,8,6,4,2,ACH,944,69,0,0.40448663532212925,Medium Risk
CUST_004243,2025-02-26,13,55.32,Monthly,8,7,1,2,ACH,1598,58,1,0.7346371077777626,Critical Risk
CUST_004244,2024-08-03,23,40.85,Monthly,4,8,0,4,PayPal,764,62,0,0.40120891567317307,Medium Risk
CUST_004245,2022-03-01,59,32.66,Monthly,5,5,2,8,PayPal,246,95,0,0.3922387358888222,Medium Risk
CUST_004246,2026-01-14,16,31.77,Annual,6,12,4,6,ACH,1036,83,1,0.4899524647926697,Medium Risk
CUST_004247,2021-07-08,30,60.58,Monthly,15,8,4,3,Credit Card,537,72,1,0.6276314296636387,High Risk
CUST_004248,2023-07-30,4,79.57,Monthly,8,6,2,4,Credit Card,924,74,1,0.5848574050816722,High Risk
CUST_004249,2022-10-09,40,66.74,Monthly,7,8,3,3,ACH,216,72,1,0.6316468651227478,High Risk
CUST_004250,2026-02-24,16,21.06,Monthly,5,7,5,3,Invoice,1612,73,1,0.7594063067881897,Critical Risk
CUST_004251,2023-05-06,31,44.06,Monthly,10,12,1,9,Credit Card,1675,88,1,0.8425225576700587,Critical Risk
CUST_004252,2023-01-30,53,88.42,Monthly,9,7,2,3,Invoice,797,68,0,0.5372048239687336,High Risk
CUST_004253,2022-03-12,42,42.28,Annual,11,12,2,2,ACH,1636,58,1,0.6668172380464079,High Risk
CUST_004254,2025-07-02,25,48.46,Annual,6,12,3,2,Invoice,481,63,0,0.3606801514897952,Medium Risk
CUST_004255,2024-06-28,44,83.73,Annual,7,3,3,8,Credit Card,1046,100,1,0.686391960020745,High Risk
CUST_004256,2025-05-03,12,64.13,Quarterly,7,8,5,10,Invoice,1160,100,1,0.7012867433050829,Critical Risk
CUST_004257,2024-02-02,26,36.33,Monthly,9,15,4,3,Credit Card,1695,65,1,0.8022422439850719,Critical Risk
CUST_004258,2022-06-30,37,122.89,Annual,4,14,1,10,Credit Card,537,91,0,0.5219086168580921,High Risk
CUST_004259,2025-05-25,48,18.87,Quarterly,8,3,1,10,ACH,182,100,0,0.16121646651782476,Low Risk
CUST_004260,2023-09-29,33,280.37,Monthly,13,11,4,9,Invoice,959,99,1,0.8804705220678608,Critical Risk
CUST_004261,2023-11-16,28,16.33,Annual,10,5,1,3,Credit Card,1284,65,1,0.7092150061201131,Critical Risk
CUST_004262,2022-01-06,9,10.75,Monthly,1,10,2,10,ACH,1553,80,1,0.8114389638591061,Critical Risk
CUST_004263,2022-07-25,12,120.37,Monthly,6,16,3,2,Credit Card,1410,59,0,0.35936268418278255,Medium Risk
CUST_004264,2022-05-24,5,24.05,Annual,10,9,0,8,ACH,1234,81,0,0.23915277712828614,Low Risk
CUST_004265,2023-03-27,54,75.41,Monthly,4,10,2,6,Credit Card,54,80,1,0.809691755529432,Critical Risk
CUST_004266,2021-12-28,52,93.3,Monthly,11,11,3,4,Credit Card,1818,74,1,0.8155596982153583,Critical Risk
CUST_004267,2024-04-01,54,107.94,Monthly,11,8,2,1,PayPal,691,57,0,0.401014010033492,Medium Risk
CUST_004268,2022-03-04,28,248.94,Monthly,11,10,1,10,PayPal,910,95,1,0.8231723226635279,Critical Risk
CUST_004269,2025-05-27,56,27.41,Monthly,9,7,3,6,ACH,1474,88,0,0.34215936089961835,Medium Risk
CUST_004270,2023-10-04,35,71.94,Annual,10,7,3,7,ACH,1182,93,1,0.6632694595844925,High Risk
CUST_004271,2025-04-15,5,16.13,Annual,9,10,5,8,ACH,189,95,0,0.2717913174721819,Low Risk
CUST_004272,2023-08-03,34,36.11,Annual,17,7,2,7,Invoice,1037,88,1,0.7381390116479248,Critical Risk
CUST_004273,2022-01-27,46,104.18,Monthly,9,11,0,2,ACH,492,49,1,0.7355173125145075,Critical Risk
CUST_004274,2025-07-07,34,32.92,Quarterly,13,8,3,3,PayPal,1357,72,0,0.34138812056368195,Medium Risk
CUST_004275,2025-12-15,13,54.71,Annual,7,14,1,1,ACH,747,46,1,0.6438915783764362,High Risk
CUST_004276,2025-05-09,39,45.04,Monthly,10,12,1,4,ACH,1444,63,1,0.7340325453721422,Critical Risk
CUST_004277,2024-01-18,42,61.92,Quarterly,10,14,5,5,Credit Card,352,76,0,0.5062115192808108,High Risk
CUST_004278,2022-03-02,45,190.4,Annual,10,4,1,9,Invoice,95,96,1,0.7977074185114588,Critical Risk
CUST_004279,2022-06-24,48,12.87,Annual,4,12,4,1,ACH,1812,58,1,0.7185576086300667,Critical Risk
CUST_004280,2021-11-17,58,52.66,Monthly,4,12,0,7,PayPal,1238,73,0,0.37493019190111204,Medium Risk
CUST_004281,2022-10-07,14,109.4,Monthly,5,10,2,4,Invoice,1426,70,1,0.6738230721549917,High Risk
CUST_004282,2021-10-15,11,42.83,Quarterly,5,7,1,8,ACH,321,88,0,0.2693389527052309,Low Risk
CUST_004283,2025-01-05,42,14.09,Annual,5,10,2,10,Invoice,1658,100,1,0.7964781580658226,Critical Risk
CUST_004284,2023-11-06,38,51.11,Annual,6,7,3,2,Credit Card,1127,68,0,0.4877090042025345,Medium Risk
CUST_004285,2023-03-25,4,30.18,Annual,6,12,2,5,Invoice,1322,73,1,0.7502888403136732,Critical Risk
CUST_004286,2023-12-19,53,18.42,Quarterly,13,8,4,2,Credit Card,1540,67,1,0.822284830427311,Critical Risk
CUST_004287,2025-12-15,33,104.54,Monthly,7,5,1,2,ACH,1297,60,1,0.7352044525663122,Critical Risk
CUST_004288,2023-08-11,7,46.87,Annual,11,10,1,7,PayPal,1174,80,1,0.7064490854285949,Critical Risk
CUST_004289,2025-02-22,56,145.36,Monthly,9,9,2,4,Credit Card,368,71,1,0.6793833634059853,High Risk
CUST_004290,2024-12-10,41,92.0,Annual,9,11,1,9,Invoice,457,89,1,0.5893727523813281,High Risk
CUST_004291,2025-08-03,8,69.04,Annual,3,9,1,10,Credit Card,1775,96,0,0.6170022288839252,High Risk
CUST_004292,2023-04-06,37,10.25,Monthly,12,14,1,2,PayPal,1115,51,1,0.8448090762727324,Critical Risk
CUST_004293,2021-06-10,51,37.92,Annual,4,12,3,7,Credit Card,716,88,1,0.76167938884329,Critical Risk
CUST_004294,2026-01-19,10,21.0,Monthly,10,12,2,8,ACH,187,88,0,0.6751186399977371,High Risk
CUST_004295,2022-12-12,43,130.84,Monthly,3,9,2,1,ACH,1254,56,1,0.8682290065326754,Critical Risk
CUST_004296,2021-06-13,57,19.59,Monthly,6,3,0,1,Credit Card,1039,52,1,0.8283149749916333,Critical Risk
CUST_004297,2021-09-18,15,26.85,Monthly,6,9,0,7,PayPal,1216,76,0,0.5073686931066063,High Risk
CUST_004298,2024-04-01,38,46.37,Monthly,6,10,2,5,Invoice,1360,75,1,0.672631029350201,High Risk
CUST_004299,2024-03-07,15,25.28,Monthly,5,13,2,7,Credit Card,1618,82,1,0.8532821704146428,Critical Risk
CUST_004300,2025-11-19,5,21.78,Annual,3,9,3,1,Invoice,1538,61,1,0.8324100482850484,Critical Risk
CUST_004301,2023-08-08,29,55.7,Annual,11,6,4,9,PayPal,935,100,0,0.2602166331047281,Low Risk
CUST_004302,2024-11-29,19,14.66,Annual,8,10,0,2,Credit Card,968,50,0,0.34214525737147794,Medium Risk
CUST_004303,2022-10-03,54,13.0,Monthly,10,13,4,5,ACH,900,77,0,0.3643865937379702,Medium Risk
CUST_004304,2024-12-02,51,33.28,Quarterly,5,8,2,4,PayPal,798,72,0,0.4251052416687624,Medium Risk
CUST_004305,2024-07-15,10,73.77,Annual,9,8,1,5,Invoice,1311,72,1,0.6938946295573448,High Risk
CUST_004306,2024-08-28,12,50.46,Monthly,14,11,0,9,ACH,642,84,1,0.671746676948964,High Risk
CUST_004307,2025-11-20,54,37.48,Quarterly,8,7,2,5,Credit Card,674,78,1,0.6304206565612077,High Risk
CUST_004308,2021-09-23,4,51.71,Monthly,10,8,0,4,PayPal,701,62,1,0.5847229055990208,High Risk
CUST_004309,2026-02-28,31,32.74,Annual,6,11,1,4,Credit Card,1418,64,0,0.3025435025495902,Medium Risk
CUST_004310,2023-04-14,18,147.56,Monthly,16,14,0,5,Invoice,1404,61,1,0.8086405188305672,Critical Risk
CUST_004311,2023-03-19,16,12.82,Monthly,10,11,1,10,Credit Card,836,94,1,0.7775340246322222,Critical Risk
CUST_004312,2025-08-09,40,65.95,Quarterly,10,10,5,1,Credit Card,1721,60,1,0.7809265793565524,Critical Risk
CUST_004313,2021-08-28,36,120.95,Monthly,9,6,2,9,Invoice,356,99,0,0.42861894869018663,Medium Risk
CUST_004314,2022-01-01,25,91.45,Monthly,8,8,3,1,Credit Card,80,62,1,0.8192579216146696,Critical Risk
CUST_004315,2023-02-24,23,20.17,Quarterly,9,5,0,7,PayPal,145,80,1,0.6460344916064852,High Risk
CUST_004316,2025-08-30,12,27.54,Quarterly,10,13,3,4,ACH,1439,72,1,0.7566089132368979,Critical Risk
CUST_004317,2021-09-21,34,73.12,Annual,7,15,3,9,Invoice,777,95,0,0.33997453651671733,Medium Risk
CUST_004318,2021-06-16,36,14.4,Monthly,6,9,2,10,Invoice,360,100,0,0.3470591311267207,Medium Risk
CUST_004319,2025-04-03,37,93.53,Monthly,4,7,2,1,Credit Card,845,58,1,0.6372526276204342,High Risk
CUST_004320,2022-03-14,3,73.45,Annual,10,6,1,4,Credit Card,240,69,1,0.7707733242258337,Critical Risk
CUST_004321,2025-01-12,9,75.39,Monthly,6,13,1,7,PayPal,56,77,1,0.5818320500602039,High Risk
CUST_004322,2022-02-12,53,15.28,Monthly,4,10,2,2,Invoice,717,60,1,0.7677815898142282,Critical Risk
CUST_004323,2023-08-30,18,73.25,Annual,13,10,3,5,PayPal,1012,80,1,0.6697898944581623,High Risk
CUST_004324,2023-01-11,43,66.94,Monthly,5,14,2,10,Credit Card,1020,96,0,0.47048213666555405,Medium Risk
CUST_004325,2023-06-24,35,98.87,Monthly,5,12,5,7,Invoice,541,88,1,0.74469579552079,Critical Risk
CUST_004326,2024-10-22,57,12.12,Monthly,7,9,3,10,ACH,1763,100,1,0.7581928873078627,Critical Risk
CUST_004327,2023-07-20,55,11.17,Monthly,8,11,3,10,Credit Card,1486,100,0,0.32916143748329496,Medium Risk
CUST_004328,2022-02-05,34,33.34,Monthly,5,20,0,3,PayPal,318,45,1,0.8932049696390857,Critical Risk
CUST_004329,2021-12-09,41,18.05,Monthly,9,5,0,8,Credit Card,1076,85,1,0.8078156763777389,Critical Risk
CUST_004330,2022-01-31,14,50.87,Monthly,12,13,4,4,Invoice,890,72,0,0.35335190820383666,Medium Risk
CUST_004331,2023-12-02,4,134.66,Annual,9,6,1,5,Invoice,645,74,0,0.30515269030057823,Medium Risk
CUST_004332,2025-12-07,29,34.84,Quarterly,6,7,1,5,Invoice,1019,73,1,0.6204624015362676,High Risk
CUST_004333,2024-07-06,41,103.2,Monthly,6,10,0,7,PayPal,667,75,1,0.7604925812081557,Critical Risk
CUST_004334,2022-09-13,45,10.01,Annual,9,16,6,8,Credit Card,473,89,0,0.6090918305740771,High Risk
CUST_004335,2024-08-21,50,19.23,Monthly,8,10,4,1,ACH,1454,60,1,0.8867771660290252,Critical Risk
CUST_004336,2021-06-26,15,11.54,Monthly,9,10,2,10,Invoice,159,100,1,0.753006202211974,Critical Risk
CUST_004337,2024-02-03,28,29.89,Monthly,11,10,0,7,Credit Card,324,75,1,0.7170414662533997,Critical Risk
CUST_004338,2023-12-21,42,129.4,Annual,8,12,1,8,PayPal,299,83,0,0.5328619448228877,High Risk
CUST_004339,2024-09-28,16,15.1,Annual,6,9,0,2,PayPal,1730,51,0,0.7416498518355883,Critical Risk
CUST_004340,2023-07-15,12,56.62,Annual,5,14,3,1,PayPal,1030,56,0,0.2145986139384995,Low Risk
CUST_004341,2024-06-07,52,40.03,Monthly,8,12,1,9,Invoice,885,88,1,0.7687520605908194,Critical Risk
CUST_004342,2021-06-12,5,149.41,Monthly,10,4,1,9,Credit Card,1121,96,0,0.33177427835295537,Medium Risk
CUST_004343,2022-11-28,34,16.54,Annual,8,10,0,3,PayPal,1554,55,1,0.8064590298418755,Critical Risk
CUST_004344,2023-04-03,42,21.91,Monthly,4,5,4,10,Credit Card,570,100,1,0.7566623048221072,Critical Risk
CUST_004345,2021-12-04,1,11.5,Annual,6,7,1,9,PayPal,907,93,1,0.9022456709956711,Critical Risk
CUST_004346,2022-05-23,39,38.45,Annual,11,8,0,1,ACH,1527,47,0,0.30127064262808273,Medium Risk
CUST_004347,2022-12-10,32,26.27,Annual,9,9,0,1,PayPal,1584,46,1,0.7448918384212179,Critical Risk
CUST_004348,2025-03-22,26,111.97,Quarterly,9,7,4,2,PayPal,175,68,1,0.7398553617800497,Critical Risk
CUST_004349,2025-03-30,17,56.44,Quarterly,7,6,0,7,Credit Card,1017,79,1,0.6061638529748032,High Risk
CUST_004350,2024-05-18,48,57.61,Annual,6,6,1,4,ACH,761,69,1,0.6051925058946044,High Risk
CUST_004351,2024-05-29,59,47.95,Annual,9,10,1,9,PayPal,188,90,1,0.7309756021581119,Critical Risk
CUST_004352,2024-04-02,27,14.82,Monthly,10,11,6,6,PayPal,425,84,1,0.6704894895364122,High Risk
CUST_004353,2024-12-20,24,39.44,Quarterly,7,14,2,8,PayPal,754,86,0,0.2943311217785253,Low Risk
CUST_004354,2021-06-20,35,390.57,Monthly,5,5,2,7,Invoice,1460,90,1,0.6093009329995784,High Risk
CUST_004355,2022-04-05,46,100.16,Monthly,6,7,1,9,Credit Card,1239,93,1,0.7873596532121128,Critical Risk
CUST_004356,2021-08-22,42,121.96,Monthly,8,10,2,10,Invoice,151,100,1,0.8085327599477453,Critical Risk
CUST_004357,2023-09-02,54,96.64,Monthly,8,10,1,9,Invoice,174,90,0,0.4658688991430357,Medium Risk
CUST_004358,2021-07-13,39,15.44,Annual,8,8,1,2,Invoice,51,57,0,0.5904539766708115,High Risk
CUST_004359,2026-02-10,26,22.9,Annual,4,11,0,1,PayPal,870,44,1,0.847195104731935,Critical Risk
CUST_004360,2024-09-06,49,10.16,Monthly,8,13,1,9,ACH,803,87,1,0.7319712330004752,Critical Risk
CUST_004361,2021-08-26,38,28.09,Monthly,9,9,0,9,ACH,1638,86,1,0.5960164573348645,High Risk
CUST_004362,2021-06-23,23,15.75,Quarterly,11,12,0,3,ACH,863,53,1,0.7938710315816039,Critical Risk
CUST_004363,2024-03-22,22,42.01,Annual,4,9,1,7,Invoice,600,81,1,0.5582530817445079,High Risk
CUST_004364,2023-11-12,4,66.52,Quarterly,6,8,1,8,PayPal,347,87,1,0.8161589770354761,Critical Risk
CUST_004365,2025-05-03,49,113.77,Monthly,9,6,1,2,PayPal,1445,59,1,0.6983172561724246,High Risk
CUST_004366,2025-11-21,59,79.16,Annual,9,9,6,3,ACH,717,71,1,0.7366739574921083,Critical Risk
CUST_004367,2023-05-27,9,149.51,Monthly,13,16,2,7,ACH,1415,79,1,0.7812028300051247,Critical Risk
CUST_004368,2024-12-08,4,12.77,Monthly,7,12,4,3,ACH,550,68,1,0.8396338104536576,Critical Risk
CUST_004369,2022-08-19,7,10.61,Monthly,11,15,1,9,ACH,539,85,1,0.8587426760882139,Critical Risk
CUST_004370,2026-01-07,23,64.14,Monthly,9,12,1,7,PayPal,384,78,0,0.44878089717831593,Medium Risk
CUST_004371,2023-10-05,2,27.08,Monthly,5,18,3,9,Invoice,1795,92,1,0.9183888888888889,Critical Risk
CUST_004372,2025-05-31,49,24.62,Quarterly,6,7,3,7,Credit Card,946,93,1,0.7413115263954536,Critical Risk
CUST_004373,2023-12-04,24,30.09,Monthly,9,6,1,6,PayPal,1603,79,1,0.6652190395681585,High Risk
CUST_004374,2024-04-26,40,25.72,Monthly,6,15,5,5,ACH,745,75,1,0.7533214319682858,Critical Risk
CUST_004375,2024-01-14,55,45.81,Monthly,17,12,1,2,PayPal,392,53,1,0.8151485914313548,Critical Risk
CUST_004376,2025-12-07,31,39.0,Monthly,6,12,1,8,Credit Card,267,83,0,0.6612673309247965,High Risk
CUST_004377,2021-12-16,47,45.92,Annual,10,11,0,4,ACH,198,59,0,0.40857226242035616,Medium Risk
CUST_004378,2022-08-25,31,65.85,Monthly,9,11,1,8,Credit Card,779,84,0,0.5494059255689236,High Risk
CUST_004379,2025-02-14,47,34.48,Annual,7,11,3,6,Invoice,544,84,0,0.3547454778848673,Medium Risk
CUST_004380,2024-01-17,40,24.47,Monthly,6,14,2,10,PayPal,565,96,1,0.8072492838223052,Critical Risk
CUST_004381,2023-07-01,48,19.09,Annual,12,9,2,6,PayPal,781,81,0,0.3909057376154368,Medium Risk
CUST_004382,2023-10-03,51,31.5,Annual,7,8,0,3,Invoice,313,57,0,0.3610309817498859,Medium Risk
CUST_004383,2022-03-07,43,77.7,Quarterly,4,9,3,7,Credit Card,411,91,1,0.673582026112831,High Risk
CUST_004384,2021-08-12,34,80.67,Quarterly,16,8,2,7,ACH,1370,87,0,0.2599451411740105,Low Risk
CUST_004385,2025-07-20,55,64.97,Annual,8,8,1,5,ACH,1364,72,1,0.5941628793463497,High Risk
CUST_004386,2024-05-13,24,23.33,Monthly,7,11,1,6,ACH,102,74,1,0.8876594413570651,Critical Risk
CUST_004387,2023-03-22,49,54.35,Annual,5,16,2,6,Credit Card,1569,74,0,0.3808816442060444,Medium Risk
CUST_004388,2025-01-08,26,52.28,Annual,7,10,6,8,PayPal,376,95,1,0.6975443520301653,High Risk
CUST_004389,2026-04-11,16,43.11,Quarterly,13,18,1,9,ACH,928,82,1,0.8838993702376053,Critical Risk
CUST_004390,2022-07-30,57,49.92,Monthly,11,11,2,6,Invoice,1256,79,0,0.3438942173237594,Medium Risk
CUST_004391,2021-07-18,47,43.84,Monthly,11,6,0,3,PayPal,870,59,1,0.6804196296987487,High Risk
CUST_004392,2024-06-19,13,51.67,Annual,10,9,2,5,PayPal,784,76,1,0.6763441130130868,High Risk
CUST_004393,2021-12-25,15,72.85,Monthly,7,8,3,1,Credit Card,731,62,1,0.695269028542033,High Risk
CUST_004394,2023-11-09,27,15.81,Monthly,5,11,4,1,Invoice,204,59,1,0.8784303720929837,Critical Risk
CUST_004395,2025-06-17,4,79.24,Monthly,8,9,2,10,Invoice,1659,100,1,0.624392253671381,High Risk
CUST_004396,2025-12-28,16,17.3,Annual,10,14,6,10,PayPal,192,100,1,0.8409491324622611,Critical Risk
CUST_004397,2025-07-30,30,13.45,Quarterly,7,8,1,1,PayPal,859,52,1,0.789743589977517,Critical Risk
CUST_004398,2022-12-22,44,196.65,Monthly,8,14,1,9,PayPal,1242,86,0,0.4077088390740773,Medium Risk
CUST_004399,2025-10-21,30,167.32,Monthly,9,4,4,10,ACH,510,100,0,0.6037577724944216,High Risk
CUST_004400,2021-09-01,36,13.12,Monthly,3,8,1,2,PayPal,1452,57,1,0.9371221700390396,Critical Risk
CUST_004401,2021-09-18,3,39.28,Monthly,14,8,2,10,ACH,1019,100,1,0.6558075436977435,High Risk
CUST_004402,2022-01-13,22,20.3,Annual,9,8,1,1,ACH,1640,52,1,0.7329389601685458,Critical Risk
CUST_004403,2024-06-06,49,43.21,Annual,8,9,2,5,Credit Card,1489,76,1,0.7547566113520291,Critical Risk
CUST_004404,2022-10-01,22,98.65,Monthly,4,12,1,8,ACH,1629,83,1,0.6104310599175271,High Risk
CUST_004405,2026-03-07,50,160.4,Annual,11,11,2,5,ACH,1237,74,0,0.32125876374046475,Medium Risk
CUST_004406,2021-07-10,57,60.29,Annual,6,5,1,5,Credit Card,956,75,0,0.5502845691315403,High Risk
CUST_004407,2022-09-14,50,31.84,Monthly,9,9,6,10,PayPal,543,100,1,0.7908446723245856,Critical Risk
CUST_004408,2023-02-01,55,56.23,Monthly,12,9,2,2,PayPal,1815,61,0,0.35656109509291684,Medium Risk
CUST_004409,2026-04-14,49,28.7,Quarterly,6,6,2,7,ACH,356,89,1,0.6459519176904407,High Risk
CUST_004410,2022-07-09,12,130.3,Monthly,7,13,1,1,Credit Card,602,47,0,0.3724018223969027,Medium Risk
CUST_004411,2025-08-12,55,112.17,Annual,9,9,2,2,Credit Card,1750,61,0,0.5813140161576861,High Risk
CUST_004412,2024-02-29,21,50.85,Monthly,9,9,7,5,Credit Card,385,81,1,0.7380720170355305,Critical Risk
CUST_004413,2026-01-10,56,29.64,Annual,12,7,1,7,PayPal,631,83,0,0.3719698959650906,Medium Risk
CUST_004414,2022-03-13,4,27.36,Annual,12,12,1,7,Invoice,551,78,1,0.7999592136174388,Critical Risk
CUST_004415,2022-08-21,31,11.7,Annual,8,10,4,8,Credit Card,572,95,1,0.5693253933433909,High Risk
CUST_004416,2024-11-07,44,94.59,Quarterly,8,8,1,6,Credit Card,135,77,1,0.7894551525321931,Critical Risk
CUST_004417,2024-07-25,31,39.93,Quarterly,4,8,0,3,ACH,1196,57,0,0.2428277048976237,Low Risk
CUST_004418,2024-10-01,58,29.66,Annual,13,10,5,8,Credit Card,814,95,0,0.5961513387547394,High Risk
CUST_004419,2023-05-10,23,41.85,Monthly,13,11,2,1,Credit Card,824,54,0,0.5138084826688509,High Risk
CUST_004420,2022-09-25,54,95.39,Monthly,7,8,1,3,ACH,1235,62,1,0.7055972876415203,Critical Risk
CUST_004421,2026-04-08,53,16.65,Annual,11,10,2,8,PayPal,730,90,0,0.4070745772869377,Medium Risk
CUST_004422,2022-01-11,20,107.48,Annual,8,12,1,3,Credit Card,1281,58,1,0.47819795373528673,Medium Risk
CUST_004423,2026-05-02,15,123.9,Monthly,8,12,4,5,Credit Card,171,78,0,0.36700777459317846,Medium Risk
CUST_004424,2023-11-04,23,156.6,Monthly,7,8,3,5,PayPal,530,82,1,0.7200915880828695,Critical Risk
CUST_004425,2022-01-11,28,35.33,Annual,5,9,1,7,Invoice,1017,81,0,0.45105255159539936,Medium Risk
CUST_004426,2025-12-13,16,22.24,Monthly,8,9,5,4,ACH,1125,76,1,0.8148732906602251,Critical Risk
CUST_004427,2021-06-30,37,33.39,Monthly,7,10,2,10,Invoice,1743,100,1,0.7383330219599593,Critical Risk
CUST_004428,2024-07-24,21,30.24,Annual,6,12,2,2,Credit Card,1289,58,0,0.35398900865225996,Medium Risk
CUST_004429,2025-10-27,15,19.69,Annual,10,13,1,2,ACH,59,52,1,0.7367460581913001,Critical Risk
CUST_004430,2023-03-08,17,56.73,Monthly,5,8,1,7,Credit Card,198,82,0,0.7163055055995483,Critical Risk
CUST_004431,2025-10-14,50,42.37,Monthly,6,9,0,3,Credit Card,538,56,1,0.7752677105827133,Critical Risk
CUST_004432,2023-03-09,37,110.38,Monthly,6,18,0,10,ACH,553,82,1,0.874144182801083,Critical Risk
CUST_004433,2025-08-19,13,11.63,Monthly,12,10,1,2,Credit Card,1536,55,1,0.9287199895053668,Critical Risk
CUST_004434,2021-09-06,19,61.62,Annual,12,10,1,5,Credit Card,624,70,1,0.4508730503501883,Medium Risk
CUST_004435,2024-11-02,30,81.97,Annual,11,8,2,2,PayPal,467,62,0,0.30259479943145445,Medium Risk
CUST_004436,2025-10-21,45,81.25,Monthly,5,7,0,5,PayPal,1611,68,1,0.7719147048054239,Critical Risk
CUST_004437,2024-05-30,18,118.61,Monthly,4,10,3,8,Credit Card,1250,95,0,0.6165268350720636,High Risk
CUST_004438,2023-04-01,14,75.29,Monthly,12,8,0,6,ACH,873,72,1,0.6880320686376564,High Risk
CUST_004439,2022-01-25,36,141.42,Quarterly,9,8,2,1,Credit Card,1570,57,1,0.7427604763723354,Critical Risk
CUST_004440,2022-10-22,36,30.22,Monthly,3,8,1,10,Invoice,629,97,0,0.5686515733846483,High Risk
CUST_004441,2024-02-21,20,44.98,Quarterly,8,11,0,7,Credit Card,134,74,1,0.6307710284788088,High Risk
CUST_004442,2023-10-04,52,10.71,Quarterly,6,5,3,4,PayPal,1711,80,0,0.19704918188664317,Low Risk
CUST_004443,2022-06-25,19,10.35,Annual,8,5,0,4,Credit Card,182,65,0,0.3818903203989638,Medium Risk
CUST_004444,2022-10-27,45,23.73,Annual,8,7,1,9,Invoice,727,93,1,0.8213122525923076,Critical Risk
CUST_004445,2025-03-15,44,15.31,Monthly,7,12,4,10,ACH,793,100,1,0.547682011157924,High Risk
CUST_004446,2022-07-21,7,25.07,Annual,7,7,2,6,Invoice,725,83,0,0.3121201403455025,Medium Risk
CUST_004447,2023-04-30,57,19.74,Monthly,5,6,2,10,PayPal,1593,100,1,0.6955908395241953,High Risk
CUST_004448,2022-07-24,44,11.45,Quarterly,12,8,0,7,PayPal,462,77,1,0.8830059870356269,Critical Risk
CUST_004449,2021-12-07,53,130.01,Monthly,4,10,6,2,ACH,245,65,1,0.7657796450133004,Critical Risk
CUST_004450,2021-06-03,4,10.41,Annual,9,11,2,3,Invoice,1396,64,1,0.8326701675136458,Critical Risk
CUST_004451,2023-11-05,59,76.61,Monthly,6,15,2,10,Invoice,1118,95,0,0.42754732027959064,Medium Risk
CUST_004452,2025-10-27,34,18.25,Quarterly,11,13,2,1,Invoice,235,52,1,0.5200507736729911,High Risk
CUST_004453,2021-08-28,2,131.65,Monthly,5,12,2,5,Invoice,112,73,1,0.8061309653562826,Critical Risk
CUST_004454,2022-09-27,5,121.65,Annual,11,10,2,7,Credit Card,1347,85,0,0.31206451997075585,Medium Risk
CUST_004455,2026-03-19,55,63.05,Monthly,7,10,4,6,Invoice,126,85,1,0.8513518106159996,Critical Risk
CUST_004456,2021-12-18,10,65.77,Monthly,8,11,2,6,ACH,1154,79,1,0.7081074301164836,Critical Risk
CUST_004457,2026-02-09,32,10.27,Annual,2,7,1,6,ACH,739,68,1,0.7906755855232461,Critical Risk
CUST_004458,2023-03-13,42,219.56,Quarterly,6,9,2,4,Credit Card,319,71,1,0.7327039217836255,Critical Risk
CUST_004459,2025-05-10,41,115.12,Monthly,8,12,0,7,PayPal,948,73,1,0.725492175729503,Critical Risk
CUST_004460,2022-02-01,13,122.74,Quarterly,8,11,3,6,PayPal,1300,84,1,0.7158313775450867,Critical Risk
CUST_004461,2023-05-09,39,63.83,Annual,9,10,4,5,ACH,171,80,0,0.4783383078806829,Medium Risk
CUST_004462,2023-10-10,5,31.14,Quarterly,7,11,1,7,ACH,243,79,0,0.3124314759221392,Medium Risk
CUST_004463,2021-09-25,58,122.05,Monthly,4,12,3,7,Credit Card,835,88,0,0.36807620495468385,Medium Risk
CUST_004464,2025-04-23,10,27.23,Monthly,8,16,1,2,Credit Card,107,49,1,0.8280478099481243,Critical Risk
CUST_004465,2025-11-22,10,51.36,Quarterly,3,8,0,5,PayPal,1523,67,1,0.6845706068721004,High Risk
CUST_004466,2021-06-28,38,15.25,Monthly,9,10,0,7,Credit Card,74,75,1,0.8445002820430818,Critical Risk
CUST_004467,2022-06-29,27,137.52,Annual,6,7,1,8,Invoice,602,88,0,0.3393874300240152,Medium Risk
CUST_004468,2021-09-26,51,17.59,Monthly,6,6,1,9,ACH,1512,94,0,0.7491103991111574,Critical Risk
CUST_004469,2022-07-21,21,22.74,Monthly,4,9,1,4,ACH,1257,66,1,0.8699201556966888,Critical Risk
CUST_004470,2023-01-07,8,50.84,Annual,6,8,4,5,ACH,1142,82,1,0.5060760482781155,High Risk
CUST_004471,2025-06-15,1,82.22,Annual,8,9,1,8,PayPal,671,86,0,0.6791480422284674,High Risk
CUST_004472,2025-02-07,28,58.29,Annual,8,9,2,8,PayPal,550,91,0,0.37008196767672885,Medium Risk
CUST_004473,2022-03-27,49,23.21,Monthly,11,6,2,2,ACH,975,64,0,0.4710108983077741,Medium Risk
CUST_004474,2023-07-01,39,10.05,Monthly,11,8,0,1,Credit Card,458,47,1,0.713883484162896,Critical Risk
CUST_004475,2025-10-31,14,80.77,Monthly,7,12,1,10,PayPal,576,93,1,0.6859005536743841,High Risk
CUST_004476,2026-01-12,21,220.68,Monthly,11,9,2,10,ACH,1627,100,1,0.5126764249360959,High Risk
CUST_004477,2024-12-11,30,93.01,Quarterly,8,7,1,4,Credit Card,1515,68,0,0.24338919253966396,Low Risk
CUST_004478,2022-09-27,21,40.83,Annual,4,10,0,2,PayPal,1146,50,1,0.3860071823116742,Medium Risk
CUST_004479,2025-07-12,49,127.05,Monthly,8,8,3,10,ACH,1008,100,1,0.7420065216154363,Critical Risk
CUST_004480,2022-04-19,9,36.37,Quarterly,8,14,1,3,PayPal,897,56,0,0.2489887487345309,Low Risk
CUST_004481,2023-11-11,17,47.22,Monthly,5,6,4,2,Invoice,331,69,1,0.7959662022096156,Critical Risk
CUST_004482,2022-12-11,5,42.42,Annual,9,8,5,4,PayPal,994,77,1,0.7970861267352903,Critical Risk
CUST_004483,2023-09-02,58,39.68,Monthly,7,6,2,8,Invoice,1134,94,1,0.7613061319677661,Critical Risk
CUST_004484,2024-08-09,57,84.63,Annual,11,7,2,9,Credit Card,1407,98,0,0.26578943239029146,Low Risk
CUST_004485,2021-12-24,31,47.41,Monthly,15,10,1,7,Invoice,1011,80,1,0.6922262275677801,High Risk
CUST_004486,2023-06-17,52,29.04,Monthly,11,9,2,2,Credit Card,1679,61,1,0.5707232953209695,High Risk
CUST_004487,2021-10-22,40,24.93,Monthly,12,12,4,7,PayPal,104,88,1,0.7977793224749655,Critical Risk
CUST_004488,2024-04-30,38,11.92,Monthly,14,12,3,10,Credit Card,1467,100,0,0.20408113469843892,Low Risk
CUST_004489,2022-11-25,43,53.76,Monthly,11,10,4,6,ACH,335,85,1,0.7671083189789241,Critical Risk
CUST_004490,2021-12-26,19,23.07,Monthly,8,11,0,4,Invoice,1658,59,0,0.4427270965666109,Medium Risk
CUST_004491,2025-06-16,36,18.02,Monthly,5,10,2,1,Invoice,1324,55,0,0.358128527862127,Medium Risk
CUST_004492,2023-11-02,50,63.04,Annual,9,8,1,10,PayPal,833,97,0,0.23155976803589762,Low Risk
CUST_004493,2022-11-23,33,67.16,Monthly,10,14,2,10,Invoice,452,96,1,0.5988522403906377,High Risk
CUST_004494,2021-09-12,13,79.75,Annual,6,12,4,1,ACH,494,58,1,0.7279247160419495,Critical Risk
CUST_004495,2025-02-20,14,45.02,Monthly,11,11,2,6,Credit Card,1208,79,1,0.6912610289042764,High Risk
CUST_004496,2024-03-13,56,122.24,Quarterly,11,16,3,7,PayPal,1107,84,1,0.7529645494821555,Critical Risk
CUST_004497,2022-01-27,33,147.71,Quarterly,7,12,3,1,Credit Card,31,58,1,0.778704518176428,Critical Risk
CUST_004498,2022-06-06,29,92.35,Monthly,8,13,1,2,Credit Card,1123,52,1,0.7746079155497483,Critical Risk
CUST_004499,2023-05-22,43,60.47,Annual,7,14,5,9,Invoice,289,96,0,0.47034429539828354,Medium Risk
CUST_004500,2022-09-04,49,28.1,Monthly,3,13,4,10,Credit Card,1780,100,1,0.8360201891083974,Critical Risk
CUST_004501,2022-10-06,36,213.57,Quarterly,7,10,1,4,PayPal,1612,65,1,0.7491101679276673,Critical Risk
CUST_004502,2024-05-07,58,26.02,Annual,8,11,2,4,ACH,1660,69,1,0.523105079182503,High Risk
CUST_004503,2026-04-02,44,21.32,Monthly,10,8,3,10,Credit Card,205,100,0,0.3657559973624731,Medium Risk
CUST_004504,2025-05-31,10,39.18,Monthly,9,14,3,6,PayPal,1494,81,0,0.6764250971598499,High Risk
CUST_004505,2025-11-01,31,12.93,Monthly,8,10,1,5,ACH,1374,70,1,0.7125056176311142,Critical Risk
CUST_004506,2023-06-21,6,201.97,Monthly,4,9,3,9,Credit Card,1545,100,0,0.3769003486614499,Medium Risk
CUST_004507,2024-11-05,57,54.39,Annual,10,6,1,3,ACH,215,64,0,0.2649389782621048,Low Risk
CUST_004508,2022-04-24,1,50.7,Monthly,4,11,1,8,ACH,1171,84,1,0.8808934886435932,Critical Risk
CUST_004509,2023-05-01,7,63.33,Monthly,12,8,1,1,Invoice,720,52,1,0.49372630849832333,Medium Risk
CUST_004510,2023-07-04,58,44.36,Monthly,7,8,2,7,ACH,1812,87,1,0.749536207273296,Critical Risk
CUST_004511,2022-03-17,27,11.63,Monthly,10,6,3,8,ACH,1356,99,1,0.6486466586364523,High Risk
CUST_004512,2022-04-14,21,57.38,Monthly,5,11,1,9,PayPal,362,89,1,0.732927515392584,Critical Risk
CUST_004513,2021-12-25,28,72.97,Quarterly,9,11,0,10,PayPal,703,89,0,0.4637315406454974,Medium Risk
CUST_004514,2021-12-27,16,36.96,Monthly,7,7,0,1,PayPal,962,48,1,0.771186802939955,Critical Risk
CUST_004515,2024-07-12,56,80.8,Annual,13,8,1,1,ACH,1517,52,0,0.34658695234453524,Medium Risk
CUST_004516,2025-11-24,46,22.87,Monthly,7,10,3,8,PayPal,724,95,1,0.7932792432408078,Critical Risk
CUST_004517,2023-06-30,23,22.5,Monthly,6,11,2,2,Credit Card,381,59,1,0.787230481469446,Critical Risk
CUST_004518,2023-01-17,52,18.8,Annual,13,7,3,6,Invoice,329,88,1,0.546134601511289,High Risk
CUST_004519,2025-03-17,20,33.26,Monthly,8,14,3,8,Credit Card,236,91,0,0.6713115580138946,High Risk
CUST_004520,2023-07-26,38,103.87,Monthly,8,14,3,10,PayPal,1169,100,1,0.7114166970292182,Critical Risk
CUST_004521,2026-03-11,54,97.99,Annual,8,11,1,6,ACH,353,74,0,0.29928854279553574,Low Risk
CUST_004522,2025-03-21,25,34.13,Monthly,11,10,1,9,PayPal,873,90,1,0.6926605674160252,High Risk
CUST_004523,2024-01-07,28,54.47,Monthly,8,12,3,8,Invoice,1447,93,1,0.7767664546195427,Critical Risk
CUST_004524,2023-06-22,5,73.79,Annual,8,12,2,7,PayPal,1503,83,1,0.7531613170750091,Critical Risk
CUST_004525,2023-06-14,56,23.8,Annual,5,9,4,5,ACH,373,81,1,0.7685776411834988,Critical Risk
CUST_004526,2024-05-30,21,19.2,Monthly,10,11,1,1,Invoice,1325,49,1,0.9314252859839754,Critical Risk
CUST_004527,2025-08-16,18,188.95,Monthly,11,8,0,2,PayPal,277,52,0,0.29561429412657464,Low Risk
CUST_004528,2022-12-21,47,58.06,Monthly,9,10,2,2,PayPal,1093,60,1,0.588107933508761,High Risk
CUST_004529,2023-05-16,6,209.27,Monthly,3,13,4,1,Credit Card,1518,57,0,0.26686533741172913,Low Risk
CUST_004530,2022-03-30,57,30.61,Annual,7,7,0,5,Credit Card,268,68,1,0.6659251157836351,High Risk
CUST_004531,2024-03-18,29,70.71,Quarterly,10,10,0,3,PayPal,1637,55,1,0.711796019583194,Critical Risk
CUST_004532,2022-04-04,19,22.59,Quarterly,8,6,4,8,PayPal,890,99,1,0.8163390903151903,Critical Risk
CUST_004533,2023-07-02,33,25.14,Monthly,9,8,0,2,ACH,1599,52,1,0.8012476875182654,Critical Risk
CUST_004534,2021-10-21,1,45.86,Monthly,6,14,2,3,PayPal,667,61,0,0.317892989002271,Medium Risk
CUST_004535,2022-09-27,45,29.26,Annual,7,7,0,9,PayPal,1735,88,1,0.72877161172838,Critical Risk
CUST_004536,2024-01-04,3,19.17,Monthly,7,9,0,2,Credit Card,1020,51,1,0.9174184610539099,Critical Risk
CUST_004537,2021-06-14,42,25.25,Annual,12,6,0,9,Invoice,275,89,0,0.36156404942818676,Medium Risk
CUST_004538,2025-05-14,21,11.82,Annual,13,9,1,9,Credit Card,537,91,1,0.6990890322954338,High Risk
CUST_004539,2021-10-13,35,70.94,Quarterly,8,5,2,3,PayPal,494,70,0,0.38959391221725675,Medium Risk
CUST_004540,2023-04-30,41,43.88,Monthly,7,8,4,5,PayPal,988,82,1,0.7481687701425476,Critical Risk
CUST_004541,2023-12-12,40,14.95,Monthly,8,8,3,10,Invoice,1076,100,1,0.774754937645732,Critical Risk
CUST_004542,2021-07-28,3,19.42,Quarterly,8,12,1,2,Credit Card,168,53,0,0.25931985248052963,Low Risk
CUST_004543,2021-12-30,25,15.41,Annual,8,15,2,1,Invoice,564,50,1,0.6535212375398872,High Risk
CUST_004544,2021-11-30,45,57.41,Quarterly,6,11,2,3,PayPal,1754,64,1,0.7536748719904286,Critical Risk
CUST_004545,2022-04-29,38,14.95,Monthly,8,6,3,8,Credit Card,1043,99,1,0.6544047960147623,High Risk
CUST_004546,2023-08-16,45,80.18,Annual,11,9,0,2,PayPal,354,51,0,0.32217659108424795,Medium Risk
CUST_004547,2022-11-15,55,11.04,Annual,7,8,1,5,Credit Card,465,72,1,0.7225832412490502,Critical Risk
CUST_004548,2023-07-20,20,24.34,Monthly,4,13,1,4,Credit Card,516,62,1,0.8494736723022038,Critical Risk
CUST_004549,2023-02-10,52,120.67,Annual,10,10,1,9,PayPal,1370,90,1,0.7052294247566637,Critical Risk
CUST_004550,2023-04-09,44,73.39,Annual,7,11,0,10,PayPal,1314,89,1,0.6593350729640156,High Risk
CUST_004551,2021-07-18,45,13.79,Monthly,7,11,1,5,ACH,260,69,0,0.6923930561326777,High Risk
CUST_004552,2025-07-13,34,96.05,Monthly,8,11,5,1,PayPal,1070,59,0,0.5980005504287675,High Risk
CUST_004553,2025-10-06,21,43.97,Annual,10,10,0,7,PayPal,628,75,1,0.657653485883105,High Risk
CUST_004554,2022-08-05,56,103.8,Monthly,9,10,3,9,Credit Card,1343,100,0,0.3654974832988245,Medium Risk
CUST_004555,2023-04-17,55,55.91,Quarterly,9,7,1,6,ACH,123,78,0,0.4243656769090073,Medium Risk
CUST_004556,2024-02-05,48,67.26,Monthly,11,14,1,10,Invoice,504,91,1,0.7859452452621899,Critical Risk
CUST_004557,2025-04-08,23,261.81,Monthly,3,10,2,8,Invoice,1534,90,1,0.5862615905734135,High Risk
CUST_004558,2025-06-12,6,23.22,Quarterly,9,14,1,9,ACH,685,86,1,0.868619526642099,Critical Risk
CUST_004559,2023-10-06,51,58.9,Quarterly,7,12,1,7,ACH,662,78,0,0.4788351771822134,Medium Risk
CUST_004560,2023-11-26,53,40.84,Monthly,9,11,2,5,PayPal,1417,74,1,0.7314829068002356,Critical Risk
CUST_004561,2023-02-07,13,12.01,Annual,9,5,0,3,PayPal,892,60,0,0.3323999099428658,Medium Risk
CUST_004562,2024-07-04,49,10.73,Monthly,8,8,3,4,Invoice,1820,77,1,0.8802615011029172,Critical Risk
CUST_004563,2021-10-01,23,16.35,Monthly,11,11,2,4,Credit Card,1105,69,1,0.8579859071800416,Critical Risk
CUST_004564,2024-08-08,9,62.36,Monthly,12,11,2,7,Credit Card,152,84,0,0.3189988459332122,Medium Risk
CUST_004565,2024-10-03,17,51.87,Monthly,11,18,0,9,ACH,1329,77,1,0.9047788411922213,Critical Risk
CUST_004566,2021-11-02,2,50.31,Quarterly,8,10,1,2,Credit Card,1485,55,1,0.8365042269383731,Critical Risk
CUST_004567,2021-09-23,19,11.62,Annual,10,9,1,10,PayPal,1149,96,0,0.6925354768030139,High Risk
CUST_004568,2025-12-17,19,41.68,Quarterly,10,9,2,2,ACH,1151,61,0,0.5113720618891824,High Risk
CUST_004569,2021-09-08,56,139.26,Annual,8,5,1,4,Invoice,1482,70,1,0.7130988944710633,Critical Risk
CUST_004570,2025-03-01,7,35.34,Monthly,10,13,2,8,Credit Card,1005,87,1,0.7170638483730198,Critical Risk
CUST_004571,2022-04-18,54,59.03,Annual,11,12,1,10,PayPal,1036,93,1,0.6540132177778715,High Risk
CUST_004572,2024-08-29,42,85.67,Quarterly,4,12,3,1,Invoice,250,58,1,0.7421213942565639,Critical Risk
CUST_004573,2023-11-04,42,86.61,Annual,5,11,1,6,Invoice,1486,74,1,0.7624009779788051,Critical Risk
CUST_004574,2024-02-04,59,46.62,Annual,8,12,3,1,ACH,773,58,0,0.34026931776881675,Medium Risk
CUST_004575,2025-12-13,20,107.58,Quarterly,14,14,2,9,Invoice,1530,91,1,0.6953816010706549,High Risk
CUST_004576,2023-04-22,9,34.83,Monthly,6,13,3,5,ACH,1493,77,1,0.7628430346054421,Critical Risk
CUST_004577,2025-11-07,17,119.77,Annual,10,9,4,3,PayPal,1568,71,1,0.7075201460271203,Critical Risk
CUST_004578,2025-10-17,27,23.74,Quarterly,5,6,3,1,Credit Card,583,64,0,0.3155767445324149,Medium Risk
CUST_004579,2024-08-17,47,26.44,Quarterly,8,6,2,4,Credit Card,711,74,1,0.5208660810765605,High Risk
CUST_004580,2021-12-23,2,12.73,Monthly,5,6,2,10,Invoice,1285,100,1,0.9138733488733487,Critical Risk
CUST_004581,2024-06-11,36,89.38,Annual,4,9,3,6,Invoice,242,86,0,0.3440322973764679,Medium Risk
CUST_004582,2022-05-19,19,36.98,Annual,7,6,0,8,PayPal,1152,84,1,0.7060188306033992,Critical Risk
CUST_004583,2025-03-28,17,23.01,Monthly,9,16,2,9,Invoice,1594,89,1,0.9047642726244034,Critical Risk
CUST_004584,2021-08-15,5,23.18,Annual,4,7,1,4,PayPal,686,68,1,0.8316857328648112,Critical Risk
CUST_004585,2025-01-17,39,125.83,Monthly,10,13,2,5,PayPal,392,72,1,0.5876968274167192,High Risk
CUST_004586,2025-09-27,18,99.76,Monthly,4,11,4,8,Credit Card,185,94,1,0.772152736258766,Critical Risk
CUST_004587,2023-10-17,53,50.32,Monthly,8,13,2,3,Credit Card,1625,62,0,0.4365966130977265,Medium Risk
CUST_004588,2021-07-15,54,57.87,Annual,5,6,2,4,PayPal,1268,74,0,0.5292454002804327,High Risk
CUST_004589,2024-08-09,59,42.15,Monthly,8,12,0,10,Invoice,1020,88,1,0.8401252369677518,Critical Risk
CUST_004590,2023-09-25,7,34.85,Monthly,5,11,6,6,Credit Card,1785,84,0,0.759173752895077,Critical Risk
CUST_004591,2023-11-09,17,133.54,Monthly,7,12,1,5,PayPal,588,68,1,0.6080256917038025,High Risk
CUST_004592,2025-11-09,39,16.71,Monthly,13,10,0,8,ACH,1434,80,1,0.882252619828944,Critical Risk
CUST_004593,2026-04-10,36,37.1,Monthly,4,6,1,10,Invoice,552,99,0,0.3316630052741361,Medium Risk
CUST_004594,2021-07-19,40,31.12,Monthly,6,8,3,2,Credit Card,350,67,0,0.3706357120877083,Medium Risk
CUST_004595,2025-09-10,45,44.47,Annual,5,4,3,9,PayPal,1113,100,0,0.435735678969188,Medium Risk
CUST_004596,2023-07-01,4,40.59,Annual,10,8,2,1,Credit Card,1653,57,0,0.6824660276698896,High Risk
CUST_004597,2023-04-04,38,46.58,Monthly,7,10,2,2,Credit Card,1498,60,0,0.5806181063018719,High Risk
CUST_004598,2023-10-17,25,17.54,Monthly,6,7,3,8,PayPal,584,98,1,0.7526074485570614,Critical Risk
CUST_004599,2022-01-24,5,45.99,Annual,8,9,2,8,PayPal,1220,91,1,0.6658207407633455,High Risk
CUST_004600,2024-11-26,30,23.88,Monthly,12,6,1,8,ACH,1682,89,1,0.7675288947903606,Critical Risk
CUST_004601,2022-04-18,12,20.19,Quarterly,5,12,0,2,Invoice,286,48,0,0.29812766611346736,Low Risk
CUST_004602,2025-02-26,4,13.35,Annual,4,8,4,8,Credit Card,806,97,1,0.7875326577167822,Critical Risk
CUST_004603,2024-03-01,24,81.91,Monthly,7,11,2,5,Invoice,261,74,0,0.6649868535997909,High Risk
CUST_004604,2021-11-15,29,37.88,Monthly,10,16,0,4,PayPal,1266,54,1,0.648324357066198,High Risk
CUST_004605,2021-07-31,9,59.26,Annual,12,4,1,2,PayPal,103,61,1,0.757794239603934,Critical Risk
CUST_004606,2024-11-16,4,75.02,Monthly,7,9,4,9,PayPal,934,100,1,0.869897236097819,Critical Risk
CUST_004607,2023-08-28,51,66.87,Monthly,10,15,1,3,PayPal,1440,55,1,0.8063136694867953,Critical Risk
CUST_004608,2021-07-21,24,41.79,Monthly,10,10,3,5,Invoice,1722,80,0,0.45882246053930237,Medium Risk
CUST_004609,2021-09-30,14,34.54,Annual,6,9,0,4,PayPal,1283,61,1,0.5406168484133955,High Risk
CUST_004610,2022-09-24,5,33.58,Annual,7,10,2,9,Credit Card,71,95,1,0.3959613444147459,Medium Risk
CUST_004611,2024-02-13,18,61.09,Monthly,13,13,2,4,Invoice,390,67,1,0.44768837147008433,Medium Risk
CUST_004612,2023-11-02,42,44.14,Annual,6,9,3,5,PayPal,123,81,1,0.741435121459855,Critical Risk
CUST_004613,2023-04-04,57,104.57,Monthly,6,12,1,8,ACH,786,83,1,0.7280940742486733,Critical Risk
CUST_004614,2022-02-27,19,113.85,Annual,10,7,2,4,Invoice,1205,73,0,0.3866014647832591,Medium Risk
CUST_004615,2022-09-13,12,19.35,Monthly,4,7,1,2,ACH,1056,58,1,0.890749578384098,Critical Risk
CUST_004616,2023-12-14,18,17.32,Annual,10,5,0,10,ACH,1317,95,0,0.28083987334879834,Low Risk
CUST_004617,2024-11-09,17,59.77,Quarterly,10,13,1,2,Invoice,1098,52,1,0.654217062583223,High Risk
CUST_004618,2023-07-14,30,27.92,Monthly,6,8,1,10,ACH,695,97,1,0.5347283982934075,High Risk
CUST_004619,2022-01-07,24,10.94,Monthly,7,17,4,9,Invoice,256,93,0,0.3169799580877143,Medium Risk
CUST_004620,2022-07-24,11,119.75,Monthly,5,6,1,10,PayPal,1028,99,0,0.5924391500219991,High Risk
CUST_004621,2022-09-14,35,22.87,Monthly,4,7,3,6,PayPal,1819,88,0,0.30629335201562014,Medium Risk
CUST_004622,2022-03-05,23,142.45,Monthly,5,8,3,1,PayPal,976,62,0,0.4233285954219198,Medium Risk
CUST_004623,2021-09-24,17,73.19,Quarterly,13,6,2,10,Credit Card,1788,100,1,0.5796686981832331,High Risk
CUST_004624,2021-06-06,1,81.91,Quarterly,10,11,3,2,ACH,1620,64,0,0.789484917199203,Critical Risk
CUST_004625,2025-09-18,15,21.25,Monthly,8,9,1,9,Invoice,1342,91,1,0.8877099560687473,Critical Risk
CUST_004626,2022-11-20,32,23.34,Annual,8,15,3,8,Credit Card,408,90,1,0.8008399068339284,Critical Risk
CUST_004627,2023-12-12,9,46.83,Annual,7,9,4,9,Credit Card,902,100,0,0.3152381536826864,Medium Risk
CUST_004628,2023-11-23,15,19.44,Annual,8,5,2,6,Invoice,1389,85,1,0.8493089774131688,Critical Risk
CUST_004629,2022-04-15,28,28.22,Monthly,9,14,3,3,Credit Card,1576,66,1,0.6821474043844996,High Risk
CUST_004630,2023-07-01,24,29.39,Monthly,9,13,3,4,ACH,718,72,0,0.4313205114468561,Medium Risk
CUST_004631,2025-10-05,35,18.7,Monthly,7,7,1,7,Invoice,1644,83,1,0.7762391294280865,Critical Risk
CUST_004632,2024-04-22,22,21.48,Monthly,13,9,2,8,Credit Card,310,91,1,0.8247448829234556,Critical Risk
CUST_004633,2025-04-01,27,87.69,Annual,8,9,1,10,Credit Card,1003,96,1,0.6207616575109822,High Risk
CUST_004634,2023-04-05,19,19.15,Annual,6,15,1,9,Credit Card,742,85,0,0.4458895998201378,Medium Risk
CUST_004635,2026-04-02,45,11.44,Monthly,2,9,2,10,Invoice,1012,91,1,0.7881212060197242,Critical Risk
CUST_004636,2023-11-17,12,59.63,Monthly,10,8,1,8,PayPal,1738,87,0,0.47391918773813785,Medium Risk
CUST_004637,2022-02-01,20,196.45,Quarterly,9,12,0,2,Credit Card,675,48,1,0.8432264398296629,Critical Risk
CUST_004638,2024-07-23,1,30.11,Annual,10,5,0,2,ACH,185,55,0,0.2431807511737089,Low Risk
CUST_004639,2025-06-08,21,16.32,Quarterly,9,11,1,5,PayPal,810,69,0,0.35494384627141906,Medium Risk
CUST_004640,2023-01-29,49,52.24,Monthly,8,7,3,2,ACH,1802,68,1,0.7776107342889802,Critical Risk
CUST_004641,2022-04-11,45,128.41,Annual,10,16,0,1,Invoice,1642,39,1,0.5327616452524709,High Risk
CUST_004642,2023-09-24,1,86.64,Annual,11,16,3,10,PayPal,907,99,1,0.8620544872465976,Critical Risk
CUST_004643,2023-04-05,10,58.71,Quarterly,10,10,1,4,ACH,655,65,1,0.698845759484384,High Risk
CUST_004644,2024-08-20,47,28.92,Monthly,11,8,1,1,Credit Card,955,52,0,0.36457973151504847,Medium Risk
CUST_004645,2023-01-22,59,49.03,Monthly,8,10,0,4,PayPal,1684,60,1,0.6526058201987672,High Risk
CUST_004646,2021-06-25,59,14.78,Monthly,11,11,2,4,PayPal,162,69,1,0.5118685575655443,High Risk
CUST_004647,2025-11-22,32,66.81,Quarterly,7,8,3,6,Invoice,1124,87,1,0.6047459865373078,High Risk
CUST_004648,2021-07-16,39,74.57,Quarterly,6,7,3,10,PayPal,915,100,0,0.2703721700309007,Low Risk
CUST_004649,2024-03-18,22,177.67,Quarterly,7,9,2,5,Invoice,1620,76,1,0.7051903381868427,Critical Risk
CUST_004650,2022-10-24,18,25.08,Quarterly,11,8,4,9,PayPal,1783,100,0,0.1774089999921415,Low Risk
CUST_004651,2025-08-02,48,10.93,Monthly,7,14,4,10,Invoice,1524,100,1,0.8653625766191876,Critical Risk
CUST_004652,2023-07-11,46,49.44,Monthly,7,12,2,8,Invoice,1489,88,1,0.8350566808715649,Critical Risk
CUST_004653,2023-06-16,32,71.34,Monthly,8,12,2,6,ACH,1593,78,0,0.42947795998683164,Medium Risk
CUST_004654,2025-06-11,27,88.13,Monthly,12,8,2,6,PayPal,1589,82,1,0.7347573058711362,Critical Risk
CUST_004655,2023-10-06,28,20.77,Quarterly,10,14,3,6,Credit Card,285,81,1,0.7724403284824538,Critical Risk
CUST_004656,2023-02-15,18,25.17,Quarterly,8,10,0,4,Credit Card,1790,60,0,0.35394453235932893,Medium Risk
CUST_004657,2024-11-09,59,45.93,Monthly,6,17,3,5,ACH,1514,73,1,0.8515017938058371,Critical Risk
CUST_004658,2024-12-31,39,30.07,Annual,5,13,2,4,ACH,1230,67,1,0.48139500919860545,Medium Risk
CUST_004659,2024-02-01,49,108.49,Quarterly,5,11,2,2,PayPal,511,59,1,0.6313840018159003,High Risk
CUST_004660,2022-05-02,29,42.1,Monthly,14,6,0,5,PayPal,1770,69,1,0.6054954164490287,High Risk
CUST_004661,2023-05-10,18,90.37,Monthly,11,9,3,1,Credit Card,1148,61,1,0.7285032950923247,Critical Risk
CUST_004662,2025-05-12,44,53.45,Monthly,5,18,2,9,Credit Card,405,87,1,0.7984239976511942,Critical Risk
CUST_004663,2022-01-27,8,84.16,Monthly,7,12,1,10,ACH,890,93,1,0.7060151546895049,Critical Risk
CUST_004664,2022-11-04,54,30.22,Annual,3,10,1,9,ACH,973,90,1,0.7327073609823112,Critical Risk
CUST_004665,2025-09-10,31,99.02,Monthly,11,9,4,9,PayPal,1468,100,1,0.863049480698901,Critical Risk
CUST_004666,2025-09-18,34,26.05,Monthly,4,15,0,2,Invoice,949,45,1,0.9276171785416507,Critical Risk
CUST_004667,2022-02-04,7,49.49,Quarterly,16,11,2,3,Invoice,740,64,0,0.6622761703592421,High Risk
CUST_004668,2022-09-04,36,22.04,Annual,12,9,2,8,Credit Card,543,91,0,0.34891367865664613,Medium Risk
CUST_004669,2026-03-15,18,42.27,Monthly,4,8,0,2,Invoice,1007,52,1,0.7380090334881818,Critical Risk
CUST_004670,2026-01-05,38,29.15,Quarterly,5,16,5,6,ACH,1513,79,1,0.8237919815378261,Critical Risk
CUST_004671,2026-03-10,59,25.51,Monthly,9,9,1,9,Invoice,1623,91,1,0.8183531198927547,Critical Risk
CUST_004672,2021-10-02,9,180.54,Monthly,7,10,0,7,PayPal,1363,75,1,0.7440110761740643,Critical Risk
CUST_004673,2024-10-15,59,18.72,Quarterly,7,12,1,3,ACH,534,58,0,0.38343764142737213,Medium Risk
CUST_004674,2023-05-31,9,87.4,Monthly,6,5,0,8,PayPal,284,85,1,0.791863468280715,Critical Risk
CUST_004675,2026-03-11,46,217.28,Annual,6,11,2,9,ACH,580,94,0,0.22845211064718335,Low Risk
CUST_004676,2021-12-05,8,11.01,Monthly,8,15,2,5,Invoice,1584,70,1,0.674124767504187,High Risk
CUST_004677,2024-10-22,51,70.04,Monthly,8,7,0,8,PayPal,1123,83,1,0.7994564959477412,Critical Risk
CUST_004678,2022-02-04,35,24.58,Annual,10,6,2,8,ACH,358,94,1,0.6190917855446628,High Risk
CUST_004679,2021-09-05,18,12.07,Monthly,12,18,1,1,ACH,1169,42,1,0.921474358974359,Critical Risk
CUST_004680,2023-04-03,5,35.78,Annual,8,12,1,2,Credit Card,161,53,1,0.7644243953769388,Critical Risk
CUST_004681,2021-06-04,14,146.84,Annual,11,8,1,7,ACH,305,82,0,0.32729181826961345,Medium Risk
CUST_004682,2023-12-17,28,10.59,Quarterly,11,15,1,1,PayPal,1184,45,1,0.8804698672628759,Critical Risk
CUST_004683,2025-03-31,30,54.32,Annual,8,9,1,4,Invoice,1638,66,0,0.36398578881207144,Medium Risk
CUST_004684,2023-02-26,4,44.8,Monthly,10,10,3,7,Invoice,632,90,1,0.7546743355682851,Critical Risk
CUST_004685,2024-06-27,39,113.33,Quarterly,10,3,3,10,Credit Card,91,100,1,0.7733727091565885,Critical Risk
CUST_004686,2025-04-11,20,14.39,Annual,9,12,3,5,ACH,738,78,1,0.7132071609577695,Critical Risk
CUST_004687,2026-01-12,25,67.21,Annual,7,2,2,2,PayPal,481,68,0,0.3332658046310117,Medium Risk
CUST_004688,2024-08-27,28,66.99,Quarterly,4,7,3,3,Credit Card,176,73,1,0.7817411445274688,Critical Risk
CUST_004689,2026-04-16,12,65.29,Annual,7,11,0,8,ACH,1666,79,1,0.744559043048354,Critical Risk
CUST_004690,2023-01-13,2,152.65,Monthly,7,9,6,1,ACH,813,61,0,0.30406732541191583,Medium Risk
CUST_004691,2023-12-01,43,96.61,Annual,8,13,0,5,PayPal,237,62,0,0.34475767299693905,Medium Risk
CUST_004692,2022-01-24,14,12.14,Monthly,6,9,3,3,Credit Card,1202,71,0,0.41097936378113886,Medium Risk
CUST_004693,2024-11-08,22,41.85,Monthly,9,8,2,9,Credit Card,1493,97,1,0.7955724310995322,Critical Risk
CUST_004694,2025-11-13,31,35.37,Annual,8,6,1,6,Invoice,1497,79,1,0.7668650393731916,Critical Risk
CUST_004695,2025-03-20,23,28.56,Monthly,6,11,1,5,Credit Card,831,69,1,0.7352934735391727,Critical Risk
CUST_004696,2024-04-23,48,40.01,Monthly,9,9,4,3,Invoice,1250,71,0,0.4680803284545831,Medium Risk
CUST_004697,2022-07-01,20,34.24,Monthly,9,9,2,4,Credit Card,493,71,1,0.7035314488135742,Critical Risk
CUST_004698,2023-01-07,38,38.31,Annual,5,8,4,8,ACH,607,97,1,0.6545552990539857,High Risk
CUST_004699,2023-12-27,55,203.79,Monthly,12,9,0,1,PayPal,810,46,0,0.2299649418076124,Low Risk
CUST_004700,2025-09-15,4,14.64,Annual,10,8,2,7,Credit Card,509,87,0,0.742544541588115,Critical Risk
CUST_004701,2026-01-04,15,137.7,Monthly,5,9,1,1,ACH,912,51,1,0.8549318235048182,Critical Risk
CUST_004702,2023-02-08,24,42.72,Monthly,6,15,3,1,Credit Card,1643,55,1,0.8379182451322379,Critical Risk
CUST_004703,2024-03-10,25,58.87,Monthly,14,16,1,4,Invoice,178,59,0,0.6073826396640901,High Risk
CUST_004704,2021-08-26,1,98.65,Annual,8,8,2,2,ACH,473,62,0,0.3237139919951075,Medium Risk
CUST_004705,2025-01-23,7,32.35,Monthly,5,8,1,1,Invoice,1249,52,0,0.6356154120732045,High Risk
CUST_004706,2026-01-19,57,38.14,Quarterly,12,14,1,8,Credit Card,135,81,0,0.43072762424545696,Medium Risk
CUST_004707,2021-11-17,31,36.34,Quarterly,10,12,4,10,ACH,1511,100,1,0.7364538250780319,Critical Risk
CUST_004708,2024-06-04,12,33.48,Quarterly,4,14,1,10,Invoice,459,91,0,0.44353204528885143,Medium Risk
CUST_004709,2022-02-27,42,139.87,Quarterly,7,10,6,7,Credit Card,301,90,1,0.8482483745447089,Critical Risk
CUST_004710,2021-08-20,5,98.28,Monthly,10,8,2,9,PayPal,1236,97,1,0.7461196609151897,Critical Risk
CUST_004711,2021-08-31,44,15.77,Annual,9,13,2,2,PayPal,1192,57,1,0.5569614511596326,High Risk
CUST_004712,2021-08-14,50,15.72,Annual,14,10,1,10,PayPal,1086,95,1,0.89044597685851,Critical Risk
CUST_004713,2025-11-09,42,37.92,Annual,7,12,2,10,PayPal,1139,98,0,0.26867369989800066,Low Risk
CUST_004714,2021-07-10,38,15.19,Quarterly,8,8,3,6,ACH,1170,87,1,0.7269614039609766,Critical Risk
CUST_004715,2024-04-18,12,58.26,Annual,5,10,2,3,PayPal,721,65,0,0.3700309790954098,Medium Risk
CUST_004716,2021-09-08,39,17.76,Quarterly,5,18,2,5,Invoice,104,67,1,0.8388583066146844,Critical Risk
CUST_004717,2022-05-19,18,46.95,Monthly,7,12,2,9,Invoice,761,93,1,0.7914667738284389,Critical Risk
CUST_004718,2023-03-02,2,10.36,Quarterly,9,8,2,3,Credit Card,1115,67,1,0.7496410256410256,Critical Risk
CUST_004719,2022-06-18,10,29.03,Annual,5,13,3,9,PayPal,1734,97,1,0.7290600243101893,Critical Risk
CUST_004720,2021-07-08,15,66.53,Annual,6,16,2,8,PayPal,808,84,0,0.38361826313500336,Medium Risk
CUST_004721,2022-02-28,30,43.09,Monthly,7,8,2,10,Invoice,1175,100,1,0.7509761337182532,Critical Risk
CUST_004722,2024-07-07,44,201.45,Annual,5,11,5,9,Invoice,36,99,0,0.2512978194558137,Low Risk
CUST_004723,2026-03-31,58,113.61,Quarterly,5,7,3,2,ACH,1388,68,0,0.22866807896695665,Low Risk
CUST_004724,2026-03-09,17,32.24,Monthly,5,9,0,4,Credit Card,1777,61,1,0.8073282146589718,Critical Risk
CUST_004725,2024-11-30,4,12.33,Annual,10,11,3,3,ACH,941,69,1,0.8223636461589489,Critical Risk
CUST_004726,2024-04-07,7,103.42,Monthly,9,9,2,6,ACH,826,81,1,0.6211999059611114,High Risk
CUST_004727,2021-10-14,41,131.09,Quarterly,9,4,4,8,PayPal,290,100,0,0.507333720993206,High Risk
CUST_004728,2026-04-21,31,95.91,Monthly,6,17,2,7,Invoice,754,78,1,0.6473099988862202,High Risk
CUST_004729,2022-02-01,51,16.85,Monthly,7,6,4,2,Credit Card,349,69,1,0.7520762579512464,Critical Risk
CUST_004730,2024-05-13,59,318.65,Monthly,11,8,4,5,Credit Card,1452,82,0,0.2544728991001908,Low Risk
CUST_004731,2024-10-25,55,24.96,Annual,6,17,2,4,ACH,419,63,1,0.820282382008755,Critical Risk
CUST_004732,2025-04-25,39,74.4,Monthly,4,9,1,1,ACH,846,51,1,0.8712529630801257,Critical Risk
CUST_004733,2025-01-04,55,129.32,Annual,10,9,0,5,Credit Card,1268,66,1,0.7106009724180632,Critical Risk
CUST_004734,2023-09-03,34,23.44,Quarterly,10,8,1,5,Invoice,1417,72,0,0.3552969462826621,Medium Risk
CUST_004735,2021-10-05,6,129.44,Quarterly,14,13,1,5,Invoice,464,67,0,0.5465500807514533,High Risk
CUST_004736,2022-11-28,50,28.52,Monthly,11,9,3,3,ACH,1557,71,0,0.4404934335466091,Medium Risk
CUST_004737,2024-08-18,38,197.35,Quarterly,6,16,2,1,Credit Card,650,49,1,0.819966253953336,Critical Risk
CUST_004738,2025-06-30,45,26.51,Annual,10,11,1,10,Invoice,1402,94,0,0.2590868628659805,Low Risk
CUST_004739,2025-01-31,58,163.35,Monthly,8,12,1,7,Credit Card,862,78,0,0.5470658096094019,High Risk
CUST_004740,2025-11-24,51,12.75,Monthly,9,10,2,9,Invoice,486,95,1,0.7714321302425933,Critical Risk
CUST_004741,2025-06-06,34,71.77,Monthly,7,16,0,10,Invoice,236,84,1,0.6317666885933869,High Risk
CUST_004742,2024-03-18,44,47.98,Quarterly,12,13,0,6,Credit Card,654,67,0,0.29908581802730266,Low Risk
CUST_004743,2025-09-20,15,42.49,Monthly,13,15,1,4,ACH,1022,60,1,0.7945589099286714,Critical Risk
CUST_004744,2023-08-24,14,22.65,Monthly,8,11,4,5,ACH,1077,79,1,0.8166615818228735,Critical Risk
CUST_004745,2024-05-04,6,71.14,Annual,12,11,0,3,Credit Card,1362,54,0,0.3641803332834977,Medium Risk
CUST_004746,2022-02-25,50,20.59,Annual,7,7,1,4,Invoice,35,68,1,0.5293638149045655,High Risk
CUST_004747,2022-04-14,37,50.24,Annual,10,7,4,10,ACH,1256,100,1,0.7488657255322343,Critical Risk
CUST_004748,2023-05-30,50,24.6,Annual,9,14,1,3,PayPal,1654,56,1,0.8080827194385247,Critical Risk
CUST_004749,2022-12-12,32,165.75,Monthly,4,7,3,10,PayPal,219,100,1,0.8100947913269435,Critical Risk
CUST_004750,2023-05-16,3,11.45,Quarterly,5,8,1,7,ACH,1775,82,0,0.2122627357162961,Low Risk
CUST_004751,2024-07-28,3,21.14,Monthly,8,17,2,4,Invoice,1267,63,1,0.9169943947886684,Critical Risk
CUST_004752,2024-08-25,22,23.87,Annual,6,12,1,10,PayPal,1113,93,1,0.7995579246211655,Critical Risk
CUST_004753,2025-10-20,22,36.73,Annual,7,12,1,6,ACH,838,73,0,0.43551266823331025,Medium Risk
CUST_004754,2024-12-30,10,23.25,Monthly,5,11,2,8,PayPal,1003,89,1,0.823643986056275,Critical Risk
CUST_004755,2025-11-27,51,43.8,Quarterly,1,16,1,8,ACH,551,59,1,0.5279549268939975,High Risk
CUST_004756,2024-08-31,3,112.97,Monthly,4,8,1,6,ACH,622,77,1,0.8072483491396518,Critical Risk
CUST_004757,2022-11-30,12,72.25,Monthly,8,13,3,9,Credit Card,122,97,1,0.735354023056389,Critical Risk
CUST_004758,2025-03-17,29,53.37,Quarterly,4,9,2,6,ACH,355,81,1,0.6829546395157924,High Risk
CUST_004759,2022-12-21,48,14.66,Annual,7,16,1,9,ACH,676,84,1,0.8613266046732284,Critical Risk
CUST_004760,2023-04-26,17,69.21,Annual,2,10,4,6,Invoice,290,75,1,0.6386972929852758,High Risk
CUST_004761,2023-03-12,7,19.1,Annual,5,14,1,9,Credit Card,1080,86,0,0.6950001903210947,High Risk
CUST_004762,2025-01-17,13,87.17,Quarterly,11,11,2,8,Invoice,1216,89,0,0.4696875223379384,Medium Risk
CUST_004763,2022-12-08,56,24.39,Monthly,9,10,2,7,ACH,302,85,0,0.3827843167441917,Medium Risk
CUST_004764,2024-12-03,2,36.98,Monthly,9,14,2,8,Invoice,1572,86,1,0.8624385535579959,Critical Risk
CUST_004765,2021-11-19,4,31.58,Monthly,3,16,3,4,ACH,730,69,0,0.29259302085807753,Low Risk
CUST_004766,2023-04-01,10,107.88,Monthly,12,14,2,7,Invoice,862,81,0,0.3198026209273335,Medium Risk
CUST_004767,2025-04-05,39,16.76,Annual,7,16,2,2,PayPal,300,54,0,0.35057468060062774,Medium Risk
CUST_004768,2024-08-10,24,51.69,Monthly,9,10,2,3,PayPal,515,65,1,0.6256063301750123,High Risk
CUST_004769,2021-10-07,17,17.66,Monthly,7,8,1,3,ACH,215,62,1,0.8679769884636555,Critical Risk
CUST_004770,2024-09-02,52,71.0,Monthly,13,9,2,5,Credit Card,1556,76,1,0.7870904875167143,Critical Risk
CUST_004771,2023-08-27,6,127.74,Annual,10,12,0,4,Credit Card,488,58,1,0.7667055947810353,Critical Risk
CUST_004772,2025-02-23,19,38.51,Quarterly,8,13,3,1,PayPal,81,57,0,0.2780472030358075,Low Risk
CUST_004773,2022-08-17,5,43.48,Monthly,9,15,1,7,Invoice,328,75,1,0.810858797720562,Critical Risk
CUST_004774,2023-02-21,32,141.16,Annual,8,9,1,10,ACH,654,96,1,0.6176490882605489,High Risk
CUST_004775,2024-11-09,10,46.8,Monthly,9,5,2,2,PayPal,1288,65,1,0.771024479722821,Critical Risk
CUST_004776,2025-07-29,9,43.43,Annual,10,9,1,8,Invoice,1237,86,0,0.4467962139734171,Medium Risk
CUST_004777,2025-09-12,27,53.18,Monthly,6,14,3,4,Credit Card,619,71,0,0.3834333348003219,Medium Risk
CUST_004778,2022-01-31,13,68.44,Monthly,12,8,3,10,Credit Card,1688,100,0,0.4223549476535331,Medium Risk
CUST_004779,2021-12-20,19,15.65,Annual,8,12,5,5,Invoice,1130,78,1,0.532566888518271,High Risk
CUST_004780,2023-04-15,21,96.05,Quarterly,5,6,2,4,Credit Card,865,74,1,0.6295316634526932,High Risk
CUST_004781,2022-03-09,24,38.59,Monthly,12,6,2,4,PayPal,397,74,1,0.5207785527396694,High Risk
CUST_004782,2022-12-27,38,13.75,Annual,11,13,0,6,Credit Card,770,67,0,0.29621591643539413,Low Risk
CUST_004783,2025-05-06,4,87.13,Annual,9,7,2,5,ACH,1726,78,0,0.22853734100759837,Low Risk
CUST_004784,2022-04-29,24,33.66,Quarterly,6,8,1,6,Credit Card,811,77,1,0.7667541028011324,Critical Risk
CUST_004785,2026-04-07,59,15.29,Monthly,5,7,3,2,Credit Card,1258,68,1,0.8336031349234183,Critical Risk
CUST_004786,2023-06-19,35,60.23,Monthly,12,8,3,1,Credit Card,140,62,1,0.7166508624221251,Critical Risk
CUST_004787,2022-06-15,3,116.07,Quarterly,7,8,4,3,Invoice,77,72,1,0.8392453434489343,Critical Risk
CUST_004788,2024-12-12,4,119.35,Monthly,10,5,3,10,ACH,1187,100,1,0.6832467324787385,High Risk
CUST_004789,2022-09-16,57,168.11,Monthly,8,9,0,8,PayPal,435,81,0,0.3425073687555188,Medium Risk
CUST_004790,2022-08-09,37,111.14,Monthly,5,9,2,1,Credit Card,116,56,0,0.5071466731169447,High Risk
CUST_004791,2025-08-09,40,10.11,Quarterly,9,8,0,8,Invoice,834,82,1,0.8331951779438848,Critical Risk
CUST_004792,2025-01-27,48,33.92,Monthly,12,11,1,2,Invoice,1665,54,0,0.5838806851962602,High Risk
CUST_004793,2021-08-20,54,95.34,Quarterly,7,10,2,10,Credit Card,774,100,0,0.2938304993312061,Low Risk
CUST_004794,2025-02-01,35,32.81,Monthly,9,7,2,4,Invoice,278,73,1,0.49801393912540237,Medium Risk
CUST_004795,2022-07-19,31,56.01,Monthly,10,8,1,3,Invoice,584,62,0,0.3750869424820196,Medium Risk
CUST_004796,2023-05-07,56,56.61,Monthly,13,9,7,1,Invoice,74,61,0,0.262530516801057,Low Risk
CUST_004797,2023-07-31,44,32.71,Monthly,8,14,3,8,Invoice,1536,91,1,0.7758160134922909,Critical Risk
CUST_004798,2023-12-22,25,127.42,Annual,7,15,1,1,Invoice,1687,45,0,0.20483445792789645,Low Risk
CUST_004799,2022-05-28,40,44.98,Annual,9,9,5,7,PayPal,253,91,0,0.3874652346193693,Medium Risk
CUST_004800,2024-12-28,13,41.25,Monthly,6,8,1,3,Invoice,990,62,1,0.6207868364062525,High Risk
CUST_004801,2023-05-26,4,309.85,Monthly,3,15,1,3,Invoice,673,55,1,0.5211519544325304,High Risk
CUST_004802,2021-08-26,46,44.01,Annual,5,12,3,9,PayPal,1548,98,0,0.34443450568374656,Medium Risk
CUST_004803,2024-10-16,14,19.82,Quarterly,7,7,1,8,ACH,1505,88,1,0.7610355588336956,Critical Risk
CUST_004804,2023-04-03,13,45.98,Annual,7,13,2,10,Invoice,520,97,1,0.6274433599402631,High Risk
CUST_004805,2025-09-29,27,94.1,Quarterly,10,11,2,3,Invoice,598,64,0,0.3570300417408017,Medium Risk
CUST_004806,2022-05-02,6,85.0,Monthly,6,13,1,9,PayPal,703,87,0,0.4320343216407344,Medium Risk
CUST_004807,2021-08-13,17,87.7,Quarterly,9,5,2,6,PayPal,315,85,0,0.3320513021984843,Medium Risk
CUST_004808,2021-12-22,36,71.55,Monthly,9,14,2,3,ACH,196,61,0,0.48843919654171436,Medium Risk
CUST_004809,2024-10-21,40,24.67,Monthly,8,10,3,7,PayPal,1260,90,1,0.8446546117264079,Critical Risk
CUST_004810,2025-11-25,49,109.06,Quarterly,4,10,3,4,Invoice,1655,75,1,0.7210690408724778,Critical Risk
CUST_004811,2024-12-30,35,121.95,Quarterly,8,6,1,6,Invoice,452,79,1,0.7068763884325878,Critical Risk
CUST_004812,2024-06-16,17,20.79,Annual,7,10,1,2,PayPal,1381,55,0,0.2663582351338233,Low Risk
CUST_004813,2022-11-14,41,16.99,Monthly,8,11,3,9,Invoice,1015,99,0,0.4853096747651355,Medium Risk
CUST_004814,2024-02-29,2,195.67,Monthly,10,6,1,3,Invoice,635,64,0,0.46922287803045065,Medium Risk
CUST_004815,2021-06-21,57,111.37,Monthly,7,10,1,10,Credit Card,666,95,1,0.7331411754748958,Critical Risk
CUST_004816,2026-04-28,13,121.86,Quarterly,11,10,2,4,PayPal,1664,70,0,0.372329505740548,Medium Risk
CUST_004817,2021-11-25,52,118.74,Monthly,9,7,0,9,Invoice,1315,88,1,0.6925467460462827,High Risk
CUST_004818,2025-05-07,2,49.01,Quarterly,7,13,1,7,Invoice,442,77,1,0.902718694705179,Critical Risk
CUST_004819,2025-01-29,52,61.98,Monthly,4,12,1,2,Credit Card,939,53,0,0.3935573815116104,Medium Risk
CUST_004820,2025-08-28,28,49.41,Quarterly,7,9,2,1,PayPal,1822,56,0,0.28066417908461594,Low Risk
CUST_004821,2021-12-25,43,12.63,Quarterly,7,9,3,7,PayPal,1016,91,1,0.779742390637313,Critical Risk
CUST_004822,2021-09-09,59,78.42,Monthly,8,16,1,2,PayPal,452,49,1,0.9081463252084646,Critical Risk
CUST_004823,2023-09-30,26,45.19,Monthly,9,11,1,6,Credit Card,1022,74,1,0.7085941801337949,Critical Risk
CUST_004824,2025-03-07,22,62.16,Quarterly,6,13,4,6,Invoice,1164,82,1,0.6987756823000537,High Risk
CUST_004825,2021-07-06,47,44.92,Annual,15,10,1,5,Credit Card,1677,70,0,0.26320973251196966,Low Risk
CUST_004826,2026-04-18,43,43.85,Annual,7,12,2,2,Credit Card,457,58,1,0.6417012745411655,High Risk
CUST_004827,2024-04-27,55,19.42,Annual,6,16,1,9,PayPal,966,84,1,0.8083357034361037,Critical Risk
CUST_004828,2021-12-18,3,26.34,Monthly,12,14,5,1,Credit Card,380,56,1,0.6223028693657753,High Risk
CUST_004829,2023-03-14,35,18.65,Quarterly,8,6,0,10,PayPal,142,94,1,0.5402940453503714,High Risk
CUST_004830,2025-07-30,58,20.89,Monthly,10,9,5,1,Invoice,770,61,1,0.5486079271720912,High Risk
CUST_004831,2022-01-02,12,190.55,Quarterly,11,4,2,2,Invoice,445,66,0,0.2618463320541433,Low Risk
CUST_004832,2025-02-04,24,18.31,Monthly,11,17,1,8,ACH,1150,78,1,0.8605604151460399,Critical Risk
CUST_004833,2022-06-19,5,25.69,Annual,7,6,1,5,Credit Card,34,74,0,0.23150368892206535,Low Risk
CUST_004834,2022-09-23,20,54.65,Monthly,11,15,2,3,PayPal,1100,60,1,0.7273315575624424,Critical Risk
CUST_004835,2021-12-17,39,57.1,Monthly,8,11,5,4,Invoice,1821,74,1,0.7674326729465953,Critical Risk
CUST_004836,2024-09-12,39,18.36,Monthly,13,14,0,4,PayPal,430,56,1,0.6616803045901879,High Risk
CUST_004837,2025-02-11,13,88.93,Annual,8,9,2,9,ACH,1342,96,1,0.6723993993425084,High Risk
CUST_004838,2025-10-05,41,86.9,Annual,8,5,2,5,Invoice,711,80,0,0.44203053046514085,Medium Risk
CUST_004839,2021-12-01,57,23.55,Quarterly,14,17,2,4,PayPal,611,63,1,0.7149330448962801,Critical Risk
CUST_004840,2024-05-19,53,27.03,Monthly,13,11,2,7,Invoice,1359,84,1,0.807606658762479,Critical Risk
CUST_004841,2025-07-05,45,149.02,Annual,8,13,3,6,ACH,186,82,1,0.6389135624795559,High Risk
CUST_004842,2022-12-03,12,97.34,Annual,10,12,2,2,Invoice,349,58,0,0.31293903476378226,Medium Risk
CUST_004843,2021-07-10,13,69.83,Monthly,6,14,4,4,Credit Card,1795,71,0,0.6926281919975686,High Risk
CUST_004844,2026-04-30,56,14.29,Monthly,8,12,3,3,ACH,1057,68,0,0.3866321226911562,Medium Risk
CUST_004845,2023-08-17,10,37.09,Monthly,8,13,4,9,PayPal,918,97,1,0.6589827831305787,High Risk
CUST_004846,2022-02-11,33,50.97,Monthly,9,10,1,6,Credit Card,420,75,0,0.4739068789636577,Medium Risk
CUST_004847,2023-04-12,57,20.38,Monthly,5,6,1,2,PayPal,620,59,0,0.30506019724350814,Medium Risk
CUST_004848,2024-11-29,40,39.73,Annual,6,8,1,5,PayPal,1819,72,0,0.23662680286240434,Low Risk
CUST_004849,2022-05-12,54,55.94,Monthly,7,10,0,6,Credit Card,731,70,1,0.7385760683631152,Critical Risk
CUST_004850,2024-12-26,16,29.83,Annual,9,9,0,1,PayPal,856,46,1,0.7126286210729986,Critical Risk
CUST_004851,2022-11-21,45,85.92,Quarterly,8,14,3,10,ACH,1202,100,1,0.6873063125561623,High Risk
CUST_004852,2024-08-21,35,101.77,Annual,10,12,3,6,Credit Card,1813,83,1,0.7111141599675053,Critical Risk
CUST_004853,2023-02-03,3,29.55,Annual,9,13,2,3,Invoice,301,62,1,0.5199580294522417,High Risk
CUST_004854,2021-07-23,56,101.21,Monthly,13,10,2,8,Credit Card,1379,90,1,0.7700613455678089,Critical Risk
CUST_004855,2021-06-22,5,15.47,Quarterly,8,10,2,5,Credit Card,938,75,0,0.6030044282313419,High Risk
CUST_004856,2025-06-06,26,100.92,Monthly,8,11,3,6,Credit Card,677,84,1,0.7707005303694995,Critical Risk
CUST_004857,2025-06-04,11,18.29,Annual,9,9,3,4,Credit Card,1534,76,1,0.6512329196869939,High Risk
CUST_004858,2026-03-14,7,14.33,Quarterly,9,9,3,1,ACH,858,61,1,0.7502730584477164,Critical Risk
CUST_004859,2022-02-06,53,61.33,Annual,6,6,3,4,Credit Card,928,79,0,0.44006263772110144,Medium Risk
CUST_004860,2023-12-22,56,41.93,Annual,5,8,2,10,PayPal,1676,100,0,0.19531731265336522,Low Risk
CUST_004861,2021-09-14,10,129.24,Monthly,5,13,2,4,ACH,971,67,1,0.6750819187000622,High Risk
CUST_004862,2022-03-09,42,32.56,Monthly,7,7,3,4,PayPal,1499,78,0,0.4535046351038076,Medium Risk
CUST_004863,2021-12-09,52,26.92,Annual,7,6,1,3,ACH,52,64,0,0.32030488967191667,Medium Risk
CUST_004864,2021-09-01,34,44.73,Monthly,9,12,1,3,ACH,1306,58,1,0.768772023575115,Critical Risk
CUST_004865,2025-08-04,3,40.44,Annual,5,9,2,1,Credit Card,1701,56,1,0.8117765697932429,Critical Risk
CUST_004866,2024-09-30,8,31.11,Monthly,10,3,3,8,ACH,827,100,0,0.3608802103478182,Medium Risk
CUST_004867,2022-11-04,31,69.17,Quarterly,5,7,3,7,Invoice,1803,93,1,0.7568911376233958,Critical Risk
CUST_004868,2024-10-20,11,81.26,Monthly,7,8,3,3,Invoice,744,72,0,0.5524896407305144,High Risk
CUST_004869,2024-06-06,45,105.86,Annual,7,7,3,7,PayPal,1107,93,0,0.42480886116661914,Medium Risk
CUST_004870,2021-08-14,7,190.33,Annual,8,14,3,9,Credit Card,945,96,1,0.6800659278534374,High Risk
CUST_004871,2023-04-15,45,25.51,Monthly,4,7,3,7,ACH,1311,93,0,0.32841037605821244,Medium Risk
CUST_004872,2025-02-11,2,72.96,Monthly,7,15,3,4,Credit Card,1151,70,1,0.6464779538036691,High Risk
CUST_004873,2023-07-21,6,35.07,Monthly,13,11,2,1,Credit Card,686,54,1,0.7498008468887207,Critical Risk
CUST_004874,2022-08-16,41,66.52,Monthly,8,12,2,9,Invoice,1502,93,0,0.7772392522027803,Critical Risk
CUST_004875,2023-02-25,32,42.31,Monthly,9,14,4,8,PayPal,1036,91,1,0.7476176203865847,Critical Risk
CUST_004876,2025-05-11,20,263.94,Monthly,7,7,4,3,ACH,1250,73,1,0.714234358013773,Critical Risk
CUST_004877,2021-11-20,57,75.26,Annual,4,6,1,10,PayPal,895,99,1,0.7327709754799805,Critical Risk
CUST_004878,2025-08-02,34,162.34,Monthly,11,8,3,9,Invoice,1250,100,1,0.8451967293393536,Critical Risk
CUST_004879,2023-06-25,50,100.08,Quarterly,8,13,1,5,Invoice,1157,67,0,0.5771766279737112,High Risk
CUST_004880,2025-06-26,16,126.6,Annual,10,12,3,4,ACH,138,73,1,0.6155178905524487,High Risk
CUST_004881,2023-12-15,25,94.21,Monthly,8,9,0,6,ACH,485,71,1,0.6791397518539594,High Risk
CUST_004882,2023-11-29,12,40.73,Monthly,8,7,0,7,Credit Card,865,78,0,0.4384512448471888,Medium Risk
CUST_004883,2025-11-30,7,24.5,Quarterly,7,9,3,6,Invoice,1352,86,1,0.49546321871298915,Medium Risk
CUST_004884,2022-06-19,39,33.13,Monthly,6,9,0,9,Credit Card,937,86,1,0.7899110734857077,Critical Risk
CUST_004885,2022-10-27,17,11.02,Annual,8,5,0,1,PayPal,1545,50,1,0.8116585399758764,Critical Risk
CUST_004886,2024-08-21,45,47.12,Annual,14,12,2,4,Invoice,1659,68,0,0.30535972033718783,Medium Risk
CUST_004887,2023-12-02,11,45.17,Monthly,7,9,2,1,PayPal,752,56,1,0.8173300166976073,Critical Risk
CUST_004888,2024-02-26,6,47.25,Quarterly,10,14,2,10,ACH,1331,96,0,0.29621641686437045,Low Risk
CUST_004889,2021-12-20,23,192.54,Monthly,9,8,1,7,Credit Card,1813,82,1,0.7662926036206195,Critical Risk
CUST_004890,2025-12-29,27,131.21,Monthly,5,6,2,4,ACH,761,74,0,0.49881301799905214,Medium Risk
CUST_004891,2022-07-25,46,18.82,Quarterly,9,11,3,1,PayPal,1403,59,0,0.35274743973348743,Medium Risk
CUST_004892,2022-10-14,6,33.01,Annual,8,8,1,1,ACH,995,52,0,0.34231953875799753,Medium Risk
CUST_004893,2024-08-22,38,37.58,Quarterly,2,7,1,8,Invoice,262,78,1,0.6309289646502377,High Risk
CUST_004894,2025-08-31,2,32.36,Annual,6,12,3,4,Credit Card,410,73,1,0.827210175901244,Critical Risk
CUST_004895,2024-01-06,22,90.1,Annual,11,11,0,10,PayPal,433,89,1,0.6594241868799068,High Risk
CUST_004896,2025-02-07,20,47.12,Quarterly,4,9,3,3,Credit Card,1423,71,1,0.5971214930474337,High Risk
CUST_004897,2023-10-16,25,52.44,Monthly,9,17,2,9,PayPal,940,88,1,0.8105974596831267,Critical Risk
CUST_004898,2022-11-09,15,105.87,Annual,1,12,4,2,Invoice,656,43,0,0.2616428236918749,Low Risk
CUST_004899,2024-11-29,49,91.98,Annual,7,11,0,5,PayPal,1317,64,1,0.4563719397107878,Medium Risk
CUST_004900,2023-02-23,29,17.09,Monthly,12,15,2,2,Invoice,834,55,1,0.8787122798109778,Critical Risk
CUST_004901,2025-05-06,8,72.57,Annual,8,11,3,3,Credit Card,697,69,1,0.6442851835676193,High Risk
CUST_004902,2026-04-25,37,38.59,Monthly,9,13,3,5,Credit Card,1379,77,0,0.4731100255801137,Medium Risk
CUST_004903,2025-01-10,49,27.45,Annual,5,13,4,2,ACH,285,62,0,0.3380635573526432,Medium Risk
CUST_004904,2022-07-27,52,12.57,Annual,4,11,3,7,PayPal,568,89,0,0.35351695143888634,Medium Risk
CUST_004905,2024-12-24,33,43.4,Quarterly,3,9,1,2,Invoice,360,56,0,0.2937778501278638,Low Risk
CUST_004906,2021-11-15,22,31.96,Monthly,5,12,0,10,Credit Card,538,88,1,0.6124492546315133,High Risk
CUST_004907,2024-01-21,50,24.49,Annual,6,10,5,5,Invoice,880,80,1,0.8274733163320304,Critical Risk
CUST_004908,2022-05-13,47,69.32,Monthly,6,6,3,5,Credit Card,1001,84,1,0.7312088297675213,Critical Risk
CUST_004909,2023-06-05,5,83.37,Annual,4,13,0,3,ACH,1006,52,1,0.8053270111647626,Critical Risk
CUST_004910,2024-09-17,39,24.04,Annual,8,14,2,2,Invoice,1112,56,1,0.8253862769845338,Critical Risk
CUST_004911,2025-10-28,18,12.54,Annual,8,10,1,8,Invoice,658,85,1,0.8553228051719328,Critical Risk
CUST_004912,2021-11-25,38,104.44,Quarterly,6,7,1,6,PayPal,1020,78,0,0.37315170866758407,Medium Risk
CUST_004913,2021-11-21,54,10.5,Quarterly,9,9,0,10,Credit Card,859,91,1,0.5849784630973671,High Risk
CUST_004914,2024-04-09,53,148.32,Monthly,7,10,3,5,Invoice,1072,80,0,0.43968024481073154,Medium Risk
CUST_004915,2026-01-30,37,59.39,Monthly,9,13,3,3,ACH,840,67,1,0.6107280043728087,High Risk
CUST_004916,2026-02-06,30,29.42,Annual,9,14,2,10,ACH,1488,96,1,0.7939934079120892,Critical Risk
CUST_004917,2023-05-31,51,24.15,Monthly,6,6,3,1,PayPal,113,64,0,0.34892112114842105,Medium Risk
CUST_004918,2025-12-17,31,10.45,Monthly,8,12,2,10,Invoice,1631,98,0,0.7810022998780722,Critical Risk
CUST_004919,2025-03-08,10,23.42,Annual,8,11,2,5,Invoice,867,74,1,0.8325878119789138,Critical Risk
CUST_004920,2026-02-18,15,17.41,Monthly,7,11,0,1,ACH,262,44,1,0.9470520412155993,Critical Risk
CUST_004921,2022-01-12,42,57.36,Monthly,8,7,2,1,Invoice,504,58,1,0.7280555992611505,Critical Risk
CUST_004922,2021-11-08,59,19.11,Quarterly,7,6,3,3,ACH,333,74,0,0.2775079292775819,Low Risk
CUST_004923,2022-02-17,48,47.61,Monthly,7,11,1,2,PayPal,943,54,1,0.7573784151116005,Critical Risk
CUST_004924,2023-02-08,44,54.59,Monthly,7,9,1,5,ACH,1073,71,0,0.5498420738118803,High Risk
CUST_004925,2022-11-01,18,27.69,Monthly,8,10,4,5,Credit Card,486,80,1,0.7156638939501514,Critical Risk
CUST_004926,2025-11-13,23,11.78,Quarterly,7,15,2,7,Credit Card,1504,80,1,0.804792474504247,Critical Risk
CUST_004927,2021-07-16,33,11.9,Quarterly,12,10,1,5,ACH,1093,70,0,0.6725621996631651,High Risk
CUST_004928,2025-11-14,16,11.34,Annual,9,11,2,7,ACH,1583,84,1,0.8316422577512675,Critical Risk
CUST_004929,2021-06-10,54,77.19,Monthly,7,17,1,8,ACH,937,78,1,0.7330920498080973,Critical Risk
CUST_004930,2023-12-13,38,29.14,Quarterly,8,11,0,1,ACH,1685,44,1,0.7456508141266007,Critical Risk
CUST_004931,2025-06-15,35,89.56,Annual,7,8,0,4,PayPal,695,62,1,0.618376372410794,High Risk
CUST_004932,2021-12-24,34,38.26,Quarterly,9,13,1,1,Credit Card,382,47,1,0.702742005820638,Critical Risk
CUST_004933,2025-02-01,28,40.17,Annual,7,9,0,6,Credit Card,318,71,0,0.38269006886965795,Medium Risk
CUST_004934,2023-10-02,2,45.96,Monthly,11,12,1,4,PayPal,1699,63,1,0.8510538128755321,Critical Risk
CUST_004935,2021-11-18,30,72.42,Monthly,5,14,1,9,Invoice,915,86,1,0.7583694982553151,Critical Risk
CUST_004936,2024-03-04,13,25.98,Monthly,9,6,0,1,PayPal,1495,49,0,0.32579637912347253,Medium Risk
CUST_004937,2024-08-28,41,16.48,Monthly,6,7,2,7,Credit Card,214,88,1,0.7877960937616315,Critical Risk
CUST_004938,2023-02-09,16,50.6,Annual,8,8,1,8,PayPal,669,87,1,0.6380058521958657,High Risk
CUST_004939,2023-11-26,59,29.8,Quarterly,8,9,2,1,ACH,678,56,0,0.3668649889858003,Medium Risk
CUST_004940,2025-05-19,5,39.21,Annual,7,10,0,4,Invoice,1447,60,1,0.7024510407307205,Critical Risk
CUST_004941,2022-04-19,55,62.06,Monthly,7,8,3,1,ACH,1481,62,1,0.7571761815909381,Critical Risk
CUST_004942,2021-09-29,28,44.07,Monthly,5,10,4,6,PayPal,1746,85,1,0.8091126288174657,Critical Risk
CUST_004943,2023-01-22,53,58.42,Monthly,8,10,2,3,Invoice,1208,65,1,0.6407425082833498,High Risk
CUST_004944,2026-04-23,39,49.29,Monthly,4,9,1,5,Invoice,622,71,1,0.6847361280371758,High Risk
CUST_004945,2024-04-23,45,77.31,Monthly,13,7,1,1,Invoice,209,53,0,0.32082836842914225,Medium Risk
CUST_004946,2022-10-22,20,71.2,Annual,8,7,3,1,Invoice,881,63,1,0.6286693681549985,High Risk
CUST_004947,2022-05-02,24,48.2,Monthly,14,9,4,7,Invoice,1245,91,1,0.80331070341016,Critical Risk
CUST_004948,2021-06-14,27,66.8,Quarterly,7,16,2,6,Credit Card,1235,74,0,0.3794633022349215,Medium Risk
CUST_004949,2022-11-09,30,113.4,Monthly,11,9,1,9,ACH,170,91,1,0.6255250636137681,High Risk
CUST_004950,2024-07-05,58,38.31,Quarterly,6,10,2,5,ACH,1212,75,0,0.3934337634701464,Medium Risk
CUST_004951,2024-11-03,45,36.62,Annual,6,8,1,1,Invoice,1799,52,1,0.7096317650223416,Critical Risk
CUST_004952,2022-03-02,27,82.25,Monthly,5,7,1,8,ACH,1006,88,1,0.7637621985937794,Critical Risk
CUST_004953,2025-12-25,26,53.68,Annual,8,14,1,1,Credit Card,784,46,0,0.35333604935294105,Medium Risk
CUST_004954,2021-09-10,7,13.68,Annual,8,9,1,1,ACH,206,51,1,0.8304392708354836,Critical Risk
CUST_004955,2024-09-09,42,121.33,Annual,9,12,1,10,ACH,232,93,0,0.27945802710114975,Low Risk
CUST_004956,2024-09-05,47,11.56,Annual,6,7,1,9,Credit Card,952,93,0,0.2697254566902824,Low Risk
CUST_004957,2025-06-10,53,79.0,Monthly,9,10,3,7,ACH,554,90,0,0.3785958112009397,Medium Risk
CUST_004958,2021-06-21,59,81.11,Annual,5,9,2,5,ACH,971,76,1,0.6796055523233088,High Risk
CUST_004959,2023-08-27,38,163.0,Quarterly,8,16,1,5,PayPal,1616,64,0,0.27006004658197835,Low Risk
CUST_004960,2025-03-25,5,12.78,Monthly,9,12,3,10,ACH,1559,100,1,0.7499621915360406,Critical Risk
CUST_004961,2024-08-12,23,55.42,Monthly,9,11,1,8,Invoice,456,84,1,0.7545276908727552,Critical Risk
CUST_004962,2021-11-15,28,37.92,Quarterly,6,7,6,3,Invoice,273,73,1,0.5673621078413594,High Risk
CUST_004963,2021-09-07,34,30.07,Monthly,11,7,1,1,Credit Card,901,53,0,0.4827129408274928,Medium Risk
CUST_004964,2021-11-10,53,14.73,Annual,7,8,1,5,Credit Card,916,72,1,0.7273792329049895,Critical Risk
CUST_004965,2021-10-27,15,51.35,Annual,9,10,1,5,Invoice,1409,70,0,0.36983707270082694,Medium Risk
CUST_004966,2022-07-20,32,42.6,Annual,8,11,3,7,Invoice,755,89,0,0.3934276984911797,Medium Risk
CUST_004967,2021-11-18,26,15.52,Monthly,10,9,1,10,Invoice,48,96,0,0.2551895228954052,Low Risk
CUST_004968,2024-05-15,48,57.4,Monthly,7,8,0,8,PayPal,826,82,1,0.7533715070873619,Critical Risk
CUST_004969,2023-06-27,31,76.96,Monthly,2,4,2,7,Invoice,1557,81,1,0.7740820933679063,Critical Risk
CUST_004970,2025-08-02,19,82.9,Annual,11,12,1,7,Credit Card,628,78,0,0.3349310169754293,Medium Risk
CUST_004971,2024-06-17,9,127.89,Annual,11,13,1,9,PayPal,1264,87,0,0.34727863875077053,Medium Risk
CUST_004972,2026-01-07,29,36.34,Annual,4,11,2,1,Credit Card,992,54,1,0.37629467701254327,Medium Risk
CUST_004973,2023-12-24,54,162.96,Annual,9,10,5,8,PayPal,688,95,1,0.7997861440377149,Critical Risk
CUST_004974,2024-06-09,58,110.28,Monthly,9,10,7,9,PayPal,1066,100,1,0.5915074250966582,High Risk
CUST_004975,2023-04-14,51,27.58,Monthly,6,9,2,2,Credit Card,638,61,1,0.5842958586550971,High Risk
CUST_004976,2023-04-23,39,18.68,Quarterly,10,12,0,4,PayPal,373,58,1,0.42025679968092605,Medium Risk
CUST_004977,2025-06-13,4,38.58,Monthly,6,12,1,8,PayPal,1603,83,1,0.849200136182531,Critical Risk
CUST_004978,2023-09-15,3,35.7,Monthly,8,10,4,8,ACH,448,95,1,0.8506460607663857,Critical Risk
CUST_004979,2026-01-09,56,52.87,Monthly,8,8,5,3,Invoice,1598,72,1,0.760154785733917,Critical Risk
CUST_004980,2021-06-05,29,53.78,Monthly,5,9,1,1,PayPal,1610,51,1,0.7591868173667388,Critical Risk
CUST_004981,2023-05-17,52,79.31,Monthly,4,10,1,7,PayPal,1750,80,0,0.4765942986862896,Medium Risk
CUST_004982,2025-11-30,11,45.66,Quarterly,6,13,4,1,Credit Card,1614,57,1,0.704920460431825,Critical Risk
CUST_004983,2022-06-05,33,15.54,Quarterly,13,6,3,7,Credit Card,1136,94,1,0.7766488049737929,Critical Risk
CUST_004984,2021-10-24,38,107.7,Quarterly,9,10,2,8,ACH,580,90,0,0.2651062401440708,Low Risk
CUST_004985,2022-10-21,58,28.54,Quarterly,4,5,1,3,Credit Card,588,65,0,0.2875841421937247,Low Risk
CUST_004986,2025-06-22,11,187.54,Quarterly,11,10,4,10,Invoice,702,100,0,0.31310557464620353,Medium Risk
CUST_004987,2021-07-29,27,16.27,Annual,18,7,1,2,ACH,376,58,1,0.8165193398911564,Critical Risk
CUST_004988,2023-06-03,33,168.8,Monthly,9,6,3,4,Invoice,719,79,0,0.3427372516729156,Medium Risk
CUST_004989,2026-01-18,21,14.77,Annual,8,14,1,1,Invoice,1759,46,1,0.8313301300149125,Critical Risk
CUST_004990,2023-01-02,39,23.14,Monthly,7,12,2,2,PayPal,574,58,0,0.6824207352092105,High Risk
CUST_004991,2022-06-08,31,12.38,Monthly,13,9,3,9,Invoice,718,100,1,0.5297723594755561,High Risk
CUST_004992,2022-10-09,38,71.06,Monthly,7,10,2,8,ACH,1252,90,0,0.4740571258386005,Medium Risk
CUST_004993,2025-05-14,46,104.96,Annual,7,7,2,9,ACH,423,98,0,0.2547418267691739,Low Risk
CUST_004994,2023-07-22,2,38.46,Monthly,6,12,2,1,PayPal,1142,53,0,0.6587846364447455,High Risk
CUST_004995,2021-06-25,27,141.92,Monthly,4,17,2,10,Credit Card,1404,93,1,0.7221952986701143,Critical Risk
CUST_004996,2024-04-30,36,54.62,Monthly,10,8,5,6,Invoice,1737,87,0,0.43710764995863394,Medium Risk
CUST_004997,2021-12-11,11,59.71,Quarterly,11,12,1,1,Invoice,810,48,1,0.7726761119550106,Critical Risk
CUST_004998,2024-05-24,47,103.35,Annual,9,11,0,7,PayPal,1562,74,0,0.38254077209424026,Medium Risk
CUST_004999,2022-10-31,18,27.61,Quarterly,6,5,0,10,Credit Card,252,95,0,0.2395884676232039,Low Risk
CUST_005000,2024-07-21,59,31.87,Monthly,7,9,0,5,ACH,570,66,1,0.6973206571284893,High Risk
