customer_id,signup_date,subscription_months,monthly_spend,contract_type,monthly_logins,last_active_days_ago,support_tickets_6mo,features_used,payment_method,customer_age_days,engagement_score,churn
CUST_000001,2023-04-02,56,62.11,Quarterly,10,10,4,5,Invoice,228,80,0
CUST_000002,2022-05-04,51,16.87,Quarterly,4,14,2,7,PayPal,271,81,1
CUST_000003,2023-12-24,21,62.52,Quarterly,9,5,2,3,ACH,1146,70,1
CUST_000004,2022-10-16,35,212.23,Quarterly,12,7,1,3,ACH,109,63,1
CUST_000005,2023-03-29,12,131.42,Monthly,13,7,1,1,Credit Card,357,53,0
CUST_000006,2023-05-03,26,38.91,Quarterly,8,10,2,3,Invoice,976,65,0
CUST_000007,2021-08-12,51,12.04,Monthly,10,7,2,1,Credit Card,1496,58,0
CUST_000008,2023-06-23,19,32.49,Quarterly,4,12,2,4,Invoice,49,68,1
CUST_000009,2021-11-06,45,97.55,Monthly,9,12,3,10,Invoice,663,100,1
CUST_000010,2026-01-01,7,70.45,Annual,7,12,3,5,PayPal,688,78,1
CUST_000011,2025-01-21,47,40.75,Annual,11,11,4,10,Credit Card,813,100,1
CUST_000012,2022-12-11,55,12.83,Monthly,5,14,0,9,ACH,1115,81,1
CUST_000013,2025-06-06,7,37.83,Monthly,6,6,2,1,ACH,1338,59,1
CUST_000014,2022-04-11,26,41.65,Quarterly,8,10,0,8,PayPal,895,80,1
CUST_000015,2026-02-04,40,141.94,Quarterly,6,13,2,4,Invoice,1401,67,0
CUST_000016,2022-07-06,5,61.23,Monthly,3,5,3,4,PayPal,831,80,1
CUST_000017,2023-04-05,21,28.67,Annual,6,9,3,1,PayPal,366,61,1
CUST_000018,2023-12-13,14,47.26,Annual,7,5,0,8,Credit Card,1569,85,0
CUST_000019,2021-09-18,4,13.42,Monthly,11,8,5,5,Invoice,1105,82,0
CUST_000020,2025-12-23,23,189.8,Monthly,7,9,1,3,ACH,127,61,1
CUST_000021,2021-09-20,42,32.32,Quarterly,9,9,2,5,Credit Card,1083,76,0
CUST_000022,2022-09-08,20,42.49,Annual,4,7,5,7,ACH,778,93,0
CUST_000023,2024-03-24,15,31.95,Annual,7,11,1,9,PayPal,728,89,1
CUST_000024,2025-05-24,50,67.37,Annual,9,8,1,9,Invoice,1373,92,1
CUST_000025,2022-03-09,52,64.27,Monthly,9,6,1,7,ACH,1731,84,0
CUST_000026,2022-05-26,45,72.82,Monthly,6,8,2,9,ACH,764,97,1
CUST_000027,2024-02-17,29,25.61,Monthly,6,6,2,9,PayPal,1352,99,1
CUST_000028,2025-04-12,8,28.97,Monthly,7,19,1,3,Invoice,1405,51,1
CUST_000029,2023-01-03,41,16.69,Annual,7,7,2,5,PayPal,853,78,0
CUST_000030,2023-09-20,48,63.28,Quarterly,6,12,1,2,ACH,255,53,0
CUST_000031,2025-07-30,19,12.03,Monthly,13,13,2,10,Credit Card,1546,97,0
CUST_000032,2023-02-03,48,55.53,Monthly,6,8,4,5,Invoice,1263,82,0
CUST_000033,2025-01-28,39,111.89,Annual,7,15,1,7,Invoice,675,75,1
CUST_000034,2022-09-03,46,120.74,Quarterly,6,22,1,5,Invoice,784,60,0
CUST_000035,2026-04-11,28,39.8,Annual,10,12,3,8,PayPal,1312,93,1
CUST_000036,2025-08-23,46,40.74,Quarterly,2,16,0,10,PayPal,1477,74,1
CUST_000037,2024-04-15,57,14.0,Annual,5,8,1,2,Credit Card,875,57,0
CUST_000038,2023-12-28,27,65.55,Annual,8,21,2,6,Credit Card,144,70,0
CUST_000039,2021-12-30,4,96.09,Monthly,5,11,2,10,Credit Card,1053,99,0
CUST_000040,2025-01-13,58,24.03,Monthly,5,12,1,6,Credit Card,208,73,1
CUST_000041,2023-05-16,15,37.35,Monthly,8,13,1,4,Invoice,440,62,0
CUST_000042,2024-12-08,35,101.27,Annual,8,6,4,1,PayPal,1474,64,1
CUST_000043,2021-08-31,37,114.83,Quarterly,6,9,1,6,Invoice,1079,76,1
CUST_000044,2022-03-25,1,23.93,Quarterly,3,10,4,9,Credit Card,747,100,1
CUST_000045,2024-06-02,3,49.99,Monthly,7,6,1,1,Credit Card,1753,54,1
CUST_000046,2023-08-31,47,20.69,Monthly,8,9,2,6,Credit Card,1409,81,1
CUST_000047,2025-10-25,24,15.37,Monthly,7,16,1,4,Invoice,1653,59,1
CUST_000048,2023-09-18,27,131.02,Monthly,10,13,0,9,Invoice,690,82,1
CUST_000049,2024-06-15,40,95.88,Annual,13,14,3,9,ACH,862,96,0
CUST_000050,2023-09-18,36,81.36,Quarterly,9,10,1,7,PayPal,1479,80,1
CUST_000051,2024-10-17,34,12.5,Quarterly,5,4,3,1,PayPal,125,66,1
CUST_000052,2021-12-24,29,102.81,Annual,5,9,1,3,Credit Card,488,61,1
CUST_000053,2022-11-12,24,38.82,Quarterly,6,6,3,1,PayPal,343,64,1
CUST_000054,2024-01-22,24,30.96,Annual,14,7,0,5,Credit Card,285,68,0
CUST_000055,2022-02-24,42,49.54,Monthly,10,15,3,7,PayPal,1646,85,1
CUST_000056,2023-03-05,4,14.79,Annual,9,7,1,5,Credit Card,1627,73,1
CUST_000057,2022-03-16,3,80.66,Annual,9,9,3,3,PayPal,1376,71,1
CUST_000058,2024-07-25,34,53.67,Annual,3,8,3,5,ACH,898,82,0
CUST_000059,2026-04-12,57,20.33,Monthly,4,9,2,9,ACH,826,96,1
CUST_000060,2024-01-13,49,20.43,Monthly,8,8,0,3,Credit Card,1200,57,1
CUST_000061,2025-11-17,23,20.18,Monthly,11,8,1,10,Invoice,392,97,0
CUST_000062,2022-10-13,53,12.93,Quarterly,10,16,4,6,Credit Card,914,79,1
CUST_000063,2025-04-10,56,54.31,Monthly,6,11,5,2,PayPal,382,64,1
CUST_000064,2024-09-09,52,101.74,Annual,10,12,2,4,ACH,526,68,0
CUST_000065,2025-06-21,23,10.88,Annual,13,9,3,7,Invoice,772,91,0
CUST_000066,2026-04-19,45,12.51,Monthly,7,12,2,9,Credit Card,652,93,0
CUST_000067,2025-09-03,5,52.52,Annual,13,8,3,4,PayPal,162,77,1
CUST_000068,2024-03-17,31,95.6,Quarterly,5,9,1,10,ACH,1247,96,1
CUST_000069,2022-08-02,53,29.78,Monthly,10,12,4,3,ACH,1574,68,1
CUST_000070,2024-10-15,41,31.51,Quarterly,11,9,2,7,PayPal,198,86,1
CUST_000071,2023-11-17,57,55.36,Monthly,12,10,2,2,PayPal,1718,60,1
CUST_000072,2022-08-08,57,26.02,Monthly,11,10,0,4,PayPal,657,60,0
CUST_000073,2026-01-31,54,11.35,Quarterly,9,12,1,5,Credit Card,625,68,0
CUST_000074,2022-07-12,6,76.44,Quarterly,6,19,2,3,ACH,872,56,1
CUST_000075,2023-09-20,37,59.13,Quarterly,5,14,1,5,Credit Card,425,66,0
CUST_000076,2022-04-15,57,53.47,Annual,10,11,1,2,PayPal,1374,54,1
CUST_000077,2022-05-12,10,77.68,Quarterly,7,18,1,8,Credit Card,1525,77,0
CUST_000078,2024-12-10,40,66.23,Quarterly,5,10,0,5,PayPal,1390,65,1
CUST_000079,2024-03-18,7,21.53,Quarterly,9,11,4,8,Credit Card,1108,94,1
CUST_000080,2026-03-29,39,31.73,Annual,10,13,0,3,Credit Card,963,52,1
CUST_000081,2025-10-09,38,16.74,Monthly,9,9,3,2,Invoice,584,66,1
CUST_000082,2023-04-24,21,16.95,Quarterly,5,10,2,9,PayPal,1436,95,1
CUST_000083,2021-12-29,20,66.38,Monthly,10,10,1,5,Credit Card,82,70,1
CUST_000084,2022-06-21,3,107.81,Annual,6,10,3,8,PayPal,858,95,0
CUST_000085,2023-07-12,51,174.48,Monthly,12,15,1,10,Invoice,1013,90,1
CUST_000086,2023-07-16,22,59.49,Annual,4,9,2,5,ACH,867,76,1
CUST_000087,2022-06-19,47,20.17,Monthly,9,12,2,6,ACH,459,78,0
CUST_000088,2024-10-14,4,15.58,Monthly,7,7,1,2,ACH,422,58,1
CUST_000089,2023-03-30,28,93.79,Quarterly,3,10,0,1,ACH,992,45,1
CUST_000090,2022-03-24,12,53.23,Monthly,10,9,3,2,ACH,308,66,1
CUST_000091,2024-05-30,38,58.15,Annual,5,8,2,2,Credit Card,828,62,1
CUST_000092,2025-03-27,51,86.04,Monthly,6,9,1,9,ACH,1599,91,0
CUST_000093,2024-05-03,36,70.75,Monthly,9,7,0,7,ACH,515,78,0
CUST_000094,2022-01-04,47,99.93,Monthly,4,9,2,5,Invoice,261,76,1
CUST_000095,2025-11-22,41,12.89,Annual,8,6,3,9,Invoice,1344,100,1
CUST_000096,2025-10-13,5,78.82,Monthly,12,10,3,8,Credit Card,1101,95,1
CUST_000097,2023-08-11,13,105.14,Quarterly,12,8,2,10,ACH,494,100,0
CUST_000098,2025-08-06,23,26.85,Monthly,12,10,2,7,ACH,1586,85,1
CUST_000099,2024-02-07,58,61.14,Monthly,9,14,2,5,Invoice,1809,71,0
CUST_000100,2022-10-16,50,28.86,Monthly,4,15,0,8,Invoice,1632,75,0
CUST_000101,2025-02-01,30,168.47,Monthly,9,6,2,10,Credit Card,323,100,1
CUST_000102,2022-04-08,37,11.7,Annual,5,9,4,5,Credit Card,338,81,0
CUST_000103,2021-07-17,25,53.35,Quarterly,6,9,3,5,Invoice,1344,81,0
CUST_000104,2022-11-04,48,19.11,Annual,7,9,1,5,PayPal,767,71,1
CUST_000105,2023-07-21,27,72.28,Monthly,6,11,1,2,Invoice,1323,54,1
CUST_000106,2021-08-11,51,19.67,Monthly,5,9,3,9,PayPal,1367,100,1
CUST_000107,2025-07-11,14,23.42,Monthly,9,9,2,10,PayPal,1121,100,1
CUST_000108,2021-07-19,57,44.1,Quarterly,10,4,7,6,Credit Card,1638,91,1
CUST_000109,2024-05-13,48,133.16,Monthly,11,16,6,2,Invoice,67,59,1
CUST_000110,2021-06-25,59,21.89,Annual,8,9,5,1,PayPal,684,61,0
CUST_000111,2025-05-30,47,17.79,Monthly,8,10,1,4,Credit Card,467,65,0
CUST_000112,2023-12-06,54,81.14,Monthly,10,8,2,4,Invoice,1575,72,1
CUST_000113,2023-05-22,36,44.72,Monthly,13,8,2,5,Invoice,1809,77,1
CUST_000114,2024-03-02,39,131.4,Monthly,11,8,3,4,ACH,1192,77,1
CUST_000115,2025-09-28,16,17.93,Annual,7,8,1,1,Invoice,1660,52,0
CUST_000116,2024-03-30,56,61.91,Monthly,9,8,4,2,PayPal,144,67,0
CUST_000117,2025-10-27,22,23.26,Annual,8,9,3,6,ACH,1535,86,1
CUST_000118,2025-04-18,21,18.53,Monthly,6,15,2,10,Invoice,535,95,1
CUST_000119,2024-12-26,54,67.51,Quarterly,11,7,0,9,Credit Card,1622,88,0
CUST_000120,2023-06-03,21,55.03,Monthly,7,11,1,8,Invoice,835,84,1
CUST_000121,2023-02-07,8,80.29,Quarterly,9,9,6,7,Credit Card,1390,91,0
CUST_000122,2026-04-18,49,28.51,Quarterly,6,10,2,7,Invoice,225,85,0
CUST_000123,2026-02-27,16,39.71,Quarterly,5,8,4,1,Credit Card,1672,62,0
CUST_000124,2024-11-28,59,36.0,Monthly,11,9,1,5,Invoice,1346,71,1
CUST_000125,2022-08-04,55,217.04,Annual,6,4,3,4,ACH,1327,81,1
CUST_000126,2023-03-07,31,27.28,Monthly,10,9,4,5,ACH,324,81,1
CUST_000127,2024-07-24,42,27.46,Monthly,8,5,3,6,ACH,961,90,1
CUST_000128,2022-03-29,10,31.89,Monthly,13,8,1,6,Invoice,1298,77,0
CUST_000129,2023-05-12,32,51.57,Monthly,9,7,2,10,PayPal,1093,100,0
CUST_000130,2023-02-25,59,24.54,Quarterly,5,7,2,5,Credit Card,36,78,0
CUST_000131,2022-03-02,34,133.43,Monthly,14,11,1,3,ACH,1513,59,1
CUST_000132,2024-09-17,9,25.44,Annual,11,14,1,3,PayPal,176,56,1
CUST_000133,2025-04-06,17,123.08,Annual,7,12,1,8,ACH,1346,83,0
CUST_000134,2021-09-07,11,15.46,Annual,14,12,0,8,Credit Card,1317,78,0
CUST_000135,2025-03-10,32,63.44,Annual,11,16,3,8,PayPal,1767,89,1
CUST_000136,2025-07-18,10,128.75,Monthly,3,4,0,7,PayPal,1729,81,1
CUST_000137,2025-04-19,22,19.24,Annual,16,12,4,5,PayPal,1380,78,1
CUST_000138,2022-03-11,57,182.61,Monthly,6,7,3,6,PayPal,1401,88,0
CUST_000139,2025-09-14,17,40.15,Quarterly,4,7,4,6,PayPal,198,88,0
CUST_000140,2023-07-20,4,155.68,Annual,7,11,2,9,PayPal,1096,94,1
CUST_000141,2026-03-23,48,66.48,Quarterly,13,9,2,5,Invoice,478,76,1
CUST_000142,2023-06-16,52,27.95,Monthly,7,10,1,7,Credit Card,1619,80,1
CUST_000143,2025-12-19,47,20.43,Monthly,9,13,1,9,Credit Card,1274,87,1
CUST_000144,2025-10-14,25,28.1,Monthly,8,18,1,9,PayPal,276,82,0
CUST_000145,2024-03-14,59,14.88,Monthly,11,15,4,1,Credit Card,1267,55,1
CUST_000146,2023-10-16,21,17.77,Monthly,5,7,2,7,Credit Card,403,88,1
CUST_000147,2023-06-11,37,15.53,Annual,7,9,1,9,ACH,179,91,1
CUST_000148,2023-05-27,38,37.49,Monthly,6,10,1,4,ACH,460,65,0
CUST_000149,2024-12-16,49,89.38,Annual,9,14,2,3,Invoice,970,61,1
CUST_000150,2025-03-22,1,17.62,Quarterly,8,4,4,1,ACH,1781,66,1
CUST_000151,2021-12-17,25,16.98,Annual,5,8,3,7,PayPal,1718,92,0
CUST_000152,2021-07-16,51,61.56,Monthly,7,5,0,8,ACH,571,85,0
CUST_000153,2024-02-18,36,20.98,Monthly,6,10,2,9,Credit Card,228,95,1
CUST_000154,2026-01-24,17,15.14,Monthly,11,10,0,3,Invoice,533,55,1
CUST_000155,2024-06-18,41,19.13,Monthly,12,15,1,3,Invoice,672,55,1
CUST_000156,2024-05-07,24,138.67,Annual,10,10,2,1,ACH,1379,55,1
CUST_000157,2022-01-13,2,96.15,Monthly,7,7,3,5,PayPal,1133,83,1
CUST_000158,2023-09-15,40,31.85,Quarterly,12,6,1,8,PayPal,874,89,0
CUST_000159,2021-07-05,15,63.33,Annual,10,7,1,7,Invoice,804,83,1
CUST_000160,2024-08-28,32,48.53,Annual,7,11,0,7,Invoice,58,74,1
CUST_000161,2022-04-08,39,66.52,Monthly,11,4,1,4,Credit Card,468,71,1
CUST_000162,2024-07-29,59,67.39,Monthly,10,11,0,1,Invoice,1000,44,1
CUST_000163,2021-06-05,6,59.54,Annual,4,24,1,7,Credit Card,543,70,1
CUST_000164,2023-07-09,1,25.47,Monthly,6,10,1,3,ACH,411,60,0
CUST_000165,2022-12-08,47,11.99,Monthly,12,8,4,5,Invoice,245,82,0
CUST_000166,2024-12-16,23,40.4,Monthly,8,12,2,9,ACH,439,93,1
CUST_000167,2024-03-27,58,120.81,Monthly,14,15,1,3,ACH,970,55,1
CUST_000168,2025-03-31,39,52.14,Annual,6,8,2,2,PayPal,339,62,0
CUST_000169,2023-12-14,57,99.31,Monthly,13,14,3,10,ACH,1555,100,1
CUST_000170,2024-02-28,17,249.12,Annual,7,17,2,8,ACH,835,83,1
CUST_000171,2025-04-05,34,18.93,Monthly,15,15,2,2,Credit Card,38,55,0
CUST_000172,2025-10-08,59,68.85,Annual,12,12,0,6,Invoice,1283,68,0
CUST_000173,2023-06-29,41,66.09,Quarterly,15,11,3,6,PayPal,129,84,1
CUST_000174,2022-01-06,29,205.49,Quarterly,2,9,2,2,Invoice,1635,51,0
CUST_000175,2023-11-23,9,222.03,Monthly,10,8,3,5,PayPal,1619,82,0
CUST_000176,2022-04-09,13,68.03,Monthly,3,10,1,1,Invoice,1484,50,1
CUST_000177,2021-08-22,6,23.96,Monthly,6,12,2,7,Credit Card,1403,83,1
CUST_000178,2021-12-16,6,90.11,Annual,7,8,2,2,PayPal,1771,62,1
CUST_000179,2023-12-21,20,15.66,Annual,9,11,2,9,Credit Card,973,94,1
CUST_000180,2024-04-20,52,85.87,Annual,5,15,1,1,Credit Card,747,45,1
CUST_000181,2022-11-15,53,130.51,Monthly,10,6,5,4,Credit Card,623,79,0
CUST_000182,2024-10-16,3,34.13,Annual,10,15,1,6,ACH,1661,70,0
CUST_000183,2023-07-17,17,59.8,Monthly,7,5,3,3,Invoice,1143,75,0
CUST_000184,2026-01-27,49,38.12,Annual,10,10,2,6,ACH,572,80,1
CUST_000185,2021-07-10,12,38.79,Monthly,10,10,2,4,PayPal,1274,70,1
CUST_000186,2025-01-03,48,28.58,Annual,7,6,3,2,Credit Card,619,69,1
CUST_000187,2022-06-02,47,81.8,Monthly,11,15,5,10,ACH,1542,100,0
CUST_000188,2025-09-14,45,147.58,Monthly,10,6,3,5,Invoice,1117,84,1
CUST_000189,2024-04-14,55,151.3,Annual,4,11,4,10,PayPal,334,100,1
CUST_000190,2021-09-27,1,19.61,Monthly,12,11,1,8,PayPal,926,84,1
CUST_000191,2023-01-24,17,113.87,Annual,7,11,4,2,Credit Card,959,64,1
CUST_000192,2024-11-08,3,76.86,Annual,6,13,2,6,Credit Card,1213,77,1
CUST_000193,2023-06-08,26,24.57,Annual,5,10,1,8,PayPal,1244,85,1
CUST_000194,2024-11-24,15,13.48,Monthly,10,12,2,6,PayPal,1805,78,0
CUST_000195,2023-02-04,36,25.6,Monthly,9,12,3,5,PayPal,860,78,1
CUST_000196,2021-08-14,32,131.64,Annual,8,10,1,3,ACH,209,60,0
CUST_000197,2022-11-13,32,60.14,Monthly,11,9,1,8,Invoice,196,86,1
CUST_000198,2023-04-19,4,73.84,Annual,13,12,4,10,Invoice,1129,100,1
CUST_000199,2024-10-02,18,24.86,Monthly,9,12,2,2,ACH,1101,58,0
CUST_000200,2024-06-20,49,73.54,Monthly,5,14,5,10,PayPal,160,100,0
CUST_000201,2024-10-23,19,11.43,Monthly,10,13,6,9,PayPal,1296,97,0
CUST_000202,2021-12-17,43,33.53,Monthly,7,6,2,8,PayPal,427,94,0
CUST_000203,2023-07-25,52,59.28,Monthly,9,7,2,6,ACH,1079,83,0
CUST_000204,2024-07-26,35,17.9,Annual,5,7,0,9,Invoice,1344,88,1
CUST_000205,2024-02-27,40,96.58,Annual,8,12,2,6,Credit Card,1268,78,1
CUST_000206,2023-06-16,14,23.4,Monthly,5,6,3,8,Invoice,545,99,1
CUST_000207,2021-11-01,58,62.82,Quarterly,7,8,0,5,Credit Card,458,67,1
CUST_000208,2022-01-04,33,35.98,Annual,6,6,1,7,PayPal,823,84,1
CUST_000209,2022-08-08,14,55.32,Quarterly,11,9,5,2,ACH,1282,66,1
CUST_000210,2022-08-17,34,15.68,Annual,8,9,1,1,ACH,904,51,0
CUST_000211,2021-10-12,55,10.85,Annual,9,12,2,8,PayPal,722,88,1
CUST_000212,2022-02-23,4,130.16,Monthly,11,9,2,5,Invoice,782,76,0
CUST_000213,2022-07-31,24,25.71,Monthly,13,11,2,9,PayPal,477,94,1
CUST_000214,2022-03-28,59,95.65,Monthly,14,9,1,7,PayPal,1719,81,1
CUST_000215,2022-11-25,29,376.95,Annual,11,13,2,4,ACH,1399,67,0
CUST_000216,2025-10-25,19,21.88,Monthly,12,5,2,5,Invoice,1787,80,0
CUST_000217,2022-12-01,6,25.41,Annual,5,19,0,3,Credit Card,1168,46,1
CUST_000218,2022-06-24,57,64.36,Monthly,9,11,0,5,ACH,1433,64,0
CUST_000219,2022-07-02,33,178.27,Quarterly,8,10,2,10,ACH,1722,100,1
CUST_000220,2022-10-04,49,133.74,Monthly,4,6,1,4,ACH,125,69,1
CUST_000221,2024-08-08,40,44.95,Monthly,7,8,6,3,Credit Card,602,72,0
CUST_000222,2024-08-13,19,89.26,Monthly,5,11,2,8,Credit Card,171,89,1
CUST_000223,2023-09-03,53,17.29,Monthly,15,7,6,4,Credit Card,762,78,1
CUST_000224,2021-06-29,1,199.57,Monthly,8,10,2,10,Invoice,210,100,1
CUST_000225,2022-10-28,5,176.7,Annual,8,15,3,4,PayPal,994,70,1
CUST_000226,2022-07-20,27,18.94,Monthly,10,7,2,8,Invoice,1211,93,1
CUST_000227,2024-05-23,16,27.79,Monthly,7,14,0,5,Invoice,1075,61,1
CUST_000228,2022-04-14,6,15.28,Quarterly,9,7,1,5,Credit Card,1518,73,0
CUST_000229,2022-05-29,40,25.85,Monthly,10,5,4,5,PayPal,123,85,1
CUST_000230,2024-07-23,13,94.63,Quarterly,11,15,1,6,Invoice,675,70,0
CUST_000231,2025-06-19,48,33.77,Quarterly,3,11,2,5,Invoice,582,74,1
CUST_000232,2021-09-05,35,14.63,Monthly,10,11,1,1,PayPal,1306,49,1
CUST_000233,2022-12-01,19,30.94,Monthly,9,14,1,1,Credit Card,1153,46,1
CUST_000234,2022-11-22,12,209.18,Monthly,8,9,2,6,PayPal,1139,81,0
CUST_000235,2024-06-18,16,59.67,Annual,4,13,1,2,ACH,332,52,1
CUST_000236,2024-07-08,59,36.91,Annual,8,7,1,3,PayPal,1332,63,1
CUST_000237,2022-07-05,43,19.11,Annual,8,13,0,6,ACH,1386,67,0
CUST_000238,2021-09-10,10,224.07,Annual,4,9,2,2,Invoice,527,61,1
CUST_000239,2021-11-13,25,95.98,Monthly,8,11,2,6,PayPal,1283,79,1
CUST_000240,2022-03-29,20,26.53,Quarterly,5,7,1,6,PayPal,210,78,0
CUST_000241,2022-11-23,31,13.63,Annual,5,10,1,2,Credit Card,709,55,1
CUST_000242,2021-08-21,4,12.91,Annual,8,9,2,10,Invoice,393,100,1
CUST_000243,2023-03-23,44,16.41,Quarterly,10,12,2,2,ACH,924,58,1
CUST_000244,2022-03-04,23,53.47,Annual,5,11,3,7,ACH,474,89,0
CUST_000245,2025-02-15,2,142.09,Monthly,9,3,2,9,Credit Card,877,100,1
CUST_000246,2024-10-16,56,44.33,Monthly,6,12,0,1,ACH,43,43,1
CUST_000247,2022-10-19,22,102.56,Monthly,8,8,2,8,ACH,307,92,1
CUST_000248,2022-02-19,51,39.52,Monthly,12,11,3,4,ACH,1377,74,1
CUST_000249,2022-06-23,57,71.65,Quarterly,10,6,1,6,ACH,780,79,0
CUST_000250,2022-06-22,37,75.81,Monthly,4,12,3,3,Credit Card,1134,68,1
CUST_000251,2023-03-23,8,19.56,Annual,10,10,1,10,Invoice,1440,95,1
CUST_000252,2021-11-08,7,32.41,Annual,12,10,2,1,Credit Card,736,55,0
CUST_000253,2021-10-27,14,60.71,Monthly,6,3,5,1,PayPal,1766,67,1
CUST_000254,2023-09-24,56,13.67,Quarterly,8,8,1,5,Credit Card,1475,72,1
CUST_000255,2023-04-24,55,32.43,Quarterly,4,10,2,4,PayPal,1572,70,0
CUST_000256,2024-06-03,3,48.26,Annual,10,11,0,8,ACH,426,79,0
CUST_000257,2026-01-10,50,288.96,Monthly,8,12,3,3,Credit Card,381,68,1
CUST_000258,2026-05-01,16,42.17,Monthly,12,8,3,3,Invoice,1492,72,1
CUST_000259,2024-07-30,55,94.66,Monthly,9,8,0,2,Invoice,783,52,1
CUST_000260,2025-09-25,19,38.29,Monthly,4,6,4,9,Invoice,1823,100,0
CUST_000261,2021-12-25,51,89.58,Annual,7,7,1,5,PayPal,649,73,0
CUST_000262,2023-12-30,18,55.24,Quarterly,6,14,1,9,Invoice,1730,86,0
CUST_000263,2021-07-08,52,118.84,Annual,10,12,1,7,PayPal,1419,78,1
CUST_000264,2022-12-01,16,36.46,Quarterly,10,12,1,8,ACH,265,83,1
CUST_000265,2025-04-13,8,56.36,Annual,13,4,3,7,PayPal,746,96,0
CUST_000266,2022-06-06,33,59.72,Monthly,11,7,1,5,ACH,378,73,0
CUST_000267,2021-10-14,49,37.01,Quarterly,16,8,1,2,Credit Card,746,57,0
CUST_000268,2023-03-06,12,17.79,Monthly,6,7,1,8,ACH,975,88,0
CUST_000269,2023-05-22,53,14.91,Quarterly,9,9,1,5,Credit Card,177,71,0
CUST_000270,2021-08-29,11,10.84,Monthly,16,11,1,8,Invoice,846,84,1
CUST_000271,2024-05-03,5,113.39,Monthly,9,7,1,5,Invoice,1814,73,0
CUST_000272,2021-09-10,27,23.49,Quarterly,7,9,2,1,Invoice,936,56,1
CUST_000273,2021-08-03,12,21.88,Annual,3,17,3,10,Credit Card,1541,98,1
CUST_000274,2022-05-24,17,76.6,Quarterly,3,7,2,9,PayPal,335,98,0
CUST_000275,2025-08-29,6,29.28,Quarterly,6,14,1,5,Invoice,582,66,1
CUST_000276,2024-01-18,33,45.27,Monthly,4,9,1,2,ACH,148,56,1
CUST_000277,2022-05-01,5,18.87,Annual,15,6,4,4,Invoice,614,79,1
CUST_000278,2025-10-12,57,170.63,Monthly,11,14,3,1,ACH,1057,56,1
CUST_000279,2023-01-11,28,105.39,Annual,9,13,3,4,Invoice,584,72,1
CUST_000280,2025-12-31,14,109.68,Annual,5,10,4,5,PayPal,1772,80,0
CUST_000281,2025-03-28,5,36.11,Monthly,13,13,1,2,ACH,769,52,0
CUST_000282,2024-03-27,54,81.85,Annual,8,8,1,6,ACH,60,77,1
CUST_000283,2025-07-13,56,17.77,Annual,4,9,2,4,PayPal,553,71,0
CUST_000284,2025-07-27,59,10.43,Monthly,10,5,1,5,Credit Card,1650,75,1
CUST_000285,2023-12-01,33,11.01,Quarterly,11,9,1,10,ACH,1421,96,1
CUST_000286,2021-11-11,50,54.17,Annual,6,8,6,10,Invoice,443,100,0
CUST_000287,2025-10-17,48,40.38,Quarterly,11,7,3,5,Credit Card,713,83,0
CUST_000288,2023-08-25,41,46.49,Monthly,7,9,2,4,PayPal,1012,71,1
CUST_000289,2022-02-18,19,10.37,Monthly,4,15,2,1,PayPal,872,50,1
CUST_000290,2024-04-11,22,37.47,Annual,5,11,1,5,Credit Card,1089,69,1
CUST_000291,2025-12-10,5,73.3,Monthly,6,6,2,4,ACH,566,74,1
CUST_000292,2024-09-01,59,39.23,Quarterly,6,9,2,6,Credit Card,868,81,0
CUST_000293,2022-12-25,2,75.88,Monthly,9,6,0,7,ACH,869,79,1
CUST_000294,2023-03-12,30,23.26,Annual,8,9,2,4,Credit Card,406,71,1
CUST_000295,2025-10-28,47,93.87,Annual,7,7,3,3,PayPal,435,73,0
CUST_000296,2022-08-22,39,54.39,Monthly,8,11,1,1,ACH,577,49,1
CUST_000297,2025-01-24,4,21.83,Monthly,10,8,4,2,ACH,1667,67,1
CUST_000298,2022-07-30,33,23.51,Annual,9,10,3,1,ACH,1184,60,1
CUST_000299,2021-06-03,13,59.45,Annual,7,18,1,9,PayPal,107,82,1
CUST_000300,2024-07-12,20,98.58,Monthly,9,9,2,4,PayPal,1592,71,0
CUST_000301,2024-03-30,54,36.86,Quarterly,16,11,4,7,ACH,513,89,0
CUST_000302,2023-09-21,7,24.94,Monthly,5,15,3,6,PayPal,887,80,1
CUST_000303,2025-03-26,15,110.87,Monthly,7,6,3,1,Credit Card,548,64,0
CUST_000304,2022-08-02,23,65.32,Annual,12,11,4,2,Credit Card,450,64,0
CUST_000305,2022-02-18,14,39.72,Monthly,8,9,0,4,Invoice,1097,61,1
CUST_000306,2025-12-07,23,43.46,Quarterly,8,7,2,6,Invoice,1125,83,1
CUST_000307,2023-02-16,19,21.42,Monthly,8,11,5,5,Invoice,1669,79,1
CUST_000308,2023-12-21,54,59.28,Monthly,15,15,4,3,PayPal,985,65,0
CUST_000309,2021-08-02,29,32.22,Monthly,7,9,2,9,PayPal,1368,96,0
CUST_000310,2024-12-30,56,281.82,Annual,7,7,1,7,ACH,721,83,0
CUST_000311,2023-10-17,20,42.71,Annual,7,11,0,6,PayPal,161,69,0
CUST_000312,2021-10-12,29,43.27,Annual,6,7,1,5,ACH,520,73,1
CUST_000313,2024-10-29,24,51.72,Monthly,7,10,1,8,Invoice,1808,85,1
CUST_000314,2025-05-30,18,134.3,Monthly,8,7,4,8,Invoice,1183,98,1
CUST_000315,2023-12-13,10,90.68,Quarterly,13,12,1,10,Credit Card,785,93,0
CUST_000316,2024-07-31,41,39.99,Monthly,10,7,1,10,ACH,1298,98,0
CUST_000317,2025-01-15,57,73.42,Quarterly,9,6,3,10,PayPal,1778,100,1
CUST_000318,2025-12-03,8,54.12,Monthly,10,12,1,10,Invoice,257,93,0
CUST_000319,2022-05-25,26,43.9,Quarterly,7,6,0,5,Credit Card,241,69,1
CUST_000320,2022-09-19,29,20.68,Monthly,5,5,2,1,ACH,699,60,0
CUST_000321,2021-11-10,10,41.18,Annual,11,12,0,3,PayPal,973,53,0
CUST_000322,2025-08-13,17,24.11,Monthly,11,9,1,4,PayPal,392,66,0
CUST_000323,2021-06-10,2,133.16,Monthly,12,6,2,1,Invoice,671,59,0
CUST_000324,2025-12-10,6,30.43,Monthly,7,18,1,1,PayPal,1669,42,0
CUST_000325,2025-05-22,58,162.1,Monthly,7,10,1,4,Credit Card,440,65,1
CUST_000326,2024-08-17,5,48.08,Monthly,10,9,4,4,PayPal,946,76,0
CUST_000327,2023-07-21,28,59.92,Annual,5,6,4,7,Credit Card,758,94,1
CUST_000328,2021-12-19,41,49.15,Annual,12,10,2,6,PayPal,1658,80,0
CUST_000329,2023-12-04,5,16.93,Annual,10,13,2,1,PayPal,418,52,0
CUST_000330,2026-05-01,18,33.57,Annual,15,11,1,1,Credit Card,822,49,0
CUST_000331,2023-11-18,26,15.22,Annual,8,7,1,6,Credit Card,775,78,0
CUST_000332,2022-09-13,20,58.77,Monthly,14,11,3,7,Credit Card,1613,89,1
CUST_000333,2025-08-22,41,39.61,Monthly,16,13,1,2,Invoice,1064,52,0
CUST_000334,2021-09-30,49,85.25,Monthly,5,13,2,3,Invoice,1534,62,1
CUST_000335,2025-02-04,27,22.45,Quarterly,12,7,1,2,ACH,778,58,0
CUST_000336,2023-06-07,49,18.99,Monthly,11,11,3,6,PayPal,48,84,0
CUST_000337,2023-02-04,12,36.07,Monthly,9,11,3,1,Credit Card,262,59,1
CUST_000338,2023-07-23,7,140.58,Annual,3,8,3,7,ACH,1327,92,0
CUST_000339,2026-04-24,59,71.97,Monthly,15,7,2,10,Invoice,783,100,1
CUST_000340,2022-11-23,3,37.14,Quarterly,3,7,3,2,ACH,1060,68,1
CUST_000341,2023-04-06,10,46.42,Quarterly,6,13,1,5,Credit Card,884,67,0
CUST_000342,2021-09-23,34,14.4,Monthly,5,14,2,1,Invoice,33,51,1
CUST_000343,2024-02-07,25,218.59,Monthly,14,20,2,10,Invoice,178,90,1
CUST_000344,2025-10-07,35,64.89,Monthly,9,12,0,10,PayPal,1181,88,1
CUST_000345,2023-03-05,16,26.8,Annual,17,12,0,7,Credit Card,70,73,1
CUST_000346,2025-03-25,2,54.07,Monthly,8,8,0,5,Invoice,618,67,0
CUST_000347,2025-12-02,24,15.8,Annual,4,8,2,5,Credit Card,1784,77,0
CUST_000348,2026-03-10,10,178.83,Annual,13,10,3,8,PayPal,419,95,1
CUST_000349,2023-03-16,38,19.61,Monthly,13,7,1,8,ACH,1514,88,1
CUST_000350,2021-09-09,22,62.21,Monthly,9,10,2,8,ACH,988,90,1
CUST_000351,2024-08-13,26,24.08,Annual,6,8,0,3,PayPal,1199,57,0
CUST_000352,2024-09-23,43,73.21,Monthly,6,12,4,8,PayPal,824,93,1
CUST_000353,2021-10-27,55,84.99,Quarterly,8,9,3,5,Invoice,1524,81,0
CUST_000354,2022-05-20,39,65.95,Monthly,5,13,1,1,PayPal,715,47,1
CUST_000355,2022-05-18,27,57.66,Annual,8,13,2,4,ACH,1431,67,0
CUST_000356,2026-01-19,29,121.5,Quarterly,9,7,2,5,Invoice,843,78,1
CUST_000357,2025-08-22,47,14.09,Quarterly,13,9,2,8,Invoice,1532,91,0
CUST_000358,2022-11-29,38,30.09,Monthly,5,11,1,10,Invoice,626,94,1
CUST_000359,2023-03-24,20,24.27,Monthly,8,9,2,2,PayPal,1610,61,1
CUST_000360,2024-12-09,27,231.2,Annual,7,13,1,6,Credit Card,1096,72,1
CUST_000361,2022-03-28,41,34.66,Monthly,9,16,4,4,Invoice,749,69,0
CUST_000362,2026-01-24,54,75.95,Monthly,11,6,2,3,Credit Card,1103,69,1
CUST_000363,2025-12-01,20,67.72,Quarterly,3,10,2,9,PayPal,260,95,0
CUST_000364,2023-11-01,44,21.92,Monthly,11,10,1,5,Credit Card,1330,70,1
CUST_000365,2023-12-07,19,23.66,Monthly,9,7,1,2,PayPal,1550,58,1
CUST_000366,2025-05-30,20,26.51,Monthly,5,14,5,3,Invoice,1693,66,1
CUST_000367,2021-08-07,35,36.48,Annual,6,10,4,9,ACH,1342,100,1
CUST_000368,2024-02-01,47,23.35,Annual,6,7,1,8,ACH,249,88,0
CUST_000369,2023-02-01,2,10.99,Monthly,4,11,3,6,Credit Card,59,84,1
CUST_000370,2021-07-24,30,115.76,Monthly,3,17,4,8,ACH,923,88,0
CUST_000371,2023-09-19,53,178.5,Monthly,7,13,1,1,Invoice,1762,47,1
CUST_000372,2021-09-01,34,30.89,Annual,2,7,4,2,PayPal,1086,58,0
CUST_000373,2025-11-23,22,30.66,Monthly,9,6,2,6,Credit Card,1046,84,0
CUST_000374,2021-12-11,3,10.36,Quarterly,6,14,1,5,PayPal,104,66,0
CUST_000375,2024-02-22,6,67.01,Monthly,4,9,2,1,PayPal,278,56,1
CUST_000376,2025-03-31,15,97.27,Quarterly,12,8,3,4,PayPal,124,77,1
CUST_000377,2022-10-10,27,17.93,Monthly,4,6,0,8,ACH,242,84,1
CUST_000378,2024-02-07,10,18.7,Annual,7,15,4,9,Invoice,1142,95,1
CUST_000379,2022-02-25,9,88.05,Monthly,9,8,2,1,Invoice,1199,57,1
CUST_000380,2022-06-17,33,57.89,Monthly,6,7,4,2,PayPal,937,68,0
CUST_000381,2023-03-01,32,12.29,Quarterly,8,15,2,3,ACH,512,60,1
CUST_000382,2022-12-31,48,58.72,Quarterly,7,9,4,7,PayPal,477,91,1
CUST_000383,2025-03-28,6,28.47,Monthly,8,20,0,5,PayPal,1338,55,1
CUST_000384,2024-08-01,41,33.0,Annual,9,9,4,2,ACH,1771,66,1
CUST_000385,2023-06-11,59,83.43,Annual,8,9,2,3,Credit Card,362,66,1
CUST_000386,2024-06-14,36,93.28,Quarterly,8,9,1,8,Credit Card,816,86,1
CUST_000387,2025-01-28,59,35.57,Monthly,8,5,3,4,ACH,1137,80,1
CUST_000388,2023-09-21,2,157.02,Annual,8,17,1,10,Credit Card,287,88,1
CUST_000389,2025-01-18,29,36.08,Monthly,7,7,0,9,ACH,1321,88,0
CUST_000390,2022-07-04,4,83.88,Monthly,12,9,4,6,PayPal,359,86,0
CUST_000391,2023-06-22,1,43.07,Quarterly,10,15,2,8,PayPal,321,85,0
CUST_000392,2024-04-13,19,123.91,Monthly,4,8,0,10,Invoice,1444,92,0
CUST_000393,2021-09-12,26,129.17,Monthly,10,12,5,6,ACH,898,83,1
CUST_000394,2026-03-26,25,14.57,Annual,9,16,2,2,Credit Card,1025,54,1
CUST_000395,2025-09-15,10,147.83,Annual,7,16,1,10,Credit Card,303,89,1
CUST_000396,2022-07-14,53,97.3,Monthly,8,12,1,8,Credit Card,810,83,1
CUST_000397,2024-10-17,15,88.35,Monthly,12,10,1,7,PayPal,1002,80,1
CUST_000398,2025-02-19,59,21.21,Quarterly,4,5,2,4,Credit Card,601,75,1
CUST_000399,2022-10-04,22,91.77,Monthly,6,8,2,6,PayPal,1029,82,0
CUST_000400,2026-04-06,51,104.9,Annual,9,11,4,9,PayPal,876,99,1
CUST_000401,2025-09-19,48,27.06,Annual,10,3,6,1,Invoice,1049,67,1
CUST_000402,2022-10-10,21,162.1,Monthly,17,12,2,9,PayPal,461,93,1
CUST_000403,2024-02-25,59,12.56,Quarterly,9,12,2,10,Invoice,720,98,1
CUST_000404,2021-11-12,56,18.12,Annual,7,7,2,4,PayPal,1154,73,0
CUST_000405,2025-07-23,22,48.56,Monthly,4,17,4,1,PayPal,608,53,0
CUST_000406,2023-12-06,36,52.88,Annual,13,3,1,8,ACH,985,92,1
CUST_000407,2023-09-16,34,61.8,Annual,7,12,3,8,PayPal,423,93,1
CUST_000408,2022-03-20,30,10.86,Annual,8,8,2,9,PayPal,820,97,1
CUST_000409,2025-02-04,25,171.4,Quarterly,7,19,2,10,Invoice,1185,91,0
CUST_000410,2023-07-18,45,12.28,Monthly,9,11,3,1,PayPal,1801,59,1
CUST_000411,2024-02-07,28,17.72,Monthly,8,14,3,2,ACH,155,61,0
CUST_000412,2024-07-13,1,10.71,Monthly,12,13,1,6,Credit Card,54,72,1
CUST_000413,2022-02-13,49,51.83,Monthly,9,9,1,5,ACH,990,71,0
CUST_000414,2024-11-02,45,144.61,Monthly,7,14,1,3,ACH,218,56,1
CUST_000415,2023-01-03,4,64.82,Quarterly,8,10,4,3,PayPal,1122,70,1
CUST_000416,2023-05-26,7,96.48,Annual,9,8,1,9,Credit Card,482,92,1
CUST_000417,2022-02-17,49,10.67,Annual,6,10,1,1,PayPal,1100,50,1
CUST_000418,2026-04-16,9,49.05,Annual,8,7,1,4,ACH,312,68,1
CUST_000419,2023-01-23,36,40.77,Quarterly,4,7,2,7,Credit Card,1690,88,0
CUST_000420,2022-12-06,19,44.55,Monthly,9,12,1,5,ACH,731,68,1
CUST_000421,2025-11-26,1,13.75,Quarterly,6,12,2,9,ACH,612,93,1
CUST_000422,2025-01-11,10,67.67,Monthly,3,13,3,10,ACH,590,100,0
CUST_000423,2023-05-29,36,44.98,Quarterly,8,10,3,8,Credit Card,346,95,1
CUST_000424,2022-07-06,9,82.44,Annual,12,10,2,1,PayPal,885,55,0
CUST_000425,2024-12-01,45,43.21,Monthly,4,8,2,8,PayPal,372,92,1
CUST_000426,2026-01-24,46,18.09,Annual,11,13,2,10,Credit Card,485,97,1
CUST_000427,2021-06-29,42,62.24,Annual,13,11,1,10,Credit Card,1467,94,0
CUST_000428,2023-06-07,32,19.46,Monthly,7,10,7,5,Credit Card,1453,80,1
CUST_000429,2025-07-27,32,112.94,Annual,10,11,3,6,ACH,377,84,0
CUST_000430,2022-07-30,6,57.48,Monthly,6,13,2,1,PayPal,1246,52,0
CUST_000431,2024-12-22,48,18.55,Monthly,5,8,3,5,ACH,1499,82,1
CUST_000432,2025-07-05,38,173.96,Quarterly,11,12,1,4,Credit Card,784,63,1
CUST_000433,2025-11-03,17,46.53,Annual,8,8,1,9,Invoice,1347,92,1
CUST_000434,2024-09-03,10,13.78,Quarterly,8,7,1,4,ACH,1524,68,0
CUST_000435,2023-04-06,50,59.29,Annual,8,7,1,6,ACH,893,78,0
CUST_000436,2024-06-02,27,24.6,Monthly,8,14,1,10,Credit Card,1820,91,1
CUST_000437,2023-08-14,54,91.4,Annual,5,9,0,3,Credit Card,284,56,1
CUST_000438,2023-03-20,50,95.14,Annual,10,6,1,9,Credit Card,122,94,0
CUST_000439,2025-10-24,35,203.04,Quarterly,8,11,5,8,PayPal,600,94,1
CUST_000440,2025-08-23,52,44.84,Monthly,9,15,1,9,Credit Card,1200,85,0
CUST_000441,2023-08-26,59,40.34,Quarterly,9,11,0,10,PayPal,294,89,0
CUST_000442,2023-10-18,21,80.01,Quarterly,4,9,1,6,Invoice,637,76,0
CUST_000443,2023-02-03,25,17.11,Annual,10,8,5,8,Invoice,892,97,1
CUST_000444,2022-10-31,28,49.58,Quarterly,7,12,1,1,Credit Card,738,48,0
CUST_000445,2022-08-25,47,49.51,Monthly,8,11,1,1,ACH,820,49,0
CUST_000446,2025-12-26,15,14.69,Quarterly,4,10,1,10,Invoice,907,95,1
CUST_000447,2026-04-15,4,37.06,Annual,12,11,3,4,Credit Card,724,74,0
CUST_000448,2021-07-09,29,105.96,Monthly,4,5,0,1,ACH,114,50,1
CUST_000449,2024-10-14,59,106.95,Quarterly,5,6,1,7,ACH,817,84,0
CUST_000450,2024-10-10,9,15.23,Monthly,7,8,5,4,PayPal,1706,77,1
CUST_000451,2022-08-25,27,14.76,Monthly,12,8,5,1,Invoice,906,62,0
CUST_000452,2024-06-16,26,25.24,Annual,11,9,2,1,ACH,86,56,0
CUST_000453,2024-08-15,19,113.88,Monthly,11,9,0,6,Credit Card,945,71,1
CUST_000454,2022-09-29,56,16.9,Monthly,7,10,4,6,ACH,409,85,1
CUST_000455,2023-12-31,28,73.65,Quarterly,9,12,3,6,Invoice,1740,83,1
CUST_000456,2021-09-19,17,15.33,Monthly,4,6,2,9,ACH,234,99,1
CUST_000457,2023-09-14,43,58.79,Monthly,9,5,2,7,ACH,703,90,0
CUST_000458,2021-10-13,57,32.01,Monthly,9,5,2,7,Credit Card,1681,90,1
CUST_000459,2025-11-29,41,87.77,Monthly,12,12,2,1,Credit Card,1234,53,0
CUST_000460,2024-12-29,42,23.31,Annual,13,12,2,8,Invoice,466,88,1
CUST_000461,2022-06-23,50,60.97,Annual,10,8,1,6,ACH,1390,77,1
CUST_000462,2024-03-09,20,23.44,Quarterly,2,5,1,5,ACH,604,65,1
CUST_000463,2023-04-01,45,72.53,Annual,5,12,2,6,PayPal,187,78,1
CUST_000464,2022-06-16,40,113.45,Monthly,10,8,3,9,ACH,225,100,1
CUST_000465,2025-08-30,39,16.78,Quarterly,8,17,2,4,ACH,788,63,1
CUST_000466,2023-01-19,49,110.72,Annual,4,8,4,7,PayPal,1569,92,1
CUST_000467,2023-06-05,53,55.02,Annual,11,12,2,3,ACH,194,63,1
CUST_000468,2022-03-24,23,16.8,Annual,7,16,1,2,Invoice,580,49,1
CUST_000469,2021-08-31,47,37.89,Quarterly,3,10,3,3,Credit Card,1089,70,0
CUST_000470,2024-04-04,32,18.77,Annual,7,3,3,7,ACH,684,97,1
CUST_000471,2024-11-11,52,70.26,Monthly,9,10,2,6,ACH,1523,80,1
CUST_000472,2023-10-25,47,81.12,Annual,10,10,1,3,Credit Card,705,60,0
CUST_000473,2025-03-21,33,15.59,Monthly,8,11,4,4,Credit Card,1562,74,1
CUST_000474,2024-11-24,57,45.28,Monthly,12,11,1,1,PayPal,893,49,1
CUST_000475,2024-01-26,46,94.27,Monthly,10,15,1,7,PayPal,1069,75,1
CUST_000476,2022-02-23,5,147.57,Monthly,10,13,1,5,PayPal,776,67,0
CUST_000477,2023-11-12,43,46.03,Monthly,9,10,4,1,ACH,776,60,1
CUST_000478,2026-03-28,48,160.07,Monthly,9,13,2,4,ACH,1053,67,0
CUST_000479,2024-06-17,34,48.36,Annual,8,9,3,4,PayPal,1301,76,0
CUST_000480,2026-04-13,40,35.06,Quarterly,5,20,0,7,Credit Card,1048,65,0
CUST_000481,2025-06-16,11,104.26,Quarterly,9,6,5,6,PayPal,419,89,1
CUST_000482,2024-12-07,50,43.96,Monthly,5,8,4,10,Credit Card,1293,100,1
CUST_000483,2025-03-29,3,41.92,Annual,6,12,2,10,PayPal,650,98,1
CUST_000484,2024-07-18,58,43.7,Quarterly,8,11,1,4,PayPal,151,64,0
CUST_000485,2023-09-04,33,103.8,Monthly,6,10,6,5,ACH,1168,80,0
CUST_000486,2025-01-17,11,99.17,Annual,14,15,2,2,Invoice,1265,55,0
CUST_000487,2023-02-21,16,35.84,Annual,10,13,0,7,Credit Card,1032,72,1
CUST_000488,2023-04-13,18,30.27,Monthly,9,8,1,9,PayPal,273,92,0
CUST_000489,2022-07-25,30,43.86,Quarterly,10,14,1,9,PayPal,281,86,0
CUST_000490,2024-01-20,48,52.52,Quarterly,7,11,1,7,Credit Card,1285,79,0
CUST_000491,2024-05-06,55,23.61,Monthly,12,6,3,7,Invoice,675,94,1
CUST_000492,2023-12-31,10,88.98,Monthly,9,10,1,8,Invoice,688,85,1
CUST_000493,2026-03-13,18,43.32,Monthly,5,6,1,5,ACH,274,74,1
CUST_000494,2021-09-17,38,30.33,Monthly,6,9,1,1,Invoice,136,51,1
CUST_000495,2021-08-15,19,15.65,Annual,9,9,2,10,Credit Card,1315,100,1
CUST_000496,2024-10-05,36,23.65,Annual,7,7,1,10,PayPal,1288,98,0
CUST_000497,2023-01-05,59,159.07,Monthly,11,16,5,10,Credit Card,34,99,1
CUST_000498,2023-03-11,13,28.2,Quarterly,4,12,2,3,Invoice,223,63,1
CUST_000499,2025-12-04,56,19.25,Monthly,8,15,3,3,Credit Card,1101,65,1
CUST_000500,2025-06-23,46,40.87,Monthly,4,9,1,3,Invoice,1251,61,1
CUST_000501,2024-10-10,3,28.34,Monthly,9,11,0,5,Credit Card,1195,64,0
CUST_000502,2022-08-06,10,11.79,Annual,9,7,2,7,PayPal,1131,88,1
CUST_000503,2025-07-02,38,29.51,Monthly,7,14,1,9,Credit Card,1403,86,1
CUST_000504,2021-08-21,1,49.28,Monthly,9,7,3,4,ACH,1221,78,1
CUST_000505,2024-06-20,55,50.12,Monthly,7,15,1,8,PayPal,1781,80,1
CUST_000506,2024-01-16,56,32.05,Quarterly,12,7,4,10,PayPal,699,100,0
CUST_000507,2023-05-21,27,39.65,Quarterly,11,9,2,6,ACH,1128,81,1
CUST_000508,2023-08-04,46,178.37,Monthly,7,5,1,3,ACH,619,65,1
CUST_000509,2025-02-13,8,33.69,Monthly,9,10,3,10,PayPal,1459,100,1
CUST_000510,2024-08-28,51,24.94,Annual,11,11,2,5,PayPal,928,74,1
CUST_000511,2023-08-14,46,23.95,Annual,9,13,2,8,ACH,442,87,1
CUST_000512,2025-08-12,42,40.6,Monthly,8,18,3,1,PayPal,77,52,1
CUST_000513,2023-05-22,17,81.26,Quarterly,4,8,0,3,ACH,1291,57,0
CUST_000514,2021-12-19,9,21.53,Annual,10,9,1,8,PayPal,549,86,1
CUST_000515,2023-08-03,6,71.77,Monthly,10,10,0,7,Invoice,718,75,0
CUST_000516,2021-11-01,43,11.07,Annual,9,8,0,1,Invoice,1188,47,0
CUST_000517,2026-04-28,25,37.14,Quarterly,11,8,2,4,PayPal,1461,72,1
CUST_000518,2023-04-02,39,84.78,Annual,8,8,2,5,PayPal,796,77,1
CUST_000519,2022-12-30,49,30.68,Monthly,9,6,2,5,Credit Card,625,79,1
CUST_000520,2024-03-20,28,51.48,Monthly,10,10,0,5,PayPal,1117,65,1
CUST_000521,2023-12-08,33,21.47,Monthly,4,5,0,4,Credit Card,1186,65,0
CUST_000522,2023-08-15,54,77.74,Monthly,11,10,2,9,Invoice,1742,95,1
CUST_000523,2023-12-01,37,12.68,Annual,12,15,2,1,ACH,1251,50,1
CUST_000524,2022-07-29,9,105.71,Quarterly,8,11,1,7,Invoice,505,79,0
CUST_000525,2026-03-17,18,21.04,Annual,7,11,1,1,PayPal,1580,49,1
CUST_000526,2023-12-18,56,113.73,Quarterly,5,7,3,3,PayPal,1624,73,0
CUST_000527,2024-01-31,59,31.73,Monthly,10,13,5,10,Credit Card,119,100,0
CUST_000528,2023-10-10,21,74.13,Quarterly,8,8,2,5,ACH,650,77,1
CUST_000529,2024-07-16,2,29.23,Annual,6,5,2,8,ACH,1586,95,1
CUST_000530,2025-08-07,58,128.18,Monthly,4,8,3,7,Invoice,370,92,1
CUST_000531,2025-04-28,43,16.77,Annual,10,7,3,7,Credit Card,1574,93,1
CUST_000532,2024-08-05,59,19.83,Monthly,6,12,2,5,ACH,460,73,1
CUST_000533,2023-03-30,38,43.97,Annual,7,12,2,10,Invoice,1417,98,0
CUST_000534,2021-09-12,58,14.27,Annual,7,11,1,7,Invoice,1478,79,1
CUST_000535,2021-09-23,40,20.91,Monthly,11,8,1,10,Credit Card,1621,97,1
CUST_000536,2024-07-15,36,153.91,Annual,11,12,2,3,PayPal,1767,63,0
CUST_000537,2026-01-03,50,197.52,Annual,5,5,3,4,Credit Card,1485,80,1
CUST_000538,2024-01-23,43,33.6,Monthly,6,8,2,4,Credit Card,347,72,0
CUST_000539,2021-11-17,37,138.38,Monthly,6,14,3,2,ACH,1138,61,0
CUST_000540,2023-05-17,15,49.35,Monthly,7,15,1,5,Invoice,767,65,1
CUST_000541,2022-08-02,28,25.72,Annual,8,10,0,9,Invoice,1724,85,0
CUST_000542,2024-04-22,18,70.6,Quarterly,7,11,2,2,PayPal,735,59,0
CUST_000543,2022-03-27,34,63.78,Quarterly,9,4,2,1,PayPal,647,61,1
CUST_000544,2026-01-06,22,236.07,Annual,9,12,2,10,Invoice,901,98,1
CUST_000545,2024-03-03,11,25.4,Annual,9,8,3,8,Credit Card,685,97,1
CUST_000546,2023-03-09,58,65.75,Monthly,11,16,0,5,ACH,704,59,1
CUST_000547,2022-06-16,57,12.67,Annual,14,13,1,4,Credit Card,718,62,0
CUST_000548,2023-07-25,13,16.03,Monthly,7,5,1,3,PayPal,271,65,1
CUST_000549,2021-10-11,4,10.2,Monthly,5,9,2,7,Invoice,1724,86,1
CUST_000550,2023-05-17,22,386.26,Annual,9,11,5,7,PayPal,617,89,1
CUST_000551,2024-08-07,7,91.04,Monthly,11,12,2,9,ACH,851,93,0
CUST_000552,2024-12-06,43,87.26,Annual,7,11,2,4,PayPal,564,69,0
CUST_000553,2021-06-23,54,45.64,Quarterly,5,12,0,3,PayPal,1287,53,1
CUST_000554,2024-02-21,24,27.84,Monthly,14,10,0,6,Credit Card,1155,70,0
CUST_000555,2023-04-09,4,18.2,Monthly,14,14,1,6,Credit Card,1582,71,0
CUST_000556,2021-10-14,28,26.75,Quarterly,9,12,0,5,Invoice,43,63,0
CUST_000557,2023-03-18,15,33.58,Annual,12,8,1,2,PayPal,1150,57,1
CUST_000558,2024-10-20,1,80.59,Monthly,10,9,3,2,Invoice,1229,66,0
CUST_000559,2021-11-20,55,48.79,Monthly,12,8,4,5,Invoice,1059,82,0
CUST_000560,2024-12-31,3,14.03,Annual,8,14,2,3,ACH,333,61,1
CUST_000561,2022-11-19,14,10.91,Annual,10,8,2,3,ACH,1742,67,1
CUST_000562,2023-11-18,38,15.4,Monthly,8,14,1,10,PayPal,1724,91,1
CUST_000563,2022-10-15,50,36.42,Monthly,11,9,2,8,ACH,1541,91,1
CUST_000564,2023-01-06,57,145.3,Quarterly,9,7,2,1,PayPal,1698,58,1
CUST_000565,2024-05-29,1,60.72,Annual,8,13,2,5,PayPal,707,72,0
CUST_000566,2022-04-23,38,90.93,Quarterly,14,10,2,5,Credit Card,274,75,0
CUST_000567,2024-09-29,38,41.4,Annual,10,6,0,9,Credit Card,572,89,1
CUST_000568,2024-03-04,21,32.44,Quarterly,7,13,3,1,Invoice,727,57,0
CUST_000569,2023-12-24,48,15.74,Monthly,9,8,3,1,ACH,1747,62,1
CUST_000570,2025-08-29,29,114.35,Annual,8,8,1,3,Invoice,1070,62,0
CUST_000571,2023-04-29,5,86.43,Monthly,10,14,5,6,ACH,1757,81,0
CUST_000572,2025-11-30,49,19.2,Annual,10,8,1,9,PayPal,1036,92,1
CUST_000573,2021-09-26,10,45.9,Monthly,10,10,2,10,Credit Card,298,100,0
CUST_000574,2022-05-05,28,43.41,Monthly,6,15,2,7,Credit Card,1294,80,0
CUST_000575,2023-08-10,21,59.05,Quarterly,12,14,2,10,Invoice,1010,96,1
CUST_000576,2023-04-19,50,156.11,Quarterly,6,13,3,9,Credit Card,204,97,0
CUST_000577,2024-06-05,7,53.35,Monthly,4,16,2,2,PayPal,498,54,1
CUST_000578,2022-10-02,3,48.85,Annual,14,9,1,5,Invoice,547,71,1
CUST_000579,2022-12-06,45,12.58,Monthly,13,11,1,1,Credit Card,39,49,1
CUST_000580,2023-05-06,47,13.25,Monthly,9,8,1,8,Credit Card,599,87,0
CUST_000581,2023-05-28,20,20.37,Quarterly,10,7,1,3,ACH,581,63,1
CUST_000582,2023-07-29,19,11.65,Monthly,4,10,2,7,Credit Card,555,85,0
CUST_000583,2026-01-29,35,78.0,Quarterly,8,5,2,1,ACH,692,60,0
CUST_000584,2021-06-24,4,74.25,Monthly,4,7,1,6,ACH,1781,78,1
CUST_000585,2023-09-18,5,17.31,Annual,6,10,4,9,ACH,684,100,0
CUST_000586,2023-07-26,1,100.42,Annual,11,8,2,5,PayPal,326,77,1
CUST_000587,2025-02-04,4,18.41,Monthly,5,10,0,7,Invoice,669,75,1
CUST_000588,2022-12-22,12,27.92,Monthly,11,10,2,7,Invoice,1430,85,0
CUST_000589,2023-11-03,27,24.32,Quarterly,7,7,4,8,ACH,372,98,1
CUST_000590,2025-09-27,56,33.29,Annual,12,7,1,5,Credit Card,270,73,1
CUST_000591,2025-01-14,42,24.7,Monthly,5,8,1,4,Invoice,1720,67,0
CUST_000592,2025-02-25,23,43.56,Annual,3,8,1,1,Credit Card,592,52,1
CUST_000593,2025-05-27,25,36.16,Monthly,8,10,4,8,Invoice,139,95,1
CUST_000594,2024-10-29,21,225.51,Monthly,9,12,3,6,Invoice,1625,83,0
CUST_000595,2021-11-09,58,12.88,Monthly,6,19,3,1,ACH,1049,51,1
CUST_000596,2022-09-28,52,17.67,Monthly,5,10,0,5,PayPal,410,65,0
CUST_000597,2022-11-02,24,12.71,Quarterly,5,13,4,10,Credit Card,1276,100,0
CUST_000598,2021-07-10,25,59.15,Annual,9,10,3,2,Credit Card,915,65,1
CUST_000599,2025-05-11,45,12.8,Quarterly,7,9,1,6,ACH,547,76,1
CUST_000600,2026-04-10,55,100.53,Annual,6,15,1,1,ACH,653,45,0
CUST_000601,2021-06-12,46,45.87,Quarterly,9,11,1,4,PayPal,1258,64,1
CUST_000602,2024-11-27,32,47.43,Annual,10,8,2,3,ACH,825,67,0
CUST_000603,2021-06-16,55,51.23,Annual,6,10,1,6,ACH,1197,75,1
CUST_000604,2023-04-05,32,19.37,Quarterly,8,12,3,7,Credit Card,558,88,0
CUST_000605,2024-02-21,5,21.01,Annual,6,14,7,5,Invoice,1227,76,1
CUST_000606,2023-01-15,36,29.2,Monthly,3,10,1,8,ACH,790,85,0
CUST_000607,2022-12-03,46,55.01,Annual,11,7,2,3,Invoice,908,68,1
CUST_000608,2024-04-01,42,21.79,Quarterly,5,10,3,3,Credit Card,508,70,0
CUST_000609,2021-09-23,49,16.18,Annual,7,11,2,2,Invoice,39,59,1
CUST_000610,2025-02-15,42,185.52,Annual,13,10,0,9,ACH,1212,85,1
CUST_000611,2021-11-13,58,11.11,Annual,7,12,3,4,PayPal,600,73,0
CUST_000612,2024-03-25,39,91.15,Quarterly,5,14,4,2,Credit Card,1287,61,1
CUST_000613,2023-07-22,16,87.57,Monthly,5,15,2,7,PayPal,163,80,1
CUST_000614,2022-08-23,33,27.64,Annual,3,9,2,8,Credit Card,1419,91,1
CUST_000615,2024-12-03,49,17.29,Monthly,5,6,1,3,Credit Card,1742,64,1
CUST_000616,2023-06-28,21,17.87,Annual,9,10,4,9,PayPal,902,100,1
CUST_000617,2024-03-02,9,69.77,Annual,7,8,2,4,ACH,690,72,0
CUST_000618,2025-06-01,6,61.47,Monthly,10,9,1,7,ACH,1206,81,1
CUST_000619,2021-06-15,51,86.33,Monthly,6,12,2,9,Credit Card,452,93,0
CUST_000620,2025-08-18,45,148.61,Annual,10,13,1,7,PayPal,577,77,1
CUST_000621,2024-12-22,35,68.87,Monthly,11,10,3,5,ACH,1672,80,1
CUST_000622,2023-11-19,39,18.47,Monthly,8,2,4,10,ACH,1215,100,1
CUST_000623,2025-11-24,22,23.95,Quarterly,11,8,1,1,ACH,357,52,1
CUST_000624,2022-03-26,41,102.32,Monthly,7,10,3,2,PayPal,43,65,1
CUST_000625,2024-01-02,54,21.74,Monthly,10,13,2,7,Invoice,78,82,1
CUST_000626,2021-09-18,5,13.76,Quarterly,7,13,3,5,Invoice,1396,77,0
CUST_000627,2024-06-12,42,70.75,Monthly,8,9,4,9,ACH,1641,100,1
CUST_000628,2021-09-07,23,35.75,Monthly,9,15,1,3,ACH,625,55,1
CUST_000629,2025-04-18,17,136.31,Annual,5,11,4,9,Invoice,601,99,1
CUST_000630,2022-01-15,12,62.53,Annual,7,11,2,10,Credit Card,373,99,0
CUST_000631,2023-09-19,23,14.74,Quarterly,13,13,2,6,Credit Card,490,77,0
CUST_000632,2024-06-11,16,157.69,Quarterly,4,7,3,10,PayPal,702,100,0
CUST_000633,2022-05-13,3,24.96,Annual,9,8,1,10,Credit Card,703,97,1
CUST_000634,2021-11-08,30,30.57,Monthly,9,13,0,3,ACH,791,52,1
CUST_000635,2022-10-19,57,35.73,Monthly,7,5,1,1,Credit Card,829,55,1
CUST_000636,2021-12-14,22,12.63,Monthly,9,13,4,10,Invoice,1287,100,1
CUST_000637,2022-05-23,9,44.31,Monthly,8,14,0,9,Credit Card,1492,81,1
CUST_000638,2023-01-27,29,16.58,Annual,6,15,1,3,ACH,1338,55,1
CUST_000639,2023-06-01,47,35.62,Annual,7,15,1,2,ACH,899,50,1
CUST_000640,2022-01-04,37,31.59,Monthly,8,10,2,1,Invoice,1002,55,1
CUST_000641,2025-07-22,23,84.11,Quarterly,12,4,0,4,PayPal,667,66,0
CUST_000642,2025-04-01,13,91.27,Monthly,2,9,2,7,PayPal,782,76,1
CUST_000643,2026-04-21,32,18.33,Monthly,8,14,0,3,ACH,740,51,1
CUST_000644,2021-11-14,46,32.83,Annual,6,12,1,10,Credit Card,1380,93,1
CUST_000645,2022-09-15,52,33.37,Monthly,5,21,4,6,Invoice,506,75,0
CUST_000646,2022-11-03,47,18.21,Monthly,6,13,1,3,PayPal,901,57,1
CUST_000647,2024-12-20,48,90.09,Monthly,8,13,3,9,Credit Card,171,97,0
CUST_000648,2024-04-09,23,71.42,Monthly,12,7,4,7,Invoice,1043,93,1
CUST_000649,2026-03-29,45,20.56,Annual,7,10,3,6,Credit Card,537,85,1
CUST_000650,2024-05-06,17,32.84,Quarterly,7,12,3,4,ACH,36,73,1
CUST_000651,2024-01-05,55,15.59,Monthly,5,16,1,4,PayPal,878,59,1
CUST_000652,2026-02-02,40,59.47,Monthly,7,13,2,4,PayPal,1214,67,1
CUST_000653,2024-03-18,21,16.47,Annual,6,10,2,5,ACH,51,75,0
CUST_000654,2024-09-05,2,223.2,Quarterly,12,5,0,1,PayPal,1323,50,1
CUST_000655,2023-09-06,37,85.86,Monthly,11,9,4,7,ACH,979,91,0
CUST_000656,2021-11-19,6,34.73,Monthly,3,10,5,9,ACH,1182,100,1
CUST_000657,2023-07-16,44,53.2,Annual,12,7,1,6,ACH,997,78,1
CUST_000658,2025-03-11,18,131.15,Annual,2,12,1,2,Credit Card,70,43,1
CUST_000659,2026-01-08,30,50.38,Monthly,10,9,3,7,ACH,933,91,1
CUST_000660,2024-08-24,22,19.59,Annual,8,8,1,3,ACH,1594,62,1
CUST_000661,2022-12-30,54,33.8,Monthly,5,11,3,6,ACH,878,84,1
CUST_000662,2024-01-28,33,102.62,Annual,10,9,4,9,Invoice,1098,100,1
CUST_000663,2022-02-28,30,61.67,Annual,7,11,3,10,ACH,1189,100,0
CUST_000664,2021-10-26,17,62.59,Quarterly,4,10,3,8,ACH,914,95,1
CUST_000665,2022-03-08,43,110.8,Monthly,13,13,1,6,ACH,163,72,0
CUST_000666,2023-04-30,32,122.2,Monthly,12,7,0,10,PayPal,464,93,0
CUST_000667,2025-03-16,42,136.16,Monthly,8,10,1,5,Invoice,265,70,0
CUST_000668,2022-07-03,51,14.98,Quarterly,12,9,1,4,PayPal,1019,66,1
CUST_000669,2022-05-20,14,49.28,Monthly,4,12,2,8,Credit Card,820,88,1
CUST_000670,2024-05-04,58,77.45,Monthly,7,12,2,6,ACH,1516,78,1
CUST_000671,2022-10-10,10,80.72,Monthly,6,7,0,8,PayPal,89,83,1
CUST_000672,2023-07-17,47,56.66,Annual,12,10,3,9,ACH,326,100,0
CUST_000673,2024-04-02,51,19.12,Monthly,8,14,1,4,Invoice,1067,61,0
CUST_000674,2024-06-26,36,89.83,Monthly,8,19,2,10,ACH,824,91,1
CUST_000675,2022-06-15,34,73.67,Monthly,9,14,2,2,PayPal,1248,56,0
CUST_000676,2025-01-31,9,14.5,Quarterly,9,10,3,7,PayPal,169,90,1
CUST_000677,2023-10-26,42,41.16,Annual,3,15,3,8,Invoice,1160,90,0
CUST_000678,2025-10-23,28,19.56,Annual,5,11,3,4,Invoice,992,74,0
CUST_000679,2024-04-24,11,30.59,Quarterly,6,10,1,2,PayPal,1733,55,1
CUST_000680,2021-08-24,14,10.91,Quarterly,8,4,1,9,Credit Card,1118,96,1
CUST_000681,2023-04-06,39,35.57,Monthly,15,9,3,3,PayPal,1582,71,0
CUST_000682,2022-01-12,55,49.91,Quarterly,4,9,3,3,ACH,664,71,1
CUST_000683,2023-08-29,47,58.32,Monthly,12,7,1,9,Credit Card,687,93,1
CUST_000684,2023-07-29,54,64.46,Monthly,6,9,3,8,Invoice,1575,96,1
CUST_000685,2026-01-27,19,100.48,Quarterly,10,15,1,4,PayPal,412,60,1
CUST_000686,2021-09-18,54,22.13,Monthly,11,13,2,10,Invoice,1496,97,1
CUST_000687,2024-07-09,15,16.42,Monthly,3,8,3,4,Credit Card,179,77,1
CUST_000688,2023-01-05,28,105.37,Monthly,10,15,1,1,PayPal,1415,45,1
CUST_000689,2021-07-08,24,18.52,Annual,10,9,3,1,ACH,811,61,1
CUST_000690,2026-03-27,8,193.97,Monthly,6,11,0,9,Invoice,70,84,0
CUST_000691,2022-07-10,43,102.43,Annual,2,7,3,1,PayPal,1317,53,0
CUST_000692,2021-08-18,9,44.75,Quarterly,7,7,1,2,PayPal,400,58,1
CUST_000693,2022-02-04,47,209.29,Annual,4,11,0,7,Credit Card,492,74,0
CUST_000694,2025-07-28,33,15.12,Monthly,14,10,4,2,PayPal,1443,65,0
CUST_000695,2025-09-28,33,28.05,Quarterly,15,13,1,4,PayPal,868,62,0
CUST_000696,2023-12-18,19,60.84,Monthly,7,13,3,10,Invoice,1816,100,0
CUST_000697,2023-12-12,3,31.54,Monthly,11,5,1,2,PayPal,381,60,0
CUST_000698,2022-10-14,10,141.81,Monthly,7,12,3,3,Credit Card,1608,68,0
CUST_000699,2026-03-02,40,13.39,Annual,11,10,1,6,PayPal,152,75,1
CUST_000700,2024-09-14,47,49.86,Monthly,9,12,0,7,PayPal,1446,73,1
CUST_000701,2024-05-04,42,54.69,Monthly,11,15,1,2,Credit Card,369,50,1
CUST_000702,2022-08-06,1,62.88,Monthly,8,10,1,9,ACH,583,90,0
CUST_000703,2025-04-01,29,24.76,Monthly,8,6,2,2,Credit Card,580,64,0
CUST_000704,2024-06-03,50,32.67,Annual,12,10,3,4,ACH,95,75,1
CUST_000705,2023-06-25,34,102.79,Quarterly,3,6,4,5,ACH,1117,84,1
CUST_000706,2025-11-07,51,20.84,Annual,11,8,0,8,ACH,1242,82,1
CUST_000707,2021-11-09,13,97.69,Monthly,13,12,1,4,Invoice,1219,63,0
CUST_000708,2025-04-02,54,51.35,Monthly,4,12,2,1,ACH,1375,53,1
CUST_000709,2025-02-12,1,81.81,Quarterly,7,9,0,7,ACH,1004,76,1
CUST_000710,2022-11-23,34,72.52,Monthly,12,14,1,9,PayPal,1448,86,1
CUST_000711,2026-02-16,29,21.63,Quarterly,8,9,3,5,Invoice,288,81,0
CUST_000712,2025-08-11,48,52.06,Monthly,7,11,3,2,Credit Card,678,64,0
CUST_000713,2025-02-02,47,111.14,Quarterly,14,7,1,9,Credit Card,1674,93,0
CUST_000714,2024-05-15,13,38.29,Monthly,8,8,1,3,PayPal,584,62,1
CUST_000715,2024-04-28,48,179.95,Monthly,6,13,2,2,Credit Card,1524,57,1
CUST_000716,2022-06-25,49,40.09,Annual,8,6,2,4,Credit Card,476,74,1
CUST_000717,2021-12-27,53,17.7,Annual,9,14,0,4,Credit Card,650,56,1
CUST_000718,2024-01-03,29,34.67,Monthly,6,7,4,10,Invoice,1032,100,1
CUST_000719,2022-02-23,39,161.52,Annual,5,8,1,5,Credit Card,935,72,1
CUST_000720,2022-07-12,24,29.26,Annual,10,9,4,1,Invoice,386,61,1
CUST_000721,2025-12-10,26,111.28,Monthly,10,16,2,10,Invoice,1397,94,1
CUST_000722,2023-11-30,17,116.54,Monthly,6,7,3,1,Invoice,920,63,0
CUST_000723,2023-05-06,7,31.55,Monthly,13,9,1,10,Credit Card,61,96,0
CUST_000724,2023-04-06,13,14.35,Monthly,5,12,6,7,Credit Card,1121,88,1
CUST_000725,2025-04-02,5,74.47,Annual,7,13,3,5,Credit Card,1156,77,0
CUST_000726,2023-06-19,26,28.66,Monthly,6,19,1,10,ACH,676,86,0
CUST_000727,2023-09-28,49,86.38,Monthly,19,11,4,6,Credit Card,1226,84,0
CUST_000728,2023-11-24,3,39.23,Monthly,5,9,1,7,Credit Card,857,81,1
CUST_000729,2022-04-01,7,43.21,Annual,11,8,1,1,PayPal,442,52,1
CUST_000730,2022-03-17,58,85.23,Monthly,11,8,5,5,ACH,1117,82,0
CUST_000731,2021-12-26,49,34.09,Monthly,8,11,4,8,Credit Card,1766,94,1
CUST_000732,2023-02-13,39,39.27,Monthly,13,7,0,3,PayPal,1812,58,0
CUST_000733,2023-02-20,53,33.6,Quarterly,4,7,3,2,PayPal,903,68,0
CUST_000734,2024-10-11,1,32.89,Monthly,9,8,2,2,PayPal,203,62,1
CUST_000735,2023-06-05,49,47.32,Annual,12,10,5,4,PayPal,1568,75,0
CUST_000736,2026-01-14,17,92.72,Monthly,11,10,2,7,Credit Card,1542,85,0
CUST_000737,2021-08-20,43,32.45,Monthly,6,13,4,2,Invoice,121,62,1
CUST_000738,2023-06-02,25,47.14,Annual,3,17,4,6,PayPal,241,78,1
CUST_000739,2023-01-09,59,65.54,Monthly,6,10,5,7,PayPal,1223,90,1
CUST_000740,2023-10-11,3,25.7,Quarterly,5,9,2,9,Invoice,475,96,1
CUST_000741,2025-03-31,15,26.25,Quarterly,8,15,0,7,Credit Card,1047,70,0
CUST_000742,2022-12-03,29,145.46,Annual,7,10,0,1,Invoice,59,45,0
CUST_000743,2024-08-07,53,74.28,Annual,4,16,2,8,PayPal,316,84,1
CUST_000744,2023-03-03,43,53.04,Monthly,5,12,2,3,Invoice,710,63,0
CUST_000745,2023-02-01,32,62.17,Monthly,11,8,2,7,PayPal,563,87,1
CUST_000746,2022-12-11,26,11.49,Quarterly,16,7,3,6,ACH,1126,88,0
CUST_000747,2024-04-30,16,58.13,Annual,11,8,3,3,Invoice,38,72,0
CUST_000748,2025-09-10,25,45.62,Annual,7,9,3,2,Credit Card,188,66,0
CUST_000749,2024-07-14,54,49.46,Monthly,17,8,0,4,PayPal,173,62,1
CUST_000750,2024-04-12,28,32.27,Monthly,9,10,2,1,Credit Card,832,55,1
CUST_000751,2024-09-22,9,14.25,Quarterly,10,17,2,10,ACH,947,93,1
CUST_000752,2023-07-05,56,20.74,Monthly,10,13,4,10,ACH,779,100,0
CUST_000753,2023-05-01,56,160.54,Monthly,7,13,0,7,ACH,147,72,1
CUST_000754,2023-09-22,1,36.27,Monthly,14,15,3,3,Credit Card,1745,65,1
CUST_000755,2024-12-27,29,41.43,Quarterly,10,9,4,2,PayPal,1752,66,0
CUST_000756,2023-11-02,57,12.71,Monthly,7,12,1,5,Credit Card,1020,68,1
CUST_000757,2022-11-03,22,11.91,Quarterly,10,4,0,7,Credit Card,170,81,1
CUST_000758,2022-11-26,16,73.15,Monthly,8,11,4,1,Credit Card,761,59,1
CUST_000759,2022-02-10,41,48.62,Quarterly,17,12,7,1,Invoice,526,58,1
CUST_000760,2023-01-21,51,45.54,Annual,8,16,0,10,ACH,208,84,1
CUST_000761,2021-09-29,44,23.93,Monthly,6,11,3,8,Credit Card,1624,94,0
CUST_000762,2023-01-27,51,78.28,Annual,10,14,6,5,PayPal,1181,76,1
CUST_000763,2025-11-14,54,19.21,Monthly,4,12,0,8,PayPal,964,78,0
CUST_000764,2022-06-16,41,20.53,Monthly,9,8,0,3,ACH,100,57,1
CUST_000765,2023-09-30,7,40.88,Quarterly,9,15,4,2,Invoice,535,60,1
CUST_000766,2024-02-28,14,26.86,Monthly,11,11,1,7,Invoice,758,79,0
CUST_000767,2024-08-07,29,24.22,Monthly,10,5,4,6,Credit Card,1047,90,1
CUST_000768,2023-01-01,19,61.82,Monthly,11,11,2,4,Invoice,1485,69,0
CUST_000769,2022-02-12,19,62.63,Monthly,10,9,3,7,PayPal,94,91,1
CUST_000770,2026-04-04,2,97.01,Quarterly,5,12,4,9,Invoice,1103,98,0
CUST_000771,2023-01-30,41,37.04,Monthly,9,13,2,9,ACH,459,92,0
CUST_000772,2022-05-18,45,13.79,Quarterly,5,10,4,3,Credit Card,320,70,1
CUST_000773,2025-05-29,15,25.99,Quarterly,4,3,0,1,ACH,860,52,1
CUST_000774,2021-10-04,3,205.61,Monthly,10,7,2,4,Invoice,1384,73,1
CUST_000775,2022-03-05,11,55.35,Monthly,15,10,1,10,PayPal,895,95,1
CUST_000776,2022-07-14,53,71.85,Quarterly,1,16,1,1,ACH,495,24,1
CUST_000777,2022-08-06,46,10.37,Monthly,13,10,2,7,Invoice,60,85,0
CUST_000778,2024-12-19,30,46.51,Monthly,10,11,1,2,ACH,89,54,0
CUST_000779,2021-09-25,57,11.91,Monthly,6,12,2,8,ACH,813,88,1
CUST_000780,2024-12-08,40,52.11,Annual,7,10,3,5,PayPal,1050,80,1
CUST_000781,2022-08-21,18,136.77,Annual,7,13,3,10,Credit Card,322,100,0
CUST_000782,2025-09-28,51,182.76,Monthly,8,12,2,1,ACH,1078,53,1
CUST_000783,2022-09-16,48,48.89,Monthly,11,8,2,2,PayPal,57,62,0
CUST_000784,2023-03-04,2,40.64,Quarterly,10,6,0,4,Invoice,1663,64,1
CUST_000785,2023-05-05,32,155.04,Annual,6,7,3,3,Invoice,306,73,1
CUST_000786,2022-11-04,8,65.98,Annual,7,5,2,5,ACH,1053,80,0
CUST_000787,2022-05-25,22,13.36,Annual,8,17,1,4,ACH,1806,58,0
CUST_000788,2025-02-12,6,41.34,Monthly,15,7,4,2,PayPal,1040,68,1
CUST_000789,2023-12-09,12,23.74,Annual,10,7,3,9,ACH,1106,100,1
CUST_000790,2023-01-13,47,41.73,Monthly,10,11,2,7,Credit Card,1558,84,1
CUST_000791,2025-11-17,57,40.39,Monthly,12,6,3,5,PayPal,614,84,0
CUST_000792,2026-02-01,40,53.63,Annual,8,11,0,4,Invoice,173,59,0
CUST_000793,2024-05-19,36,32.06,Monthly,10,10,3,10,Credit Card,1296,100,0
CUST_000794,2022-01-29,15,18.97,Quarterly,11,16,3,5,ACH,43,74,0
CUST_000795,2026-03-25,28,45.03,Monthly,5,7,1,2,Invoice,1011,58,1
CUST_000796,2023-03-10,52,98.66,Quarterly,7,13,2,8,PayPal,903,87,0
CUST_000797,2022-04-19,57,64.53,Quarterly,13,7,0,2,Credit Card,1395,53,1
CUST_000798,2025-11-11,49,30.65,Monthly,4,15,5,8,Invoice,539,90,0
CUST_000799,2024-07-19,45,147.07,Annual,4,11,3,5,Invoice,1248,79,0
CUST_000800,2024-04-09,18,131.64,Monthly,7,6,2,4,Credit Card,900,74,0
CUST_000801,2022-12-06,2,21.74,Quarterly,7,15,2,7,ACH,59,80,1
CUST_000802,2021-10-14,13,12.01,Monthly,9,8,3,1,ACH,1374,62,1
CUST_000803,2023-05-17,45,77.61,Annual,9,12,1,7,ACH,1098,78,0
CUST_000804,2021-09-22,54,97.9,Monthly,5,11,3,10,PayPal,1168,100,0
CUST_000805,2025-01-12,15,181.89,Monthly,11,13,3,5,ACH,1696,77,1
CUST_000806,2025-02-01,20,120.29,Monthly,11,9,0,6,Invoice,972,71,1
CUST_000807,2024-01-25,29,55.88,Monthly,6,8,1,5,Invoice,750,72,1
CUST_000808,2023-11-20,59,47.76,Annual,8,8,1,7,ACH,746,82,1
CUST_000809,2022-07-18,42,11.41,Annual,11,5,1,1,PayPal,602,55,1
CUST_000810,2023-07-13,29,24.16,Annual,7,8,2,2,PayPal,469,62,1
CUST_000811,2025-04-11,3,40.77,Monthly,7,7,0,6,Credit Card,829,73,1
CUST_000812,2025-05-20,19,59.51,Monthly,8,10,1,7,PayPal,86,80,1
CUST_000813,2025-10-25,3,50.74,Monthly,11,9,0,8,ACH,951,81,1
CUST_000814,2024-12-14,54,77.86,Quarterly,3,2,1,4,Invoice,99,73,0
CUST_000815,2023-01-04,14,26.41,Quarterly,8,8,3,3,Credit Card,1129,72,0
CUST_000816,2022-02-21,40,51.62,Monthly,13,19,1,9,Invoice,933,81,1
CUST_000817,2022-07-10,59,14.61,Monthly,10,9,2,2,ACH,378,61,0
CUST_000818,2022-05-31,55,36.69,Monthly,15,10,4,10,Credit Card,689,100,1
CUST_000819,2024-01-30,4,79.35,Annual,6,13,1,1,PayPal,1162,47,0
CUST_000820,2023-10-17,59,69.11,Annual,4,10,3,6,Credit Card,426,85,0
CUST_000821,2023-10-12,52,243.58,Annual,6,11,4,3,ACH,1226,69,0
CUST_000822,2023-03-19,11,26.28,Monthly,10,9,1,7,PayPal,402,81,1
CUST_000823,2025-12-20,58,44.48,Annual,8,7,3,8,Invoice,165,98,0
CUST_000824,2026-03-06,31,29.99,Annual,4,8,1,2,PayPal,431,57,0
CUST_000825,2022-01-04,43,39.04,Monthly,5,12,1,7,Invoice,439,78,0
CUST_000826,2024-06-17,32,107.23,Annual,5,9,3,10,Invoice,1521,100,1
CUST_000827,2024-06-30,27,67.63,Monthly,13,15,1,5,ACH,318,65,1
CUST_000828,2025-11-11,30,117.04,Monthly,8,9,2,5,ACH,1573,76,1
CUST_000829,2024-02-08,43,21.38,Quarterly,4,12,1,5,ACH,1677,68,1
CUST_000830,2023-02-15,2,113.32,Monthly,6,8,2,5,ACH,1001,77,0
CUST_000831,2026-02-12,49,13.08,Quarterly,6,11,3,10,Invoice,1119,100,0
CUST_000832,2023-11-29,9,119.73,Annual,10,11,2,5,ACH,173,74,1
CUST_000833,2022-12-13,28,29.95,Monthly,10,9,2,7,PayPal,1564,86,1
CUST_000834,2025-10-12,31,28.89,Annual,7,8,2,8,PayPal,1679,92,1
CUST_000835,2024-03-30,34,45.88,Annual,6,4,2,4,Credit Card,648,76,0
CUST_000836,2022-11-27,56,151.25,Monthly,9,10,0,7,Credit Card,328,75,1
CUST_000837,2021-09-06,15,12.45,Monthly,10,7,3,9,ACH,770,100,1
CUST_000838,2022-11-29,48,31.71,Monthly,11,8,1,2,Invoice,1192,57,1
CUST_000839,2021-09-23,25,107.1,Monthly,8,8,3,9,Credit Card,494,100,1
CUST_000840,2022-01-28,36,35.21,Monthly,2,10,1,6,Credit Card,1673,65,0
CUST_000841,2022-04-29,8,21.1,Monthly,8,12,0,9,ACH,1811,83,1
CUST_000842,2022-06-07,9,37.65,Monthly,1,8,3,7,Credit Card,1097,72,0
CUST_000843,2026-03-17,58,34.35,Quarterly,5,6,2,5,PayPal,677,79,0
CUST_000844,2022-11-23,58,133.5,Monthly,10,15,0,5,PayPal,871,60,0
CUST_000845,2022-09-12,37,81.76,Annual,10,8,3,1,Invoice,1123,62,0
CUST_000846,2022-02-03,48,45.17,Annual,9,12,2,3,PayPal,413,63,0
CUST_000847,2023-02-21,45,232.71,Annual,13,9,0,6,Invoice,153,71,1
CUST_000848,2022-05-25,39,41.3,Monthly,7,10,1,2,ACH,1374,55,1
CUST_000849,2022-02-16,32,13.0,Quarterly,7,7,4,6,Invoice,1176,88,0
CUST_000850,2022-07-06,58,25.21,Annual,12,8,2,5,PayPal,1512,77,0
CUST_000851,2021-12-25,52,38.64,Quarterly,2,12,3,1,PayPal,244,48,0
CUST_000852,2022-10-28,17,18.53,Monthly,9,12,4,3,Credit Card,992,68,1
CUST_000853,2024-07-16,35,157.41,Monthly,6,9,2,1,Credit Card,1003,56,1
CUST_000854,2025-01-17,37,82.8,Annual,10,17,2,7,PayPal,234,78,0
CUST_000855,2023-09-05,19,25.62,Monthly,14,13,0,7,ACH,561,72,0
CUST_000856,2023-07-02,44,54.68,Monthly,12,12,1,1,Credit Card,384,48,0
CUST_000857,2022-08-18,29,73.91,Monthly,5,15,1,8,ACH,1041,80,0
CUST_000858,2024-04-27,59,151.75,Annual,9,6,5,7,Credit Card,590,94,1
CUST_000859,2024-03-10,7,116.7,Quarterly,5,12,2,3,Invoice,1040,63,1
CUST_000860,2023-09-08,28,46.2,Monthly,7,12,3,2,Invoice,684,63,0
CUST_000861,2025-05-10,9,84.51,Quarterly,14,10,5,9,Credit Card,290,100,0
CUST_000862,2023-09-04,28,51.29,Annual,10,11,4,7,ACH,1362,89,1
CUST_000863,2022-06-01,6,50.23,Monthly,12,4,1,6,Credit Card,454,81,0
CUST_000864,2024-07-04,29,16.09,Quarterly,8,8,2,5,PayPal,1650,77,0
CUST_000865,2025-04-25,58,16.74,Quarterly,9,8,1,5,PayPal,78,72,1
CUST_000866,2023-07-06,17,47.7,Annual,5,16,3,3,PayPal,267,64,0
CUST_000867,2023-03-14,16,25.66,Monthly,7,12,2,5,PayPal,386,73,1
CUST_000868,2022-07-31,23,11.06,Annual,11,11,1,8,Invoice,232,84,1
CUST_000869,2024-06-26,31,74.16,Monthly,8,8,2,2,Invoice,1252,62,1
CUST_000870,2026-02-02,3,11.65,Monthly,8,8,2,3,PayPal,353,67,1
CUST_000871,2021-10-04,21,55.23,Monthly,6,4,1,3,ACH,308,66,1
CUST_000872,2024-06-04,26,48.74,Quarterly,9,10,2,6,PayPal,55,80,0
CUST_000873,2022-09-01,36,183.39,Quarterly,9,8,0,1,Credit Card,845,47,1
CUST_000874,2023-01-17,42,43.1,Monthly,8,15,0,5,Invoice,729,60,1
CUST_000875,2024-11-09,37,13.29,Monthly,8,3,0,9,PayPal,794,92,0
CUST_000876,2024-05-01,53,50.11,Quarterly,5,12,1,1,ACH,1631,48,1
CUST_000877,2023-12-16,22,101.97,Monthly,14,10,3,6,Credit Card,429,85,1
CUST_000878,2026-03-23,42,298.01,Annual,10,8,2,7,Credit Card,1535,87,0
CUST_000879,2024-04-23,12,38.14,Monthly,6,4,4,1,ACH,756,66,1
CUST_000880,2021-08-09,42,29.31,Monthly,7,9,2,6,Credit Card,976,81,1
CUST_000881,2024-12-17,13,128.57,Quarterly,11,9,2,4,ACH,1588,71,1
CUST_000882,2023-09-17,11,20.61,Monthly,9,12,0,4,ACH,720,58,1
CUST_000883,2023-02-19,54,57.78,Monthly,4,10,3,6,Credit Card,1620,85,1
CUST_000884,2022-12-25,16,36.02,Monthly,9,14,3,10,Invoice,914,100,0
CUST_000885,2023-10-17,8,12.1,Quarterly,8,9,1,10,ACH,1659,96,0
CUST_000886,2021-07-20,40,31.33,Quarterly,10,6,2,8,Invoice,1412,94,0
CUST_000887,2025-01-27,59,25.41,Monthly,9,11,3,3,ACH,1226,69,1
CUST_000888,2024-05-01,57,67.93,Monthly,8,11,2,7,PayPal,1649,84,1
CUST_000889,2024-04-11,40,158.59,Annual,8,5,3,10,Invoice,1389,100,1
CUST_000890,2023-10-21,45,25.6,Monthly,13,4,2,4,Credit Card,654,76,1
CUST_000891,2023-11-06,59,93.42,Annual,7,7,1,3,PayPal,296,63,0
CUST_000892,2022-01-02,2,12.85,Monthly,9,9,2,3,Invoice,971,66,1
CUST_000893,2022-01-13,30,48.62,Monthly,9,9,5,6,ACH,1276,86,1
CUST_000894,2022-11-03,30,13.66,Annual,5,13,1,10,Credit Card,1269,92,0
CUST_000895,2025-04-08,12,145.93,Monthly,7,12,2,8,Invoice,599,88,1
CUST_000896,2021-11-27,10,82.7,Quarterly,12,12,0,1,Credit Card,1463,43,1
CUST_000897,2023-12-02,44,63.64,Monthly,8,10,5,4,Credit Card,351,75,1
CUST_000898,2025-08-20,11,96.83,Monthly,8,13,2,1,Credit Card,342,52,1
CUST_000899,2024-05-24,15,62.14,Quarterly,9,12,4,8,Credit Card,108,93,0
CUST_000900,2025-02-07,16,183.6,Monthly,6,14,1,5,PayPal,970,66,1
CUST_000901,2026-04-23,17,72.58,Annual,7,12,3,3,PayPal,275,68,0
CUST_000902,2024-01-30,26,139.29,Monthly,4,14,2,8,Invoice,778,86,1
CUST_000903,2024-02-25,2,46.4,Annual,8,9,1,9,PayPal,1154,91,0
CUST_000904,2022-11-14,50,16.23,Annual,11,13,1,5,ACH,563,67,0
CUST_000905,2022-11-05,12,47.56,Monthly,9,9,2,1,Credit Card,1230,56,1
CUST_000906,2023-12-08,51,16.78,Quarterly,6,9,2,6,Credit Card,1377,81,1
CUST_000907,2023-07-09,26,54.88,Annual,10,11,3,5,Invoice,291,79,0
CUST_000908,2023-03-17,23,42.94,Monthly,6,14,2,6,PayPal,1053,76,0
CUST_000909,2023-07-22,18,58.72,Annual,8,8,0,4,ACH,1075,62,1
CUST_000910,2025-04-24,32,10.5,Annual,9,6,1,7,PayPal,1603,84,1
CUST_000911,2023-05-10,49,20.84,Monthly,6,8,2,5,Credit Card,52,77,1
CUST_000912,2025-12-08,38,43.8,Monthly,10,9,3,7,ACH,1117,91,0
CUST_000913,2025-09-21,57,160.29,Monthly,6,7,1,10,PayPal,1398,98,1
CUST_000914,2022-11-17,47,34.19,Monthly,6,10,2,2,PayPal,1558,60,0
CUST_000915,2025-11-07,3,37.61,Annual,8,7,3,3,Invoice,224,73,0
CUST_000916,2024-01-01,38,72.71,Monthly,6,12,3,1,Invoice,49,58,1
CUST_000917,2022-10-05,3,56.29,Quarterly,8,9,1,3,ACH,1726,61,0
CUST_000918,2026-03-01,30,27.76,Monthly,7,7,5,8,ACH,281,98,0
CUST_000919,2022-12-09,1,36.45,Monthly,6,11,1,5,ACH,781,69,1
CUST_000920,2024-01-27,30,22.28,Annual,4,9,1,9,Credit Card,910,91,0
CUST_000921,2024-02-28,45,179.1,Annual,11,8,0,1,Invoice,1585,47,0
CUST_000922,2024-06-13,32,17.0,Annual,8,6,2,5,PayPal,1251,79,0
CUST_000923,2022-04-09,28,33.25,Monthly,3,8,2,2,ACH,669,62,0
CUST_000924,2021-11-11,21,11.31,Monthly,10,4,2,8,Credit Card,1513,96,0
CUST_000925,2026-01-18,58,22.54,Monthly,5,6,5,2,ACH,969,69,1
CUST_000926,2023-04-06,46,85.81,Quarterly,8,11,2,9,Invoice,240,94,1
CUST_000927,2024-12-08,13,21.23,Monthly,9,8,1,6,Credit Card,1554,77,1
CUST_000928,2025-04-13,27,14.17,Quarterly,4,16,5,10,Credit Card,1165,99,1
CUST_000929,2025-03-24,36,42.17,Annual,10,12,2,9,ACH,566,93,0
CUST_000930,2024-01-31,7,10.5,Monthly,13,15,1,2,Invoice,1816,50,1
CUST_000931,2024-12-01,22,14.43,Annual,8,13,4,9,ACH,270,97,1
CUST_000932,2025-01-12,10,92.42,Quarterly,11,11,0,4,Invoice,751,59,0
CUST_000933,2024-05-24,39,83.81,Quarterly,9,7,0,3,Invoice,428,58,1
CUST_000934,2021-10-07,53,133.34,Monthly,15,12,1,4,Invoice,1667,63,1
CUST_000935,2024-03-23,15,106.38,Monthly,5,9,3,8,Credit Card,791,96,1
CUST_000936,2022-05-03,15,67.47,Monthly,9,5,2,7,Invoice,518,90,0
CUST_000937,2023-06-21,4,12.69,Monthly,11,18,2,6,Credit Card,1781,72,1
CUST_000938,2023-08-10,32,86.36,Annual,9,7,1,1,ACH,1160,53,0
CUST_000939,2021-12-26,23,103.38,Quarterly,8,6,1,2,Credit Card,1541,59,0
CUST_000940,2024-06-25,55,90.24,Monthly,7,8,3,10,Invoice,514,100,1
CUST_000941,2024-05-19,6,45.51,Annual,5,12,3,2,PayPal,1388,63,0
CUST_000942,2022-04-12,24,23.26,Annual,8,10,3,8,Invoice,551,95,1
CUST_000943,2026-02-09,20,103.32,Monthly,8,14,1,5,Credit Card,992,66,0
CUST_000944,2023-02-19,58,74.94,Monthly,8,5,1,5,PayPal,772,75,0
CUST_000945,2023-04-20,37,207.54,Annual,5,11,0,6,Credit Card,596,69,1
CUST_000946,2023-04-27,20,18.46,Quarterly,8,12,0,3,PayPal,1653,53,1
CUST_000947,2025-01-31,12,22.79,Annual,9,9,3,2,PayPal,536,66,0
CUST_000948,2026-05-02,33,21.9,Monthly,12,13,3,3,Credit Card,1506,67,1
CUST_000949,2026-03-13,28,88.64,Monthly,6,8,7,5,Invoice,1597,82,0
CUST_000950,2024-06-17,8,20.35,Monthly,8,7,0,10,PayPal,375,93,0
CUST_000951,2024-05-16,1,13.45,Annual,5,6,2,9,Credit Card,589,99,1
CUST_000952,2022-04-24,37,337.18,Annual,7,11,4,5,ACH,1336,79,0
CUST_000953,2025-02-08,22,11.26,Monthly,14,9,4,6,Credit Card,1129,86,0
CUST_000954,2023-12-04,6,100.16,Quarterly,6,8,1,10,Credit Card,61,97,0
CUST_000955,2024-12-31,21,32.74,Annual,16,10,4,3,ACH,644,70,1
CUST_000956,2026-03-30,32,102.14,Annual,12,5,2,5,PayPal,1345,80,0
CUST_000957,2022-07-31,35,50.44,Quarterly,5,12,1,4,Invoice,724,63,1
CUST_000958,2026-01-28,15,125.95,Monthly,4,6,1,7,Credit Card,867,84,1
CUST_000959,2023-05-03,5,140.32,Quarterly,5,14,1,8,Invoice,137,81,1
CUST_000960,2022-01-09,56,10.46,Monthly,5,13,3,1,Invoice,207,57,1
CUST_000961,2025-11-30,46,13.92,Monthly,6,4,1,3,Invoice,1788,66,1
CUST_000962,2025-08-26,50,24.41,Quarterly,10,20,1,9,Credit Card,175,80,1
CUST_000963,2024-06-28,48,65.33,Quarterly,12,14,1,1,PayPal,698,46,0
CUST_000964,2025-02-19,6,119.58,Annual,5,10,1,8,ACH,1348,85,0
CUST_000965,2026-01-05,25,40.8,Annual,9,15,3,2,PayPal,1696,60,1
CUST_000966,2024-03-23,56,56.69,Annual,9,6,1,10,ACH,1040,99,1
CUST_000967,2022-09-11,46,20.44,Quarterly,13,8,3,10,Invoice,1034,100,1
CUST_000968,2025-08-08,59,91.73,Monthly,7,5,2,5,PayPal,1391,80,0
CUST_000969,2023-05-21,56,181.06,Quarterly,7,17,1,3,PayPal,333,53,1
CUST_000970,2025-09-09,40,25.64,Monthly,7,9,2,7,ACH,1786,86,0
CUST_000971,2025-04-09,29,44.14,Monthly,6,9,4,2,ACH,711,66,1
CUST_000972,2023-08-17,7,14.5,Monthly,12,5,1,8,Invoice,669,90,1
CUST_000973,2021-07-10,40,50.95,Annual,8,7,1,1,PayPal,460,53,0
CUST_000974,2024-03-31,13,44.94,Quarterly,7,10,1,6,PayPal,183,75,0
CUST_000975,2025-03-28,38,17.8,Annual,11,8,2,3,Invoice,787,67,1
CUST_000976,2024-08-17,18,39.18,Quarterly,14,7,0,1,Invoice,1725,48,1
CUST_000977,2024-03-27,2,30.33,Monthly,5,15,0,10,ACH,1308,85,1
CUST_000978,2022-09-14,8,46.89,Annual,6,10,3,1,Credit Card,1720,60,0
CUST_000979,2023-10-27,11,54.05,Quarterly,5,7,2,3,PayPal,1171,68,1
CUST_000980,2022-12-19,33,10.43,Annual,7,10,1,6,PayPal,664,75,1
CUST_000981,2022-11-27,54,81.57,Annual,7,8,1,7,Credit Card,134,82,1
CUST_000982,2024-01-01,38,72.42,Annual,7,11,0,4,ACH,1763,59,0
CUST_000983,2024-10-02,48,32.81,Quarterly,9,19,2,3,PayPal,1788,56,1
CUST_000984,2026-02-17,27,12.72,Quarterly,7,12,2,3,ACH,805,63,1
CUST_000985,2025-02-22,20,80.31,Monthly,12,12,5,4,Credit Card,1554,73,0
CUST_000986,2026-01-20,12,165.25,Quarterly,7,6,0,3,Invoice,649,59,0
CUST_000987,2022-05-18,43,23.73,Monthly,14,9,0,4,ACH,629,61,0
CUST_000988,2021-08-09,31,29.54,Monthly,5,5,2,6,ACH,303,85,1
CUST_000989,2024-03-30,27,20.16,Quarterly,5,4,3,9,Credit Card,1766,100,0
CUST_000990,2024-04-25,32,53.01,Monthly,7,8,0,10,Invoice,51,92,1
CUST_000991,2024-02-17,10,18.41,Quarterly,8,14,0,10,PayPal,1544,86,1
CUST_000992,2022-09-11,3,32.02,Monthly,6,13,1,7,ACH,1426,77,1
CUST_000993,2026-01-25,45,69.7,Monthly,9,11,0,7,PayPal,220,74,1
CUST_000994,2024-02-25,27,51.06,Monthly,8,13,2,7,Credit Card,79,82,1
CUST_000995,2022-08-13,35,34.43,Monthly,5,9,2,5,Credit Card,615,76,0
CUST_000996,2023-12-26,31,37.26,Annual,8,8,5,7,Invoice,926,92,1
CUST_000997,2025-02-22,15,51.29,Monthly,7,12,2,8,Invoice,928,88,1
CUST_000998,2025-02-10,16,10.29,Monthly,16,5,1,7,PayPal,905,85,1
CUST_000999,2022-09-09,13,14.09,Monthly,8,17,3,3,Invoice,1015,63,0
CUST_001000,2025-08-27,49,116.54,Monthly,7,10,1,10,Credit Card,981,95,0
CUST_001001,2025-11-18,35,14.05,Annual,6,9,1,9,Invoice,1700,91,1
CUST_001002,2022-03-20,52,71.35,Monthly,12,13,2,10,Invoice,184,97,0
CUST_001003,2023-08-23,11,136.31,Annual,3,6,1,6,Invoice,44,79,0
CUST_001004,2022-08-13,59,25.78,Quarterly,5,7,4,8,PayPal,1558,98,0
CUST_001005,2023-07-18,21,33.14,Annual,6,12,2,6,ACH,628,78,1
CUST_001006,2024-11-07,51,52.07,Quarterly,11,8,0,4,Credit Card,242,62,1
CUST_001007,2024-04-04,54,116.73,Monthly,6,15,3,1,Invoice,907,55,1
CUST_001008,2023-03-30,11,152.28,Monthly,6,9,7,7,PayPal,1564,91,1
CUST_001009,2021-12-28,30,77.27,Quarterly,5,14,1,8,Credit Card,1130,81,0
CUST_001010,2026-02-11,48,14.53,Annual,6,14,1,4,Credit Card,1213,61,1
CUST_001011,2025-12-21,53,65.31,Annual,9,8,4,9,PayPal,846,100,0
CUST_001012,2024-02-26,35,36.41,Annual,5,9,0,8,PayPal,625,81,0
CUST_001013,2023-11-15,22,41.81,Monthly,8,12,2,10,PayPal,653,98,1
CUST_001014,2025-12-16,38,12.52,Monthly,9,12,1,2,PayPal,1506,53,1
CUST_001015,2025-10-31,31,20.6,Annual,6,19,2,10,Invoice,1286,91,0
CUST_001016,2022-06-08,14,88.15,Annual,8,8,1,8,Credit Card,1554,87,1
CUST_001017,2022-08-18,24,40.25,Monthly,9,13,1,4,Invoice,445,62,1
CUST_001018,2024-03-09,50,27.95,Quarterly,9,14,4,10,PayPal,1174,100,0
CUST_001019,2022-02-21,49,34.23,Monthly,4,14,2,9,PayPal,1362,91,1
CUST_001020,2023-08-23,32,106.34,Monthly,8,11,0,3,PayPal,697,54,0
CUST_001021,2026-02-23,36,79.11,Quarterly,9,8,3,3,Invoice,390,72,1
CUST_001022,2024-11-03,32,25.89,Annual,9,10,3,7,ACH,1401,90,1
CUST_001023,2026-03-11,55,16.25,Annual,4,13,5,8,Credit Card,105,92,0
CUST_001024,2022-04-20,15,24.52,Monthly,7,8,3,6,ACH,1763,87,1
CUST_001025,2025-10-10,43,136.76,Monthly,8,14,1,6,PayPal,247,71,1
CUST_001026,2025-12-28,58,53.56,Annual,10,12,2,10,Credit Card,1518,98,0
CUST_001027,2021-06-27,35,48.12,Monthly,6,6,2,8,PayPal,833,94,1
CUST_001028,2026-03-21,3,55.37,Quarterly,6,14,2,10,ACH,219,96,0
CUST_001029,2021-06-22,16,32.79,Quarterly,7,10,1,10,Credit Card,1143,95,1
CUST_001030,2026-01-12,5,92.28,Quarterly,8,12,0,2,PayPal,365,48,1
CUST_001031,2024-04-02,21,47.04,Monthly,9,11,2,5,Credit Card,253,74,1
CUST_001032,2021-09-19,10,16.21,Annual,15,13,4,2,Invoice,1773,62,1
CUST_001033,2023-01-12,19,16.91,Monthly,8,5,5,3,ACH,665,75,1
CUST_001034,2024-01-06,25,48.49,Monthly,5,11,1,7,Credit Card,427,79,1
CUST_001035,2026-01-28,4,147.89,Monthly,6,9,2,1,ACH,1424,56,1
CUST_001036,2022-07-05,29,28.43,Monthly,12,8,2,4,Invoice,310,72,0
CUST_001037,2022-02-09,19,111.83,Quarterly,10,8,2,7,ACH,734,87,1
CUST_001038,2023-11-15,43,82.22,Monthly,4,9,2,5,Invoice,456,76,1
CUST_001039,2025-05-08,2,24.24,Monthly,5,7,4,5,ACH,1133,83,1
CUST_001040,2023-11-15,10,11.85,Quarterly,14,9,2,3,Invoice,382,66,1
CUST_001041,2021-08-17,43,15.37,Monthly,5,9,4,8,Invoice,755,96,0
CUST_001042,2025-07-26,25,75.19,Annual,15,9,2,3,Credit Card,524,66,0
CUST_001043,2022-12-31,20,21.14,Monthly,7,7,2,7,Credit Card,1529,88,0
CUST_001044,2022-12-31,48,33.2,Monthly,8,11,1,1,Credit Card,1743,49,1
CUST_001045,2024-07-05,19,44.83,Quarterly,5,6,0,3,Credit Card,1716,59,0
CUST_001046,2026-01-30,23,74.63,Monthly,6,10,6,1,PayPal,1309,60,1
CUST_001047,2024-06-30,24,16.01,Annual,13,13,1,4,Invoice,1183,62,1
CUST_001048,2026-03-03,11,36.07,Monthly,10,10,2,3,PayPal,1168,65,1
CUST_001049,2024-08-07,46,43.19,Monthly,5,10,0,9,PayPal,585,85,0
CUST_001050,2023-05-24,34,48.92,Monthly,11,20,1,2,Credit Card,1737,45,1
CUST_001051,2022-06-06,55,95.29,Monthly,6,12,2,5,ACH,92,73,0
CUST_001052,2023-07-09,28,19.42,Monthly,10,12,1,10,ACH,1159,93,0
CUST_001053,2022-04-04,5,92.47,Annual,4,13,2,3,PayPal,1420,62,0
CUST_001054,2024-09-06,59,69.03,Monthly,6,12,3,3,PayPal,1218,68,1
CUST_001055,2024-06-20,5,50.58,Monthly,9,11,1,5,Invoice,1341,69,0
CUST_001056,2024-11-15,51,70.12,Monthly,10,20,4,2,Credit Card,1027,55,1
CUST_001057,2022-06-04,21,36.55,Quarterly,6,8,2,5,Credit Card,500,77,1
CUST_001058,2024-01-16,12,17.45,Quarterly,6,9,2,3,Invoice,1076,66,1
CUST_001059,2022-02-16,50,64.8,Annual,3,6,3,2,PayPal,1406,69,0
CUST_001060,2024-07-27,4,47.19,Quarterly,13,12,0,5,Credit Card,227,63,1
CUST_001061,2025-09-12,54,61.0,Monthly,10,13,1,3,PayPal,1229,57,0
CUST_001062,2024-11-25,49,30.62,Monthly,8,12,0,8,PayPal,1598,78,1
CUST_001063,2025-05-22,42,128.69,Annual,14,8,0,2,Credit Card,1798,52,1
CUST_001064,2023-05-29,20,54.26,Annual,7,11,3,7,Credit Card,305,89,0
CUST_001065,2024-11-03,38,14.46,Monthly,12,13,3,8,Invoice,671,92,1
CUST_001066,2023-04-27,25,39.87,Monthly,9,14,1,7,Invoice,497,76,1
CUST_001067,2021-07-14,14,80.6,Quarterly,12,13,1,2,PayPal,372,52,0
CUST_001068,2023-05-02,11,89.03,Quarterly,3,7,1,9,PayPal,1207,93,0
CUST_001069,2024-02-29,32,44.12,Monthly,7,7,1,10,ACH,159,98,1
CUST_001070,2025-08-27,11,122.57,Annual,7,11,0,6,PayPal,991,69,0
CUST_001071,2026-03-17,18,25.58,Monthly,8,8,2,9,Credit Card,1662,97,1
CUST_001072,2023-03-15,27,36.43,Monthly,8,9,2,3,Credit Card,103,66,1
CUST_001073,2025-10-01,55,124.43,Monthly,9,14,0,9,Credit Card,953,81,0
CUST_001074,2025-09-06,54,123.29,Monthly,7,8,3,3,ACH,1068,72,1
CUST_001075,2023-05-19,18,67.87,Monthly,4,14,3,3,ACH,623,66,0
CUST_001076,2025-05-18,56,107.94,Quarterly,9,15,3,8,Invoice,516,90,0
CUST_001077,2026-01-16,23,14.65,Monthly,12,11,2,6,Credit Card,1528,79,1
CUST_001078,2024-01-23,11,110.12,Annual,7,16,1,1,PayPal,1154,44,0
CUST_001079,2026-03-16,21,29.33,Monthly,9,11,1,2,PayPal,849,54,0
CUST_001080,2021-12-18,44,19.82,Monthly,7,8,5,10,PayPal,1476,100,1
CUST_001081,2025-05-31,5,23.68,Quarterly,11,19,1,8,Invoice,489,76,1
CUST_001082,2023-06-18,23,37.06,Annual,8,6,1,7,PayPal,1323,84,1
CUST_001083,2024-02-19,41,24.46,Quarterly,8,11,3,8,Invoice,60,94,1
CUST_001084,2022-10-30,59,29.32,Quarterly,9,6,2,8,Credit Card,102,94,1
CUST_001085,2026-04-25,25,17.25,Monthly,3,9,2,6,ACH,587,81,1
CUST_001086,2024-08-16,41,27.56,Monthly,8,9,3,7,Invoice,1349,91,1
CUST_001087,2022-11-03,54,52.46,Quarterly,9,11,0,6,Invoice,1752,69,1
CUST_001088,2021-08-21,10,39.16,Quarterly,6,10,1,1,PayPal,632,50,0
CUST_001089,2024-05-14,22,31.29,Annual,9,5,1,5,Credit Card,557,75,1
CUST_001090,2025-07-04,19,78.61,Annual,7,13,3,10,Credit Card,1439,100,1
CUST_001091,2024-08-02,1,121.99,Annual,8,10,2,1,PayPal,750,55,0
CUST_001092,2026-03-08,7,80.69,Monthly,8,19,3,2,Invoice,765,56,1
CUST_001093,2024-05-07,4,30.17,Annual,9,6,1,5,PayPal,1628,74,0
CUST_001094,2024-11-23,1,78.22,Quarterly,9,13,3,2,PayPal,1181,62,1
CUST_001095,2025-01-14,15,18.24,Annual,8,3,2,4,ACH,438,77,1
CUST_001096,2026-04-05,40,16.98,Monthly,8,4,1,3,PayPal,992,66,0
CUST_001097,2026-02-14,12,31.2,Monthly,8,12,3,9,PayPal,1606,98,0
CUST_001098,2022-12-10,22,92.44,Monthly,7,12,1,10,Credit Card,1364,93,1
CUST_001099,2022-06-23,22,24.14,Monthly,9,11,4,5,ACH,515,79,1
CUST_001100,2025-05-03,50,13.27,Quarterly,6,11,1,2,Credit Card,1408,54,1
CUST_001101,2024-07-06,47,17.06,Monthly,6,12,1,10,Credit Card,544,93,1
CUST_001102,2024-11-23,17,107.86,Monthly,6,12,2,6,Invoice,1208,78,1
CUST_001103,2024-06-03,29,60.23,Monthly,7,9,2,6,Invoice,1707,81,1
CUST_001104,2022-09-05,46,24.6,Annual,8,7,1,5,Credit Card,574,73,0
CUST_001105,2023-12-02,14,50.52,Annual,10,4,2,3,PayPal,882,71,0
CUST_001106,2023-07-07,50,47.49,Monthly,9,7,1,8,Invoice,1191,88,0
CUST_001107,2023-07-11,20,63.27,Monthly,8,7,1,5,Invoice,722,73,0
CUST_001108,2021-10-29,50,23.28,Monthly,8,8,2,10,Invoice,494,100,0
CUST_001109,2023-10-27,48,109.9,Annual,3,9,0,9,PayPal,1528,86,0
CUST_001110,2024-04-13,33,28.51,Monthly,9,9,3,4,PayPal,1221,76,1
CUST_001111,2025-05-05,55,69.23,Quarterly,11,8,2,4,Invoice,511,72,0
CUST_001112,2021-06-23,59,10.81,Monthly,12,7,0,2,PayPal,821,53,1
CUST_001113,2022-02-21,43,33.31,Monthly,5,11,2,3,Invoice,1191,64,0
CUST_001114,2022-10-13,15,31.67,Annual,8,10,0,7,PayPal,334,75,1
CUST_001115,2022-02-23,12,49.21,Monthly,11,11,4,6,Invoice,1209,84,1
CUST_001116,2024-02-17,40,13.78,Annual,12,6,2,7,Credit Card,1726,89,0
CUST_001117,2024-04-24,54,88.06,Monthly,0,5,4,7,Invoice,972,65,1
CUST_001118,2023-06-29,20,22.28,Annual,7,10,2,9,Invoice,810,95,0
CUST_001119,2023-01-03,30,66.51,Annual,12,6,1,3,ACH,201,64,0
CUST_001120,2021-10-21,38,91.28,Quarterly,5,5,4,6,ACH,634,90,0
CUST_001121,2025-01-03,3,51.26,Monthly,7,9,3,2,Invoice,312,66,0
CUST_001122,2026-04-05,28,77.52,Monthly,6,7,2,3,ACH,104,68,0
CUST_001123,2024-05-19,56,64.21,Monthly,8,9,1,6,PayPal,265,76,0
CUST_001124,2023-06-05,26,31.97,Quarterly,12,7,4,1,Credit Card,491,63,0
CUST_001125,2022-10-14,30,92.74,Quarterly,9,12,1,8,Invoice,1266,83,0
CUST_001126,2022-11-25,13,27.46,Monthly,12,6,3,4,ACH,325,79,1
CUST_001127,2026-02-06,13,52.34,Monthly,8,6,4,5,ACH,886,84,0
CUST_001128,2022-03-27,2,78.4,Monthly,8,9,0,5,ACH,164,66,0
CUST_001129,2025-12-28,37,33.82,Monthly,14,7,2,6,PayPal,236,83,1
CUST_001130,2024-02-11,49,28.03,Monthly,9,12,2,1,PayPal,1765,53,1
CUST_001131,2024-11-12,38,40.75,Monthly,8,13,3,8,Invoice,1410,92,0
CUST_001132,2025-12-09,2,95.18,Annual,5,9,1,5,ACH,1559,71,1
CUST_001133,2022-02-04,36,142.91,Quarterly,1,8,1,3,PayPal,580,42,1
CUST_001134,2022-12-14,54,49.38,Quarterly,6,9,1,8,Invoice,1590,86,1
CUST_001135,2026-04-08,26,64.16,Monthly,7,6,0,10,PayPal,441,94,0
CUST_001136,2021-12-11,11,126.79,Annual,8,10,1,3,Invoice,541,60,0
CUST_001137,2022-06-15,8,15.19,Quarterly,5,10,2,3,ACH,1133,65,1
CUST_001138,2026-02-25,44,23.2,Monthly,8,13,3,8,Invoice,868,92,1
CUST_001139,2025-09-12,40,71.7,Annual,5,11,1,10,PayPal,846,94,0
CUST_001140,2026-01-14,43,96.79,Monthly,6,12,2,8,Credit Card,726,88,1
CUST_001141,2023-02-18,22,107.26,Monthly,14,6,3,3,Invoice,1507,74,0
CUST_001142,2026-01-12,20,36.82,Monthly,5,12,3,4,Credit Card,172,73,1
CUST_001143,2025-09-17,8,14.68,Monthly,4,10,1,6,Invoice,1792,75,1
CUST_001144,2026-01-12,29,38.79,Annual,12,12,0,1,ACH,666,43,1
CUST_001145,2022-03-31,40,23.12,Monthly,6,6,1,9,PayPal,1311,94,1
CUST_001146,2026-03-30,26,27.21,Monthly,8,11,3,2,ACH,937,64,0
CUST_001147,2024-08-18,30,83.98,Monthly,7,13,1,1,PayPal,1643,47,0
CUST_001148,2022-07-10,17,13.93,Quarterly,3,12,1,5,Credit Card,1168,68,1
CUST_001149,2024-04-15,20,97.89,Monthly,9,15,2,7,PayPal,1820,80,1
CUST_001150,2024-09-15,52,37.9,Annual,7,7,1,8,Credit Card,1295,88,1
CUST_001151,2022-01-06,55,55.32,Annual,7,9,5,5,PayPal,857,81,1
CUST_001152,2025-03-04,16,14.7,Monthly,7,10,4,8,Credit Card,1631,95,1
CUST_001153,2024-08-28,46,30.58,Monthly,8,18,1,3,ACH,456,52,1
CUST_001154,2022-02-11,43,14.7,Annual,9,10,0,7,Invoice,831,75,1
CUST_001155,2024-06-10,7,172.91,Monthly,8,14,3,8,Invoice,441,91,0
CUST_001156,2022-10-05,16,92.32,Monthly,13,16,4,5,PayPal,802,74,1
CUST_001157,2022-08-28,45,40.78,Annual,9,8,5,5,ACH,1472,82,1
CUST_001158,2021-07-06,59,22.65,Monthly,11,13,3,7,PayPal,1069,87,1
CUST_001159,2022-04-27,47,145.49,Monthly,10,14,6,2,Invoice,323,61,0
CUST_001160,2025-06-22,56,31.13,Monthly,6,9,1,3,ACH,263,61,1
CUST_001161,2023-12-08,48,18.78,Monthly,4,8,4,9,Invoice,640,100,1
CUST_001162,2021-07-03,27,51.41,Annual,8,8,1,7,Credit Card,459,82,1
CUST_001163,2022-07-02,53,153.92,Annual,10,12,0,6,ACH,713,68,0
CUST_001164,2022-09-28,23,10.19,Annual,4,9,1,1,Credit Card,969,51,1
CUST_001165,2022-05-03,24,23.6,Annual,11,11,2,7,Invoice,1314,84,0
CUST_001166,2024-07-10,9,149.39,Monthly,11,7,5,5,ACH,661,83,1
CUST_001167,2025-07-30,35,19.38,Monthly,6,5,5,6,Invoice,1739,90,1
CUST_001168,2021-08-03,51,16.01,Monthly,5,12,3,2,Invoice,1227,63,1
CUST_001169,2021-12-09,20,52.22,Monthly,12,12,5,8,ACH,1809,93,1
CUST_001170,2022-02-26,37,108.97,Quarterly,8,12,4,10,Credit Card,234,100,1
CUST_001171,2024-08-17,42,42.42,Quarterly,10,9,3,6,Credit Card,276,86,1
CUST_001172,2024-12-03,17,270.74,Monthly,6,10,2,2,PayPal,1055,60,1
CUST_001173,2022-07-29,47,66.84,Monthly,6,5,4,8,PayPal,860,100,1
CUST_001174,2024-01-11,31,13.85,Monthly,10,11,1,1,PayPal,622,49,1
CUST_001175,2022-04-24,55,256.91,Monthly,5,9,3,2,ACH,705,66,1
CUST_001176,2025-05-18,57,36.2,Monthly,9,8,2,5,PayPal,707,77,0
CUST_001177,2021-11-14,8,26.94,Annual,10,13,3,6,Credit Card,783,82,1
CUST_001178,2021-09-18,15,50.81,Quarterly,13,12,1,5,Invoice,1423,68,1
CUST_001179,2024-01-31,31,28.14,Annual,4,10,3,2,PayPal,1653,65,0
CUST_001180,2023-02-27,53,14.52,Monthly,6,6,0,3,Invoice,431,59,1
CUST_001181,2024-04-04,30,10.07,Monthly,9,9,6,10,Invoice,293,100,1
CUST_001182,2023-11-16,46,39.85,Annual,9,10,2,4,PayPal,569,70,0
CUST_001183,2025-09-02,20,100.66,Quarterly,9,3,2,8,Credit Card,929,97,1
CUST_001184,2024-11-06,39,52.47,Quarterly,6,7,1,1,Invoice,963,53,0
CUST_001185,2023-06-04,53,367.0,Quarterly,5,10,1,6,Invoice,1135,75,1
CUST_001186,2025-09-16,55,26.9,Annual,10,13,4,7,Credit Card,989,87,1
CUST_001187,2024-11-01,12,26.46,Annual,11,7,2,9,PayPal,780,98,0
CUST_001188,2023-10-26,49,18.7,Monthly,9,4,1,3,Credit Card,1381,66,0
CUST_001189,2022-12-03,17,18.96,Annual,10,11,1,10,Credit Card,1367,94,1
CUST_001190,2026-04-27,42,26.79,Monthly,5,9,6,3,PayPal,1500,71,1
CUST_001191,2022-08-26,30,88.71,Monthly,8,12,1,10,PayPal,1753,93,0
CUST_001192,2025-01-20,29,128.09,Annual,6,12,1,4,Invoice,906,63,1
CUST_001193,2021-07-12,19,194.62,Monthly,9,10,1,1,Invoice,448,50,1
CUST_001194,2026-02-17,46,23.22,Monthly,11,13,0,7,ACH,1090,72,1
CUST_001195,2026-04-29,11,116.56,Monthly,5,14,1,10,ACH,1000,91,1
CUST_001196,2024-07-26,34,29.89,Monthly,11,6,2,3,Invoice,1244,69,0
CUST_001197,2026-01-05,50,15.99,Monthly,11,6,3,5,Credit Card,665,84,1
CUST_001198,2023-12-04,7,112.02,Monthly,8,10,3,7,ACH,1037,90,0
CUST_001199,2021-11-15,44,60.54,Monthly,5,16,0,5,Credit Card,832,59,0
CUST_001200,2024-12-15,58,19.0,Monthly,10,8,2,6,Credit Card,721,82,1
CUST_001201,2023-09-29,34,38.09,Quarterly,6,10,2,4,PayPal,943,70,0
CUST_001202,2024-10-06,59,26.93,Monthly,7,9,3,1,ACH,1238,61,1
CUST_001203,2022-04-29,20,76.74,Monthly,5,9,2,7,Credit Card,1561,86,1
CUST_001204,2025-10-21,50,40.2,Annual,7,10,0,2,ACH,1417,50,0
CUST_001205,2024-01-07,38,236.78,Quarterly,10,6,3,7,ACH,305,94,1
CUST_001206,2024-05-18,24,12.82,Annual,12,7,2,1,Credit Card,652,58,1
CUST_001207,2022-06-17,10,31.93,Monthly,8,6,2,9,ACH,728,99,1
CUST_001208,2023-06-18,32,42.88,Annual,6,7,3,10,PayPal,1377,100,1
CUST_001209,2022-05-05,52,44.97,Annual,10,11,2,4,ACH,1719,69,1
CUST_001210,2025-11-11,15,28.99,Annual,5,9,1,9,PayPal,298,91,0
CUST_001211,2022-09-17,37,75.33,Annual,2,11,5,3,Invoice,946,59,1
CUST_001212,2021-10-07,20,113.87,Quarterly,5,10,2,2,Credit Card,1413,60,0
CUST_001213,2025-06-11,3,149.61,Quarterly,5,9,4,5,Invoice,885,81,0
CUST_001214,2022-05-30,37,91.76,Annual,12,10,0,3,Invoice,508,55,1
CUST_001215,2023-03-18,57,105.05,Monthly,15,12,2,6,ACH,1042,78,0
CUST_001216,2024-01-18,40,49.99,Annual,9,11,3,4,Invoice,212,74,0
CUST_001217,2024-05-09,8,97.4,Quarterly,7,10,1,4,Credit Card,327,65,0
CUST_001218,2025-09-20,40,28.08,Monthly,9,10,3,10,Credit Card,1392,100,1
CUST_001219,2024-11-17,44,35.41,Quarterly,11,10,2,5,Credit Card,1022,75,1
CUST_001220,2026-01-10,56,29.06,Monthly,6,7,2,6,Credit Card,1763,83,1
CUST_001221,2025-12-14,23,41.5,Monthly,7,13,1,10,Invoice,969,92,0
CUST_001222,2024-10-21,40,26.81,Quarterly,5,6,0,10,Invoice,1591,94,0
CUST_001223,2026-05-02,11,173.0,Monthly,11,11,4,10,PayPal,1502,100,0
CUST_001224,2026-02-02,46,28.76,Monthly,5,16,1,6,ACH,617,69,1
CUST_001225,2024-07-18,8,15.16,Monthly,7,7,4,7,Credit Card,1167,93,0
CUST_001226,2025-06-17,29,47.41,Monthly,9,8,3,7,Invoice,103,92,1
CUST_001227,2022-01-10,30,12.94,Monthly,7,8,1,4,Invoice,375,67,0
CUST_001228,2025-12-15,56,15.86,Monthly,6,16,2,6,Invoice,696,74,1
CUST_001229,2022-02-18,10,22.38,Monthly,10,12,2,4,PayPal,706,68,1
CUST_001230,2024-01-09,39,41.21,Quarterly,1,3,1,2,ACH,1542,42,0
CUST_001231,2025-08-17,28,38.39,Quarterly,10,13,3,8,ACH,1819,92,0
CUST_001232,2021-09-09,49,90.39,Monthly,8,12,3,1,Credit Card,1093,58,0
CUST_001233,2023-11-13,36,77.25,Annual,10,12,2,5,ACH,1336,73,0
CUST_001234,2024-06-12,13,37.78,Monthly,5,13,2,3,Invoice,1118,62,0
CUST_001235,2026-04-23,32,30.3,Monthly,9,12,2,6,Credit Card,985,78,0
CUST_001236,2025-08-15,36,29.02,Monthly,11,9,2,8,Invoice,1365,91,1
CUST_001237,2021-10-02,37,84.36,Quarterly,6,15,1,1,PayPal,1677,45,1
CUST_001238,2025-11-12,26,12.67,Quarterly,4,13,3,10,ACH,1003,100,1
CUST_001239,2023-11-17,22,10.65,Monthly,9,17,3,4,Credit Card,849,68,1
CUST_001240,2026-04-20,4,89.37,Monthly,3,7,1,4,PayPal,898,68,1
CUST_001241,2023-01-27,31,42.42,Monthly,1,10,3,6,Credit Card,210,65,1
CUST_001242,2021-10-10,18,17.01,Annual,10,9,2,1,ACH,1323,56,1
CUST_001243,2021-11-25,38,23.43,Annual,7,9,1,6,PayPal,701,76,1
CUST_001244,2025-06-16,24,144.78,Monthly,10,10,4,10,Invoice,765,100,1
CUST_001245,2022-08-29,56,108.13,Annual,6,15,5,9,Credit Card,1264,95,1
CUST_001246,2021-11-08,23,71.86,Monthly,10,12,2,1,PayPal,997,53,0
CUST_001247,2025-06-08,22,42.91,Quarterly,5,18,2,3,PayPal,960,57,1
CUST_001248,2024-03-09,2,46.73,Annual,11,14,3,5,PayPal,78,76,0
CUST_001249,2024-03-17,31,194.94,Monthly,7,12,2,10,ACH,1195,98,0
CUST_001250,2023-11-04,55,178.73,Annual,9,15,1,2,ACH,1240,50,0
CUST_001251,2022-01-10,11,22.12,Quarterly,8,12,4,3,ACH,1186,68,1
CUST_001252,2022-05-21,28,93.33,Monthly,7,12,1,2,ACH,1148,53,1
CUST_001253,2021-11-15,46,20.99,Monthly,4,10,1,4,ACH,61,65,1
CUST_001254,2023-04-10,32,22.01,Quarterly,10,7,2,8,PayPal,757,93,0
CUST_001255,2021-12-10,5,66.36,Monthly,9,12,1,9,PayPal,947,88,0
CUST_001256,2025-06-19,38,35.96,Monthly,8,8,4,8,Invoice,90,97,1
CUST_001257,2025-09-09,10,144.08,Monthly,10,14,1,10,ACH,946,91,0
CUST_001258,2025-06-03,40,14.66,Quarterly,8,11,2,10,Credit Card,1598,99,0
CUST_001259,2025-04-22,46,45.82,Annual,17,12,0,1,Invoice,1516,43,1
CUST_001260,2022-04-11,24,135.37,Quarterly,14,8,3,9,Invoice,848,100,1
CUST_001261,2023-02-27,35,127.23,Annual,11,6,1,5,Credit Card,1741,74,1
CUST_001262,2024-09-22,44,18.51,Monthly,10,8,1,2,Invoice,1196,57,1
CUST_001263,2022-01-13,48,32.84,Annual,14,13,1,9,Invoice,1312,87,1
CUST_001264,2024-12-06,23,58.26,Annual,6,16,1,2,Invoice,1787,49,0
CUST_001265,2022-09-21,17,18.68,Monthly,10,13,3,1,ACH,1750,57,1
CUST_001266,2022-08-28,1,182.14,Monthly,7,13,0,3,ACH,1365,52,1
CUST_001267,2023-10-28,55,133.11,Monthly,5,13,0,6,PayPal,91,67,1
CUST_001268,2021-12-19,31,19.13,Annual,4,9,3,3,PayPal,1414,71,1
CUST_001269,2022-07-30,31,16.46,Quarterly,9,8,2,6,ACH,1381,82,1
CUST_001270,2023-12-12,42,14.46,Annual,2,8,3,3,ACH,112,62,1
CUST_001271,2022-11-27,57,130.09,Quarterly,5,6,1,10,Invoice,1493,99,1
CUST_001272,2025-08-06,55,20.76,Monthly,6,7,3,2,Credit Card,1741,68,1
CUST_001273,2024-02-25,42,36.92,Quarterly,7,7,1,2,Invoice,888,58,1
CUST_001274,2022-09-26,53,39.79,Quarterly,4,8,1,4,Credit Card,1442,67,1
CUST_001275,2024-05-08,56,55.69,Monthly,5,16,2,3,PayPal,522,59,1
CUST_001276,2023-01-30,34,13.72,Quarterly,8,12,4,8,Credit Card,503,93,1
CUST_001277,2026-04-28,9,22.86,Monthly,4,10,2,1,PayPal,683,55,1
CUST_001278,2024-01-03,22,144.04,Quarterly,5,7,3,6,Invoice,1350,88,0
CUST_001279,2022-06-30,13,129.52,Quarterly,7,10,2,6,Credit Card,1241,80,0
CUST_001280,2026-02-14,25,86.0,Annual,11,10,3,5,ACH,1359,80,0
CUST_001281,2022-05-30,48,10.98,Annual,11,8,2,10,Invoice,1116,100,1
CUST_001282,2024-10-06,18,29.8,Monthly,3,10,2,8,Credit Card,1118,90,1
CUST_001283,2025-12-22,51,59.44,Annual,10,14,2,1,PayPal,1725,51,0
CUST_001284,2024-09-09,12,26.09,Monthly,8,13,4,5,Invoice,248,77,1
CUST_001285,2021-06-25,40,130.17,Annual,9,9,1,4,Credit Card,559,66,0
CUST_001286,2023-06-02,17,60.24,Annual,8,5,2,8,PayPal,1071,95,0
CUST_001287,2026-02-03,15,13.73,Quarterly,4,3,4,10,PayPal,1043,100,0
CUST_001288,2025-03-27,42,129.85,Monthly,5,11,5,2,PayPal,966,64,0
CUST_001289,2025-07-11,15,168.23,Quarterly,8,8,4,10,PayPal,904,100,1
CUST_001290,2022-09-22,15,14.04,Quarterly,8,9,1,7,ACH,1686,81,1
CUST_001291,2024-08-25,55,48.0,Annual,10,10,1,2,Credit Card,616,55,1
CUST_001292,2022-02-03,39,28.07,Monthly,7,12,4,8,Invoice,611,93,1
CUST_001293,2024-02-23,13,34.95,Monthly,6,9,4,5,Credit Card,208,81,0
CUST_001294,2021-08-22,17,19.9,Monthly,5,8,0,2,Credit Card,1274,52,1
CUST_001295,2021-10-15,32,53.15,Annual,9,6,0,1,ACH,1601,49,1
CUST_001296,2025-03-07,9,168.48,Annual,8,10,2,9,Credit Card,652,95,0
CUST_001297,2023-06-21,40,44.97,Quarterly,13,13,1,2,ACH,1599,52,0
CUST_001298,2024-10-05,20,14.33,Monthly,7,12,3,1,PayPal,1324,58,1
CUST_001299,2025-12-11,26,58.38,Monthly,8,5,1,7,Invoice,151,85,1
CUST_001300,2023-08-14,27,30.79,Annual,8,7,1,6,Invoice,1702,78,0
CUST_001301,2024-07-07,21,106.87,Quarterly,6,10,0,8,Invoice,510,80,0
CUST_001302,2025-12-09,18,38.52,Quarterly,12,14,3,10,PayPal,1006,100,0
CUST_001303,2022-12-01,13,20.71,Quarterly,9,12,2,3,ACH,642,63,0
CUST_001304,2023-07-31,16,20.6,Monthly,9,12,1,3,ACH,424,58,0
CUST_001305,2024-12-16,9,83.22,Annual,7,10,0,6,ACH,913,70,0
CUST_001306,2024-02-02,12,25.43,Quarterly,10,5,2,6,ACH,1351,85,0
CUST_001307,2021-11-05,44,82.89,Monthly,10,10,6,3,Credit Card,1539,70,1
CUST_001308,2026-01-19,38,21.53,Monthly,8,11,1,6,Credit Card,535,74,1
CUST_001309,2023-06-05,19,29.41,Monthly,6,12,1,1,PayPal,1244,48,1
CUST_001310,2025-10-17,7,41.32,Monthly,10,12,0,1,PayPal,1734,43,1
CUST_001311,2021-10-06,57,153.41,Annual,7,3,4,5,ACH,1754,87,1
CUST_001312,2024-10-01,35,144.22,Monthly,15,9,1,4,Invoice,1211,66,1
CUST_001313,2025-04-07,48,21.59,Monthly,5,6,2,2,Credit Card,526,64,0
CUST_001314,2023-01-16,18,32.18,Monthly,10,5,0,3,ACH,938,60,1
CUST_001315,2024-10-26,16,18.09,Annual,5,12,0,1,ACH,1768,43,1
CUST_001316,2022-04-22,55,45.67,Monthly,7,6,4,6,PayPal,782,89,1
CUST_001317,2022-03-01,39,40.86,Annual,3,10,3,10,Credit Card,1700,100,1
CUST_001318,2023-06-29,4,125.51,Monthly,6,13,1,5,PayPal,1424,67,0
CUST_001319,2021-10-29,59,142.97,Monthly,8,13,2,10,ACH,1303,97,1
CUST_001320,2021-09-13,25,34.19,Monthly,5,12,1,6,PayPal,343,73,0
CUST_001321,2022-09-28,32,43.84,Monthly,4,7,1,6,PayPal,1501,78,0
CUST_001322,2025-01-10,40,123.28,Monthly,8,10,3,2,PayPal,1168,65,0
CUST_001323,2022-11-25,13,92.18,Monthly,8,12,3,8,Invoice,1430,93,1
CUST_001324,2023-10-23,45,10.18,Quarterly,5,11,3,6,Credit Card,842,84,1
CUST_001325,2025-03-09,17,29.29,Annual,7,8,1,2,PayPal,1138,57,0
CUST_001326,2025-11-27,49,37.39,Monthly,8,9,1,1,ACH,868,51,1
CUST_001327,2024-10-30,37,23.05,Monthly,10,7,5,9,Credit Card,435,100,1
CUST_001328,2022-04-29,6,21.13,Quarterly,7,6,2,4,ACH,1422,74,1
CUST_001329,2023-04-08,19,11.93,Annual,7,8,1,10,Credit Card,1789,97,0
CUST_001330,2023-07-17,13,61.55,Monthly,2,17,4,8,Credit Card,801,78,0
CUST_001331,2023-08-10,57,25.23,Annual,8,13,2,2,Credit Card,1260,57,0
CUST_001332,2022-05-29,26,12.69,Annual,8,11,1,9,PayPal,1732,89,1
CUST_001333,2023-09-25,14,23.13,Annual,8,15,1,8,Invoice,1394,80,1
CUST_001334,2025-07-18,31,90.95,Monthly,7,14,0,2,Credit Card,1794,46,1
CUST_001335,2022-11-02,54,105.35,Monthly,4,15,2,9,Invoice,966,90,1
CUST_001336,2025-10-19,4,42.99,Monthly,7,16,2,8,PayPal,582,84,1
CUST_001337,2024-09-12,39,36.9,Quarterly,9,10,2,2,ACH,966,60,1
CUST_001338,2022-02-07,8,200.5,Annual,13,11,3,6,Invoice,697,84,1
CUST_001339,2024-12-02,25,21.19,Monthly,6,8,2,5,Invoice,532,77,0
CUST_001340,2021-10-17,13,22.13,Quarterly,8,8,4,2,Credit Card,1736,67,1
CUST_001341,2023-12-20,32,27.26,Quarterly,10,8,2,8,Invoice,157,92,0
CUST_001342,2023-03-18,59,19.48,Quarterly,3,3,2,1,Credit Card,477,62,1
CUST_001343,2024-02-17,38,33.85,Quarterly,7,10,4,8,Invoice,1187,95,0
CUST_001344,2023-02-05,38,130.86,Quarterly,7,7,3,6,Invoice,924,88,1
CUST_001345,2024-02-08,56,57.77,Monthly,14,11,1,9,Credit Card,656,89,0
CUST_001346,2025-09-17,28,36.55,Quarterly,7,16,2,6,Credit Card,888,74,1
CUST_001347,2025-09-29,53,146.22,Quarterly,13,13,1,1,Invoice,1310,47,0
CUST_001348,2023-09-28,30,12.48,Monthly,4,10,2,10,ACH,44,100,0
CUST_001349,2021-08-17,3,21.8,Monthly,5,6,3,5,PayPal,1716,84,1
CUST_001350,2026-04-18,28,51.72,Quarterly,9,12,1,7,ACH,1454,78,1
CUST_001351,2023-02-07,3,57.8,Monthly,13,10,1,4,PayPal,1367,65,1
CUST_001352,2021-10-04,45,12.02,Quarterly,10,5,1,4,PayPal,1380,70,1
CUST_001353,2022-10-26,54,35.8,Monthly,8,6,1,3,Credit Card,1157,64,0
CUST_001354,2023-02-07,34,62.37,Monthly,7,11,2,8,ACH,541,89,0
CUST_001355,2026-03-17,16,69.88,Monthly,5,9,1,5,PayPal,1248,71,0
CUST_001356,2025-06-13,22,60.82,Monthly,8,8,1,6,Invoice,1151,77,1
CUST_001357,2024-01-10,32,29.32,Annual,7,14,5,3,Invoice,1648,66,1
CUST_001358,2021-08-28,38,14.91,Annual,13,10,3,1,Invoice,315,60,0
CUST_001359,2025-12-24,8,37.85,Monthly,10,7,3,8,PayPal,807,98,0
CUST_001360,2022-05-29,55,16.89,Monthly,5,13,0,8,Credit Card,852,77,1
CUST_001361,2026-01-28,8,157.47,Monthly,10,11,2,7,Invoice,1735,84,1
CUST_001362,2024-08-14,57,42.23,Monthly,13,7,1,7,ACH,793,83,0
CUST_001363,2024-04-08,6,29.08,Annual,7,13,2,4,Invoice,527,67,0
CUST_001364,2022-09-25,14,82.69,Monthly,8,12,0,10,Credit Card,772,88,1
CUST_001365,2024-02-29,32,44.45,Monthly,4,9,5,6,Invoice,925,86,0
CUST_001366,2022-10-04,35,28.56,Monthly,9,5,3,6,Invoice,1676,90,1
CUST_001367,2026-02-23,10,93.56,Monthly,6,12,1,8,PayPal,1263,83,0
CUST_001368,2021-09-22,3,110.93,Monthly,10,14,4,1,Credit Card,1524,56,1
CUST_001369,2026-04-22,59,65.89,Monthly,7,8,3,6,ACH,929,87,1
CUST_001370,2022-11-02,12,12.41,Quarterly,8,9,2,2,Credit Card,1031,61,0
CUST_001371,2023-12-13,49,51.77,Quarterly,6,12,2,5,ACH,1280,73,1
CUST_001372,2024-10-30,59,82.05,Quarterly,8,6,1,9,PayPal,1254,94,1
CUST_001373,2023-03-02,31,17.34,Monthly,13,13,0,1,PayPal,94,42,1
CUST_001374,2024-05-21,29,22.98,Monthly,4,9,2,6,ACH,1041,81,1
CUST_001375,2026-04-10,5,117.06,Annual,8,7,0,9,Invoice,1703,88,1
CUST_001376,2024-02-08,52,11.02,Annual,2,7,2,5,Credit Card,795,68,1
CUST_001377,2025-05-22,25,79.86,Quarterly,7,12,1,5,ACH,908,68,1
CUST_001378,2025-07-05,41,42.1,Monthly,7,9,0,3,Invoice,1532,56,0
CUST_001379,2025-05-05,31,39.6,Monthly,8,8,3,2,ACH,1067,67,1
CUST_001380,2025-04-02,21,10.36,Annual,8,17,4,7,PayPal,1401,83,1
CUST_001381,2025-09-27,58,95.57,Quarterly,4,13,3,3,Credit Card,140,67,0
CUST_001382,2025-12-13,20,32.3,Quarterly,10,14,0,3,ACH,1601,51,0
CUST_001383,2021-11-05,39,48.91,Annual,10,4,1,2,ACH,1525,61,0
CUST_001384,2023-09-18,22,66.55,Quarterly,5,10,1,4,Credit Card,1593,65,0
CUST_001385,2022-12-16,4,70.64,Annual,5,8,1,8,Invoice,856,87,1
CUST_001386,2023-08-22,13,166.16,Quarterly,4,11,2,4,PayPal,1313,69,1
CUST_001387,2023-08-14,45,47.89,Quarterly,6,7,3,4,PayPal,1003,78,0
CUST_001388,2021-10-29,42,35.52,Quarterly,7,11,0,10,Credit Card,663,89,0
CUST_001389,2021-11-05,50,163.63,Monthly,7,17,0,10,Invoice,1634,83,1
CUST_001390,2024-01-26,49,61.38,Monthly,8,9,1,6,PayPal,1533,76,0
CUST_001391,2024-06-19,20,27.7,Annual,7,8,2,9,Invoice,1198,97,1
CUST_001392,2022-04-10,52,16.76,Monthly,6,8,2,3,PayPal,1429,67,1
CUST_001393,2023-08-03,13,102.43,Quarterly,9,9,5,7,Credit Card,639,91,1
CUST_001394,2025-05-12,17,32.49,Monthly,8,9,1,4,Credit Card,1431,66,1
CUST_001395,2023-07-30,54,64.01,Monthly,10,8,0,7,Invoice,450,77,0
CUST_001396,2022-08-24,36,41.82,Annual,7,10,6,4,PayPal,1499,75,1
CUST_001397,2023-03-03,33,21.09,Monthly,6,9,2,6,PayPal,1527,81,0
CUST_001398,2023-11-27,1,56.03,Monthly,12,8,1,3,Invoice,1167,62,1
CUST_001399,2025-12-27,15,13.13,Monthly,9,10,0,4,Invoice,1724,60,1
CUST_001400,2023-03-30,13,36.67,Annual,6,6,2,5,Invoice,249,79,1
CUST_001401,2023-07-29,17,49.55,Monthly,7,12,2,7,ACH,794,83,1
CUST_001402,2024-09-06,24,38.64,Quarterly,8,10,7,1,PayPal,441,60,1
CUST_001403,2022-07-01,58,79.05,Monthly,6,12,2,8,Invoice,1018,88,1
CUST_001404,2023-07-24,8,97.99,Quarterly,6,12,0,6,Invoice,210,68,0
CUST_001405,2026-03-13,50,83.75,Monthly,13,9,2,8,Invoice,833,91,1
CUST_001406,2023-06-15,27,11.98,Monthly,5,13,1,8,ACH,183,82,1
CUST_001407,2022-04-08,45,20.79,Monthly,6,14,3,9,Invoice,1139,96,0
CUST_001408,2022-09-21,23,48.46,Monthly,6,11,3,4,Credit Card,256,74,1
CUST_001409,2022-09-20,46,146.53,Annual,8,12,2,3,ACH,57,63,1
CUST_001410,2021-07-18,8,100.08,Monthly,8,10,1,1,Invoice,1673,50,1
CUST_001411,2024-03-15,8,102.43,Monthly,10,10,3,9,PayPal,1437,100,1
CUST_001412,2022-06-02,59,28.06,Annual,15,4,1,2,Invoice,1587,61,1
CUST_001413,2021-06-05,26,38.06,Monthly,6,9,2,9,ACH,975,96,1
CUST_001414,2024-02-09,47,41.81,Monthly,5,7,4,10,Invoice,1391,100,0
CUST_001415,2021-11-08,59,18.56,Annual,11,8,1,8,Invoice,1426,87,1
CUST_001416,2022-06-04,13,11.58,Quarterly,6,10,1,9,PayPal,98,90,1
CUST_001417,2022-08-02,39,156.78,Monthly,10,11,1,2,PayPal,1306,54,0
CUST_001418,2021-10-30,37,23.77,Monthly,6,17,4,7,PayPal,1018,83,1
CUST_001419,2025-03-09,49,23.72,Quarterly,6,5,1,7,Invoice,1576,85,0
CUST_001420,2023-01-13,28,14.35,Monthly,7,15,0,3,Credit Card,245,50,1
CUST_001421,2023-08-24,25,141.91,Quarterly,8,10,2,4,ACH,1496,70,0
CUST_001422,2024-01-29,16,53.34,Monthly,8,8,4,10,ACH,1226,100,1
CUST_001423,2023-07-13,55,64.99,Quarterly,7,11,2,9,ACH,822,94,0
CUST_001424,2024-10-13,2,131.28,Monthly,10,7,0,1,ACH,557,48,1
CUST_001425,2025-04-27,54,31.2,Quarterly,6,8,0,3,PayPal,665,57,1
CUST_001426,2023-10-10,18,58.58,Monthly,9,6,2,7,ACH,723,89,1
CUST_001427,2024-07-11,17,11.98,Annual,10,11,2,2,ACH,1044,59,0
CUST_001428,2022-05-09,30,20.34,Monthly,13,10,2,3,Credit Card,1048,65,0
CUST_001429,2023-09-07,39,98.97,Monthly,7,9,3,4,Invoice,1216,76,1
CUST_001430,2022-09-08,13,82.79,Annual,9,15,2,1,Invoice,1705,50,1
CUST_001431,2023-02-27,32,31.59,Annual,8,13,3,9,Invoice,789,97,0
CUST_001432,2025-10-13,50,33.65,Quarterly,10,7,6,9,Credit Card,1244,100,1
CUST_001433,2022-05-04,29,48.13,Monthly,6,9,4,3,ACH,545,71,0
CUST_001434,2025-06-24,46,10.01,Quarterly,12,11,2,5,Credit Card,1601,74,0
CUST_001435,2026-01-06,30,23.8,Monthly,11,6,1,2,Credit Card,1018,59,0
CUST_001436,2021-09-16,18,21.67,Quarterly,6,17,2,8,Credit Card,1391,83,0
CUST_001437,2023-10-09,13,24.42,Quarterly,8,14,1,5,PayPal,1542,66,1
CUST_001438,2024-10-05,43,91.97,Monthly,8,7,0,2,Credit Card,1402,53,1
CUST_001439,2025-09-01,21,26.4,Quarterly,5,10,2,6,Credit Card,934,80,0
CUST_001440,2024-11-12,30,20.63,Quarterly,7,9,4,6,ACH,1255,86,0
CUST_001441,2021-11-19,21,45.09,Monthly,10,11,2,5,ACH,295,74,1
CUST_001442,2026-02-17,48,110.36,Annual,5,13,2,6,PayPal,1746,77,0
CUST_001443,2025-04-12,55,23.81,Monthly,10,10,1,8,Credit Card,1573,85,1
CUST_001444,2022-12-16,17,14.09,Quarterly,6,8,2,5,ACH,1816,77,0
CUST_001445,2025-01-13,40,32.03,Monthly,8,13,4,1,Invoice,661,57,0
CUST_001446,2025-03-11,19,78.85,Monthly,6,14,1,2,Invoice,1368,51,0
CUST_001447,2025-05-21,52,50.0,Monthly,10,10,6,9,Invoice,1309,100,1
CUST_001448,2022-01-31,15,94.86,Annual,5,12,3,8,PayPal,270,93,0
CUST_001449,2024-08-01,9,170.44,Quarterly,10,15,4,4,ACH,432,70,1
CUST_001450,2023-10-07,52,88.67,Quarterly,12,10,3,1,ACH,1737,60,1
CUST_001451,2023-09-21,10,56.29,Monthly,7,16,1,8,Credit Card,841,79,1
CUST_001452,2023-12-09,44,44.0,Monthly,10,7,2,1,Invoice,831,58,1
CUST_001453,2024-03-31,31,12.04,Annual,9,8,2,9,Invoice,850,97,1
CUST_001454,2023-01-16,53,217.77,Annual,8,15,3,10,ACH,800,100,0
CUST_001455,2023-01-13,23,34.18,Monthly,5,13,1,9,Credit Card,628,87,1
CUST_001456,2024-07-08,52,18.26,Monthly,10,11,2,5,Credit Card,268,74,0
CUST_001457,2026-04-08,30,64.94,Annual,9,10,3,3,Invoice,1311,70,0
CUST_001458,2023-01-15,33,26.72,Monthly,11,13,4,1,ACH,1241,57,1
CUST_001459,2024-05-23,57,54.07,Annual,12,11,2,2,PayPal,971,59,0
CUST_001460,2022-02-28,52,54.19,Annual,11,7,2,5,ACH,44,78,1
CUST_001461,2023-02-03,9,39.51,Quarterly,3,12,0,2,PayPal,1152,48,1
CUST_001462,2025-11-07,54,100.43,Annual,9,9,2,6,Invoice,1421,81,0
CUST_001463,2025-07-22,47,25.39,Monthly,6,11,3,3,ACH,152,69,0
CUST_001464,2026-03-01,1,39.77,Quarterly,11,7,2,7,Invoice,413,88,1
CUST_001465,2023-08-04,44,48.58,Annual,6,13,2,10,Credit Card,292,97,1
CUST_001466,2024-07-10,35,64.48,Monthly,7,7,4,10,Invoice,1242,100,1
CUST_001467,2024-07-06,11,86.62,Annual,9,10,1,9,PayPal,320,90,0
CUST_001468,2025-11-28,34,35.11,Monthly,9,6,1,1,Invoice,1634,54,0
CUST_001469,2022-04-01,16,61.93,Quarterly,8,11,0,3,Invoice,1230,54,0
CUST_001470,2023-05-26,9,18.16,Monthly,6,8,0,10,ACH,1055,92,1
CUST_001471,2023-09-09,32,144.89,Annual,6,12,1,4,ACH,191,63,0
CUST_001472,2024-01-05,15,34.15,Monthly,7,12,2,6,Invoice,521,78,1
CUST_001473,2023-04-21,12,75.38,Monthly,6,13,2,3,Credit Card,1675,62,1
CUST_001474,2022-07-18,33,11.03,Quarterly,8,7,3,4,ACH,733,78,0
CUST_001475,2024-06-13,45,21.48,Quarterly,8,14,0,10,Credit Card,576,86,1
CUST_001476,2025-12-06,14,43.38,Monthly,10,16,4,5,PayPal,639,74,0
CUST_001477,2021-10-22,57,115.29,Monthly,11,16,1,4,ACH,1003,59,0
CUST_001478,2025-05-26,57,47.46,Monthly,5,8,1,3,Invoice,960,62,1
CUST_001479,2025-01-12,8,142.87,Annual,7,6,3,7,ACH,770,94,0
CUST_001480,2023-05-12,8,43.06,Annual,7,13,1,8,Credit Card,329,82,0
CUST_001481,2021-08-12,27,43.71,Annual,6,8,1,2,Invoice,263,57,0
CUST_001482,2022-07-19,12,16.38,Annual,10,14,3,10,Invoice,1188,100,1
CUST_001483,2024-10-19,1,91.14,Quarterly,9,7,0,6,Credit Card,1348,73,1
CUST_001484,2025-06-10,43,24.18,Monthly,13,11,3,9,ACH,1394,99,1
CUST_001485,2021-06-05,40,124.94,Monthly,5,13,5,1,PayPal,1772,57,1
CUST_001486,2021-07-08,42,130.86,Annual,6,11,4,8,Invoice,534,94,0
CUST_001487,2023-02-23,51,153.51,Quarterly,7,5,5,6,Invoice,938,90,1
CUST_001488,2023-08-17,11,46.72,Annual,18,9,5,4,Credit Card,1009,76,0
CUST_001489,2025-09-30,39,66.52,Annual,7,7,0,6,Invoice,272,73,1
CUST_001490,2025-02-22,43,85.37,Annual,9,9,2,10,Invoice,1151,100,1
CUST_001491,2023-09-24,31,17.02,Quarterly,9,8,3,9,PayPal,887,100,0
CUST_001492,2024-05-10,17,55.93,Monthly,5,9,5,5,Invoice,289,81,1
CUST_001493,2022-08-30,33,11.74,Monthly,4,8,1,5,PayPal,113,72,0
CUST_001494,2026-04-01,32,44.41,Quarterly,9,11,2,3,Invoice,560,64,1
CUST_001495,2024-07-02,58,18.41,Quarterly,8,8,2,9,PayPal,1174,97,0
CUST_001496,2025-07-22,29,20.1,Monthly,1,12,2,3,Credit Card,828,43,0
CUST_001497,2022-09-12,21,32.71,Monthly,7,3,2,5,Credit Card,752,82,1
CUST_001498,2025-02-28,21,38.32,Monthly,5,10,2,1,PayPal,788,55,0
CUST_001499,2022-03-24,40,58.8,Monthly,7,7,2,10,Credit Card,72,100,1
CUST_001500,2025-07-21,23,13.87,Quarterly,9,10,3,7,ACH,93,90,0
CUST_001501,2023-02-20,56,45.03,Monthly,7,8,3,8,PayPal,795,97,0
CUST_001502,2022-05-16,6,20.08,Quarterly,4,10,3,8,Invoice,799,95,0
CUST_001503,2023-06-25,22,52.66,Monthly,7,13,5,10,Invoice,1015,100,1
CUST_001504,2026-04-15,50,60.72,Annual,2,10,3,1,Invoice,366,50,0
CUST_001505,2024-03-25,38,50.68,Monthly,7,15,3,10,ACH,1653,100,0
CUST_001506,2024-09-20,37,77.03,Annual,8,7,3,10,Credit Card,873,100,1
CUST_001507,2022-07-08,45,30.44,Annual,6,3,0,10,ACH,1797,97,1
CUST_001508,2023-01-20,51,82.43,Annual,7,10,4,1,PayPal,753,60,0
CUST_001509,2023-07-28,54,38.35,Monthly,3,7,2,7,ACH,864,88,1
CUST_001510,2025-10-21,8,43.1,Monthly,8,9,2,1,Credit Card,1324,56,1
CUST_001511,2024-12-17,41,62.22,Monthly,7,9,2,5,ACH,72,76,1
CUST_001512,2023-08-19,49,10.93,Monthly,7,12,3,4,Invoice,1127,73,1
CUST_001513,2023-03-23,35,63.06,Annual,10,10,2,3,Invoice,1692,65,0
CUST_001514,2026-01-09,51,58.19,Annual,6,17,2,1,Invoice,561,48,0
CUST_001515,2022-12-04,11,28.54,Annual,6,10,0,8,Invoice,564,80,1
CUST_001516,2021-09-04,24,14.48,Annual,9,9,4,3,Invoice,1510,71,0
CUST_001517,2023-09-29,49,14.77,Monthly,4,13,0,10,Invoice,1668,87,1
CUST_001518,2024-01-23,21,138.34,Monthly,5,13,0,4,PayPal,1627,57,1
CUST_001519,2021-10-08,51,68.44,Monthly,6,12,3,4,ACH,528,73,1
CUST_001520,2022-10-23,2,16.8,Quarterly,13,15,1,1,Credit Card,603,45,1
CUST_001521,2023-10-21,40,32.06,Annual,6,12,2,1,Invoice,1383,53,1
CUST_001522,2026-03-09,19,54.88,Monthly,9,5,3,4,Credit Card,466,80,1
CUST_001523,2021-10-09,39,100.26,Monthly,2,10,3,6,ACH,346,75,0
CUST_001524,2024-02-23,28,12.23,Quarterly,5,11,3,6,Invoice,594,84,1
CUST_001525,2024-03-16,59,23.5,Annual,8,5,3,4,PayPal,1042,80,1
CUST_001526,2022-04-12,17,120.25,Annual,4,13,1,6,ACH,1696,72,0
CUST_001527,2025-11-22,6,10.46,Monthly,9,11,3,2,PayPal,1449,64,1
CUST_001528,2022-06-29,19,21.24,Monthly,6,11,0,4,ACH,1689,59,1
CUST_001529,2026-02-05,56,169.74,Quarterly,9,7,0,4,Invoice,561,63,1
CUST_001530,2026-03-09,38,57.52,Annual,4,14,3,10,Credit Card,566,100,0
CUST_001531,2022-03-25,28,25.17,Monthly,5,6,1,5,PayPal,1081,74,1
CUST_001532,2023-01-17,2,13.47,Quarterly,3,4,3,1,PayPal,557,66,0
CUST_001533,2022-06-18,38,11.43,Annual,9,6,1,3,PayPal,976,64,1
CUST_001534,2022-07-30,55,24.03,Monthly,9,8,2,3,Credit Card,1042,67,1
CUST_001535,2023-07-06,37,116.64,Monthly,7,5,3,4,Credit Card,1221,80,0
CUST_001536,2024-01-21,51,36.89,Monthly,9,12,1,3,Credit Card,818,58,1
CUST_001537,2025-06-24,52,73.71,Monthly,16,10,1,6,ACH,612,75,0
CUST_001538,2024-04-04,4,135.23,Annual,11,11,1,2,ACH,873,54,1
CUST_001539,2025-02-14,22,36.22,Monthly,8,11,1,5,ACH,1037,69,1
CUST_001540,2021-06-07,26,20.61,Quarterly,10,9,2,6,PayPal,391,81,0
CUST_001541,2025-06-09,49,46.4,Quarterly,7,12,2,9,Invoice,1792,93,0
CUST_001542,2023-05-21,43,129.34,Monthly,11,10,2,10,PayPal,879,100,1
CUST_001543,2024-04-02,36,91.58,Monthly,6,10,1,1,PayPal,1263,50,1
CUST_001544,2022-11-17,58,13.4,Quarterly,8,14,2,3,Invoice,424,61,1
CUST_001545,2022-11-27,13,68.98,Annual,5,10,6,7,Invoice,1725,90,1
CUST_001546,2024-10-01,52,52.42,Annual,12,12,3,8,PayPal,1816,93,0
CUST_001547,2023-05-24,58,129.01,Monthly,8,7,4,5,Invoice,918,83,0
CUST_001548,2021-11-12,32,16.53,Monthly,12,14,3,9,Invoice,541,96,1
CUST_001549,2021-11-17,17,48.18,Annual,7,6,3,10,Invoice,1662,100,0
CUST_001550,2023-07-31,41,115.79,Quarterly,7,9,0,8,Credit Card,1482,81,0
CUST_001551,2022-10-23,36,36.38,Monthly,9,8,0,1,PayPal,766,47,0
CUST_001552,2022-05-22,55,42.89,Quarterly,11,14,5,1,ACH,303,56,0
CUST_001553,2026-01-27,46,13.65,Monthly,8,5,2,8,ACH,1267,95,1
CUST_001554,2023-04-17,19,26.3,Quarterly,16,13,3,9,Credit Card,675,97,1
CUST_001555,2023-04-27,58,29.62,Annual,13,19,2,9,Invoice,216,86,1
CUST_001556,2022-09-29,35,155.13,Monthly,6,16,1,6,Invoice,499,69,0
CUST_001557,2023-03-16,46,26.61,Annual,5,11,4,7,PayPal,1315,89,1
CUST_001558,2024-02-09,40,40.89,Monthly,7,5,3,5,Credit Card,643,85,1
CUST_001559,2024-12-28,56,65.63,Monthly,13,12,4,10,Invoice,379,100,1
CUST_001560,2025-02-05,59,18.85,Monthly,9,14,1,4,Credit Card,277,61,0
CUST_001561,2022-03-01,28,43.32,Monthly,9,9,2,8,ACH,986,91,1
CUST_001562,2025-11-19,1,77.07,Monthly,10,9,1,3,Credit Card,1427,61,1
CUST_001563,2025-11-02,42,110.82,Annual,9,17,2,7,Credit Card,1558,78,1
CUST_001564,2025-01-19,18,59.21,Annual,9,13,4,6,Invoice,1339,82,1
CUST_001565,2023-11-05,48,65.29,Monthly,8,14,4,10,ACH,459,100,0
CUST_001566,2024-04-28,40,16.75,Quarterly,10,9,4,8,ACH,1547,96,0
CUST_001567,2024-01-31,33,155.73,Annual,4,8,2,6,PayPal,1021,82,0
CUST_001568,2023-10-02,12,17.11,Quarterly,8,8,2,2,ACH,1009,62,0
CUST_001569,2026-04-26,8,84.51,Annual,8,8,1,5,Credit Card,1454,72,0
CUST_001570,2025-06-07,24,25.38,Monthly,4,11,2,4,Invoice,250,69,1
CUST_001571,2024-03-19,16,145.6,Monthly,4,10,1,3,Invoice,1512,60,0
CUST_001572,2021-09-09,50,73.64,Annual,5,16,0,6,Invoice,399,64,0
CUST_001573,2025-12-03,4,80.08,Monthly,6,9,2,5,Invoice,1544,76,1
CUST_001574,2023-04-20,38,22.36,Monthly,9,8,4,3,Invoice,1649,72,1
CUST_001575,2025-12-07,44,39.26,Monthly,6,9,1,6,ACH,646,76,1
CUST_001576,2021-10-28,27,58.09,Monthly,9,9,2,4,Credit Card,1563,71,0
CUST_001577,2022-06-28,9,83.48,Monthly,10,12,0,7,Invoice,241,73,0
CUST_001578,2023-10-31,47,15.49,Monthly,7,12,1,1,ACH,1317,48,1
CUST_001579,2022-01-12,16,173.99,Monthly,10,12,1,3,PayPal,207,58,1
CUST_001580,2022-10-02,56,120.46,Annual,8,15,1,5,PayPal,174,65,0
CUST_001581,2024-06-02,12,25.76,Annual,11,10,4,2,Invoice,1495,65,1
CUST_001582,2026-02-10,31,96.51,Monthly,5,4,0,9,Credit Card,1001,91,0
CUST_001583,2024-12-05,24,46.52,Monthly,7,18,2,10,PayPal,637,92,1
CUST_001584,2024-02-08,55,40.98,Monthly,3,11,1,1,Credit Card,1523,49,1
CUST_001585,2024-05-24,14,28.88,Monthly,4,12,4,4,ACH,568,73,1
CUST_001586,2022-02-06,45,53.49,Monthly,8,10,1,4,PayPal,1111,65,1
CUST_001587,2024-04-17,25,75.45,Monthly,8,6,2,2,ACH,1154,64,1
CUST_001588,2023-07-15,34,36.46,Annual,6,9,0,10,ACH,976,91,0
CUST_001589,2022-06-23,3,59.61,Annual,8,9,1,1,Credit Card,716,51,1
CUST_001590,2024-05-26,58,70.08,Monthly,12,9,3,1,Invoice,1110,61,0
CUST_001591,2025-01-17,24,72.09,Monthly,9,10,2,10,Credit Card,847,100,0
CUST_001592,2023-03-17,54,12.67,Annual,10,9,3,10,PayPal,375,100,0
CUST_001593,2025-04-02,42,108.22,Quarterly,3,12,1,5,Invoice,1724,68,1
CUST_001594,2022-01-28,9,40.65,Annual,12,10,3,10,Invoice,1338,100,0
CUST_001595,2025-08-15,26,25.22,Annual,8,14,1,1,ACH,1788,46,1
CUST_001596,2024-02-18,20,23.84,Monthly,6,8,6,4,ACH,309,77,1
CUST_001597,2023-10-12,40,42.99,Monthly,8,10,1,4,ACH,1244,65,1
CUST_001598,2022-10-31,10,118.94,Quarterly,12,14,1,4,PayPal,353,61,0
CUST_001599,2021-07-10,19,33.77,Monthly,9,8,3,5,Invoice,1547,82,1
CUST_001600,2023-11-10,3,79.26,Quarterly,3,8,1,2,ACH,491,57,1
CUST_001601,2022-11-30,24,15.09,Annual,4,10,3,3,ACH,106,70,0
CUST_001602,2023-05-22,5,42.32,Annual,6,7,1,7,ACH,436,83,1
CUST_001603,2023-10-06,3,249.49,Monthly,8,13,3,10,ACH,810,100,0
CUST_001604,2022-03-01,58,83.58,Annual,5,6,3,9,Invoice,1049,100,0
CUST_001605,2022-02-23,27,21.82,Monthly,13,12,2,5,PayPal,158,73,1
CUST_001606,2023-12-31,16,44.8,Monthly,8,10,2,5,Invoice,279,75,0
CUST_001607,2022-07-15,49,23.3,Monthly,3,5,1,9,Invoice,220,95,1
CUST_001608,2022-10-07,15,36.34,Quarterly,14,11,3,8,PayPal,56,94,0
CUST_001609,2024-09-17,35,85.73,Annual,7,4,0,8,Invoice,878,86,1
CUST_001610,2024-05-19,12,83.75,Monthly,7,13,3,5,Invoice,1734,77,1
CUST_001611,2023-02-06,41,22.95,Monthly,15,14,2,4,ACH,422,66,1
CUST_001612,2024-08-09,53,137.7,Annual,7,8,4,3,Invoice,56,72,0
CUST_001613,2026-03-05,44,54.89,Annual,5,10,1,10,ACH,375,95,0
CUST_001614,2021-07-17,26,33.9,Annual,7,8,1,10,PayPal,1422,97,0
CUST_001615,2025-12-26,47,44.85,Annual,8,6,3,4,PayPal,1416,79,1
CUST_001616,2024-04-27,34,56.45,Monthly,11,12,3,3,PayPal,1099,68,0
CUST_001617,2024-05-12,23,51.04,Annual,9,9,3,6,Credit Card,1485,86,1
CUST_001618,2023-03-21,31,43.32,Monthly,9,12,3,3,Invoice,865,68,0
CUST_001619,2022-12-17,50,45.15,Quarterly,8,10,3,3,PayPal,1479,70,1
CUST_001620,2024-11-23,20,19.7,Annual,6,11,2,1,PayPal,266,54,0
CUST_001621,2024-11-28,12,93.76,Monthly,14,10,3,9,Invoice,728,100,1
CUST_001622,2024-10-28,23,49.02,Monthly,10,8,2,5,Invoice,1256,77,0
CUST_001623,2025-09-08,4,17.03,Quarterly,7,11,2,10,PayPal,1627,99,0
CUST_001624,2022-10-06,23,82.66,Monthly,7,12,3,1,ACH,801,58,1
CUST_001625,2022-07-20,48,144.74,Monthly,7,17,2,4,PayPal,1624,63,1
CUST_001626,2022-12-25,55,157.16,Annual,13,5,2,3,Invoice,959,70,1
CUST_001627,2021-06-16,48,33.02,Monthly,10,12,1,7,ACH,418,78,1
CUST_001628,2022-10-09,1,17.28,Annual,3,3,1,6,ACH,1048,82,1
CUST_001629,2022-11-21,54,46.53,Monthly,13,7,1,8,ACH,1085,88,1
CUST_001630,2024-12-25,25,15.97,Annual,7,9,0,8,ACH,877,81,1
CUST_001631,2026-04-29,2,145.9,Monthly,14,8,0,8,PayPal,1657,82,1
CUST_001632,2024-07-06,30,20.14,Monthly,5,12,0,5,Credit Card,1631,63,1
CUST_001633,2025-02-15,3,24.57,Quarterly,6,10,0,3,Invoice,320,55,0
CUST_001634,2026-04-04,58,36.1,Annual,13,9,0,4,ACH,805,61,0
CUST_001635,2023-03-27,21,34.16,Monthly,6,10,0,7,Invoice,598,75,0
CUST_001636,2024-08-31,25,89.16,Monthly,5,11,4,8,PayPal,1052,94,1
CUST_001637,2021-07-17,20,40.47,Annual,9,17,0,9,PayPal,705,78,1
CUST_001638,2024-02-18,49,19.36,Annual,9,9,1,5,Invoice,694,71,1
CUST_001639,2026-02-17,52,25.54,Quarterly,9,11,4,10,Credit Card,732,100,1
CUST_001640,2024-01-16,22,45.58,Quarterly,8,10,3,4,Invoice,1807,75,1
CUST_001641,2023-02-18,21,17.98,Annual,7,12,3,7,Credit Card,605,88,1
CUST_001642,2025-12-26,33,57.29,Monthly,9,12,1,10,ACH,247,93,1
CUST_001643,2026-03-22,52,51.71,Monthly,6,8,2,4,Credit Card,1730,72,1
CUST_001644,2022-07-23,38,72.71,Annual,6,13,2,3,Credit Card,1138,62,1
CUST_001645,2026-03-23,15,148.79,Monthly,5,11,3,4,ACH,930,74,1
CUST_001646,2023-10-12,58,131.67,Monthly,7,11,2,8,PayPal,693,89,0
CUST_001647,2026-03-30,58,156.01,Monthly,7,6,4,8,Credit Card,1759,99,1
CUST_001648,2023-06-27,46,24.03,Monthly,10,9,0,6,Credit Card,1271,71,0
CUST_001649,2021-09-05,52,17.05,Monthly,7,9,0,8,PayPal,1254,81,1
CUST_001650,2023-02-11,15,28.0,Monthly,8,9,2,4,Invoice,1101,71,1
CUST_001651,2023-08-09,46,122.73,Annual,9,7,2,3,Credit Card,786,68,0
CUST_001652,2022-07-01,25,188.87,Monthly,5,11,1,7,ACH,955,79,1
CUST_001653,2024-09-22,21,108.07,Monthly,13,12,1,6,PayPal,1302,73,0
CUST_001654,2021-11-22,24,15.83,Monthly,10,14,1,6,Credit Card,530,71,1
CUST_001655,2021-10-23,57,157.28,Annual,12,13,3,2,Credit Card,1153,62,0
CUST_001656,2025-05-26,58,37.53,Monthly,4,7,1,2,Invoice,732,58,1
CUST_001657,2026-04-06,5,10.47,Annual,9,13,0,10,Invoice,765,87,1
CUST_001658,2022-09-30,6,39.21,Quarterly,8,9,2,5,ACH,1622,76,1
CUST_001659,2024-07-26,49,12.36,Monthly,7,6,4,3,ACH,357,74,0
CUST_001660,2024-05-02,43,49.25,Monthly,6,8,0,3,PayPal,544,57,1
CUST_001661,2025-11-16,48,30.67,Monthly,9,10,0,9,ACH,1185,85,0
CUST_001662,2024-08-31,44,42.07,Quarterly,5,10,4,9,Credit Card,1308,100,1
CUST_001663,2025-08-08,47,57.49,Annual,8,7,3,1,ACH,1142,63,1
CUST_001664,2021-06-25,23,111.55,Quarterly,9,7,0,6,Invoice,206,73,1
CUST_001665,2024-02-02,4,64.22,Monthly,6,11,1,2,Credit Card,120,54,1
CUST_001666,2025-02-02,27,38.46,Quarterly,12,9,3,5,PayPal,941,81,0
CUST_001667,2023-11-09,18,95.58,Monthly,10,13,3,2,ACH,1076,62,0
CUST_001668,2021-08-28,21,128.0,Monthly,5,8,0,6,ACH,780,72,1
CUST_001669,2022-06-08,28,16.38,Quarterly,9,10,1,9,Credit Card,1079,90,1
CUST_001670,2023-10-24,35,47.96,Quarterly,8,7,3,7,Credit Card,1772,93,0
CUST_001671,2023-08-26,22,26.74,Monthly,6,6,1,1,PayPal,144,54,1
CUST_001672,2022-03-25,40,12.41,Monthly,6,8,2,6,Credit Card,823,82,0
CUST_001673,2024-05-31,23,65.21,Monthly,7,11,2,2,PayPal,916,59,0
CUST_001674,2024-08-07,3,109.31,Monthly,8,10,5,2,Invoice,1462,65,0
CUST_001675,2022-01-02,40,18.89,Monthly,4,9,5,3,PayPal,744,71,1
CUST_001676,2021-12-15,50,93.68,Quarterly,9,6,3,8,PayPal,585,99,1
CUST_001677,2025-12-24,10,106.0,Annual,8,11,4,7,Credit Card,1566,89,0
CUST_001678,2023-07-18,25,132.87,Annual,8,6,4,4,Credit Card,1217,79,1
CUST_001679,2022-07-16,52,25.41,Annual,8,8,2,3,Credit Card,1404,67,0
CUST_001680,2021-08-08,49,127.15,Annual,12,10,0,1,ACH,400,45,1
CUST_001681,2024-02-04,8,29.33,Annual,9,15,0,10,ACH,307,85,1
CUST_001682,2024-06-09,55,50.19,Annual,7,11,1,4,ACH,641,64,0
CUST_001683,2022-09-25,11,12.59,Monthly,5,13,0,8,PayPal,418,77,1
CUST_001684,2022-07-08,5,12.24,Annual,5,10,4,1,ACH,1546,60,0
CUST_001685,2024-02-29,58,73.71,Annual,4,10,1,2,ACH,1170,55,0
CUST_001686,2026-04-04,45,39.39,Quarterly,8,12,1,10,Invoice,944,93,1
CUST_001687,2025-12-05,53,24.81,Quarterly,13,10,6,2,ACH,1421,65,0
CUST_001688,2022-09-21,55,20.56,Monthly,6,12,2,9,ACH,1788,93,1
CUST_001689,2026-04-22,37,65.43,Annual,11,16,0,1,PayPal,500,39,0
CUST_001690,2022-02-17,56,10.02,Monthly,11,11,3,6,PayPal,346,84,1
CUST_001691,2024-06-26,59,91.97,Annual,11,8,4,4,Credit Card,371,77,0
CUST_001692,2023-03-23,45,14.13,Monthly,3,9,2,9,Credit Card,1366,96,0
CUST_001693,2025-10-28,38,20.63,Monthly,8,14,3,6,PayPal,1202,81,1
CUST_001694,2024-02-16,29,34.41,Monthly,6,8,2,9,PayPal,352,97,1
CUST_001695,2024-04-19,5,43.17,Annual,9,11,3,2,PayPal,1106,64,0
CUST_001696,2022-11-29,9,31.92,Monthly,7,7,1,2,Credit Card,1753,58,1
CUST_001697,2022-09-07,59,29.34,Quarterly,10,10,4,6,ACH,602,85,1
CUST_001698,2026-01-25,48,176.1,Monthly,6,16,3,10,ACH,360,99,1
CUST_001699,2026-03-09,2,61.3,Quarterly,14,10,4,2,PayPal,809,65,1
CUST_001700,2024-08-18,1,11.19,Annual,6,7,3,4,Credit Card,583,78,1
CUST_001701,2024-07-08,40,38.12,Monthly,7,7,2,4,PayPal,669,73,0
CUST_001702,2024-04-05,51,113.98,Monthly,13,9,1,5,Credit Card,1014,71,1
CUST_001703,2025-03-23,30,27.94,Annual,11,7,2,7,ACH,1741,88,1
CUST_001704,2026-02-23,11,14.97,Annual,6,10,0,10,ACH,626,90,1
CUST_001705,2022-09-05,28,81.02,Annual,12,10,4,1,Invoice,228,60,1
CUST_001706,2022-09-28,44,56.57,Monthly,8,10,2,5,PayPal,1788,75,0
CUST_001707,2021-06-12,12,52.23,Monthly,12,5,1,7,ACH,1256,85,0
CUST_001708,2022-01-12,39,12.75,Quarterly,8,18,2,3,PayPal,222,57,1
CUST_001709,2024-04-12,26,17.57,Monthly,12,9,1,10,Invoice,1771,96,1
CUST_001710,2023-02-16,13,58.72,Monthly,12,13,3,3,Credit Card,308,67,0
CUST_001711,2022-04-03,59,21.65,Monthly,8,12,1,8,PayPal,1025,83,1
CUST_001712,2021-07-05,8,45.07,Annual,12,5,0,4,Invoice,354,65,0
CUST_001713,2022-11-12,54,49.36,Annual,6,12,3,2,Credit Card,581,63,1
CUST_001714,2022-03-10,28,26.67,Monthly,3,11,1,6,PayPal,341,74,0
CUST_001715,2023-09-18,58,158.24,Monthly,6,13,0,5,PayPal,1122,62,1
CUST_001716,2022-02-22,30,102.41,Monthly,9,9,0,7,Credit Card,607,76,0
CUST_001717,2025-05-03,9,74.07,Monthly,7,7,4,2,ACH,539,68,0
CUST_001718,2025-01-06,39,14.06,Monthly,7,11,1,5,Credit Card,707,69,1
CUST_001719,2025-10-14,31,15.61,Quarterly,8,12,6,5,PayPal,99,78,0
CUST_001720,2025-11-30,58,43.94,Monthly,12,13,2,3,Invoice,1390,62,0
CUST_001721,2022-04-20,21,18.76,Monthly,5,8,1,8,ACH,162,87,1
CUST_001722,2022-02-28,56,201.44,Quarterly,7,7,3,7,Credit Card,769,93,1
CUST_001723,2026-02-19,47,18.63,Monthly,9,10,1,9,Credit Card,1369,90,1
CUST_001724,2024-05-20,34,43.42,Annual,6,13,3,10,ACH,779,100,0
CUST_001725,2025-07-11,55,32.64,Monthly,6,7,2,6,Invoice,889,83,0
CUST_001726,2023-06-27,31,61.0,Monthly,5,15,3,5,Invoice,541,75,0
CUST_001727,2021-10-11,52,16.91,Quarterly,6,14,3,5,ACH,105,76,1
CUST_001728,2022-12-09,25,38.13,Annual,9,8,3,6,Invoice,1406,87,0
CUST_001729,2026-03-03,12,26.06,Monthly,13,7,3,1,Credit Card,69,63,1
CUST_001730,2023-10-07,1,119.35,Annual,7,4,1,7,Credit Card,309,86,1
CUST_001731,2021-11-05,55,12.07,Quarterly,4,12,2,2,PayPal,1583,58,0
CUST_001732,2026-03-22,22,132.51,Monthly,9,13,5,3,Credit Card,663,67,0
CUST_001733,2026-04-08,40,99.49,Annual,9,8,0,5,Invoice,104,67,0
CUST_001734,2023-06-05,37,27.66,Quarterly,6,4,2,8,ACH,779,96,1
CUST_001735,2025-12-23,47,87.86,Monthly,6,9,5,9,Credit Card,1782,100,0
CUST_001736,2022-03-03,1,11.59,Annual,8,11,1,9,Invoice,1808,89,1
CUST_001737,2022-11-27,1,180.36,Annual,7,12,1,1,Invoice,1818,48,0
CUST_001738,2026-01-15,57,47.39,Annual,13,14,5,2,ACH,368,61,1
CUST_001739,2025-11-12,42,28.07,Monthly,8,10,3,5,Invoice,481,80,1
CUST_001740,2022-05-05,54,32.52,Monthly,4,6,3,3,PayPal,495,74,1
CUST_001741,2022-03-23,42,13.44,Annual,13,8,0,6,ACH,300,72,1
CUST_001742,2026-01-21,21,237.11,Monthly,8,11,1,3,ACH,1031,59,0
CUST_001743,2023-12-19,15,12.0,Monthly,9,7,0,3,ACH,1677,58,1
CUST_001744,2024-11-25,17,63.2,Monthly,7,13,2,10,Credit Card,1247,97,0
CUST_001745,2025-08-01,22,39.24,Monthly,7,12,1,5,Invoice,1414,68,0
CUST_001746,2021-11-08,38,158.71,Quarterly,5,14,1,10,Invoice,1217,91,0
CUST_001747,2023-05-31,35,24.12,Monthly,3,10,1,7,Invoice,1112,80,0
CUST_001748,2024-02-06,45,47.97,Quarterly,8,10,0,7,Credit Card,1636,75,1
CUST_001749,2023-09-19,16,42.92,Monthly,9,15,1,8,Credit Card,826,80,1
CUST_001750,2023-06-27,8,70.68,Annual,8,14,1,2,ACH,1462,51,1
CUST_001751,2025-06-07,47,13.52,Monthly,11,7,5,5,Credit Card,1492,83,1
CUST_001752,2021-12-22,17,20.77,Annual,12,12,3,2,Credit Card,50,63,0
CUST_001753,2022-03-04,17,22.08,Annual,6,5,7,6,ACH,1486,90,1
CUST_001754,2026-04-21,54,77.0,Monthly,7,9,1,5,ACH,1065,71,1
CUST_001755,2022-08-30,26,20.48,Quarterly,9,14,0,10,Credit Card,1046,86,1
CUST_001756,2021-11-29,13,52.61,Monthly,10,7,2,1,Credit Card,549,58,0
CUST_001757,2025-09-29,17,22.12,Annual,8,13,1,8,Invoice,626,82,1
CUST_001758,2025-05-29,38,108.89,Quarterly,10,13,0,7,Invoice,454,72,1
CUST_001759,2024-07-11,17,152.53,Quarterly,8,8,3,10,Credit Card,1077,100,0
CUST_001760,2023-04-24,48,46.54,Quarterly,5,8,1,10,PayPal,961,97,0
CUST_001761,2021-07-17,14,31.72,Monthly,9,12,0,1,Credit Card,1311,43,1
CUST_001762,2022-03-16,45,23.33,Monthly,13,10,2,1,Invoice,1466,55,1
CUST_001763,2025-04-24,6,12.55,Monthly,14,7,0,1,ACH,1563,48,1
CUST_001764,2023-08-31,35,25.63,Annual,9,13,2,4,Credit Card,1066,67,1
CUST_001765,2024-05-23,46,63.1,Annual,4,12,1,7,PayPal,1654,78,1
CUST_001766,2022-12-26,14,48.14,Monthly,10,9,4,8,PayPal,548,96,1
CUST_001767,2022-01-23,47,154.16,Annual,4,6,3,9,PayPal,1804,100,1
CUST_001768,2025-01-22,8,35.23,Monthly,9,9,2,8,Invoice,1537,91,0
CUST_001769,2023-04-16,15,69.19,Monthly,4,5,0,4,Credit Card,1624,65,1
CUST_001770,2022-10-19,54,43.6,Annual,9,5,5,3,ACH,1409,75,1
CUST_001771,2021-09-27,27,45.93,Monthly,3,11,2,7,ACH,936,84,1
CUST_001772,2021-12-20,13,25.58,Quarterly,11,6,2,6,Credit Card,540,84,0
CUST_001773,2024-12-30,49,40.34,Monthly,7,9,3,10,Credit Card,46,100,1
CUST_001774,2022-01-22,31,41.82,Annual,4,14,2,10,Credit Card,1706,96,1
CUST_001775,2026-03-17,53,71.32,Monthly,8,15,0,1,Credit Card,38,40,0
CUST_001776,2022-09-29,56,151.21,Monthly,6,7,4,5,ACH,711,83,0
CUST_001777,2024-03-16,35,29.97,Annual,5,9,1,6,PayPal,934,76,1
CUST_001778,2023-06-28,6,12.16,Quarterly,6,13,2,4,PayPal,50,67,1
CUST_001779,2024-05-22,5,44.29,Monthly,5,7,2,10,ACH,1208,100,0
CUST_001780,2025-03-28,22,49.31,Monthly,8,16,4,1,Invoice,1108,54,1
CUST_001781,2023-08-26,58,19.22,Annual,11,8,5,4,Invoice,64,77,0
CUST_001782,2023-04-19,49,81.45,Monthly,9,10,1,4,Invoice,1784,65,0
CUST_001783,2025-08-26,23,219.75,Quarterly,5,5,2,2,Credit Card,1477,65,0
CUST_001784,2025-04-07,25,155.73,Annual,9,8,1,10,Invoice,1142,97,0
CUST_001785,2025-06-02,34,20.98,Monthly,9,9,2,8,Invoice,809,91,1
CUST_001786,2024-08-12,26,114.12,Monthly,9,2,1,9,Credit Card,1564,98,1
CUST_001787,2022-02-10,47,70.95,Annual,9,12,0,5,ACH,741,63,0
CUST_001788,2025-12-17,5,40.24,Monthly,10,12,2,4,Invoice,442,68,1
CUST_001789,2023-12-02,26,48.89,Annual,7,15,4,4,ACH,1186,70,1
CUST_001790,2024-06-14,20,104.72,Monthly,11,8,2,5,PayPal,985,77,1
CUST_001791,2022-03-03,6,42.71,Annual,11,9,3,8,ACH,1795,96,1
CUST_001792,2024-01-27,6,33.36,Monthly,7,8,3,2,Credit Card,944,67,1
CUST_001793,2024-05-06,59,43.99,Quarterly,11,7,2,4,ACH,1739,73,0
CUST_001794,2022-03-24,50,53.27,Monthly,7,11,4,4,ACH,714,74,0
CUST_001795,2024-09-16,18,20.48,Monthly,6,17,2,1,Invoice,580,48,1
CUST_001796,2022-12-03,4,125.59,Quarterly,4,9,4,5,ACH,454,81,1
CUST_001797,2023-08-17,17,66.07,Monthly,7,9,1,5,Credit Card,1420,71,0
CUST_001798,2025-04-26,57,60.16,Monthly,9,17,2,8,Credit Card,1420,83,1
CUST_001799,2023-10-11,14,15.24,Monthly,10,11,3,5,PayPal,886,79,1
CUST_001800,2023-08-12,14,56.34,Monthly,6,3,0,9,ACH,1327,92,0
CUST_001801,2025-03-27,13,16.45,Quarterly,5,5,2,2,Credit Card,216,65,1
CUST_001802,2022-04-27,7,14.1,Annual,7,10,1,9,PayPal,116,90,0
CUST_001803,2022-03-11,44,47.47,Monthly,13,7,3,6,Invoice,1541,88,1
CUST_001804,2024-08-26,55,35.77,Annual,7,12,4,7,Invoice,1211,88,1
CUST_001805,2022-10-14,15,54.44,Annual,12,11,2,4,Credit Card,1818,69,0
CUST_001806,2022-02-03,19,14.67,Quarterly,9,12,0,7,Invoice,862,73,1
CUST_001807,2023-02-05,43,38.19,Monthly,14,6,1,6,PayPal,1015,79,0
CUST_001808,2023-02-12,47,19.61,Annual,9,12,1,4,Invoice,1521,63,1
CUST_001809,2023-08-12,44,227.53,Annual,5,13,1,4,ACH,1414,62,0
CUST_001810,2024-08-21,35,51.18,Monthly,6,8,2,10,PayPal,198,100,0
CUST_001811,2025-10-27,17,68.15,Monthly,5,10,1,10,ACH,1778,95,1
CUST_001812,2023-04-07,35,29.68,Monthly,4,10,0,1,ACH,1496,45,0
CUST_001813,2025-12-23,19,14.98,Annual,10,11,0,5,ACH,1043,64,0
CUST_001814,2024-02-18,20,196.22,Monthly,6,13,2,4,Invoice,1098,67,1
CUST_001815,2023-01-24,36,26.86,Quarterly,12,13,1,4,ACH,881,62,1
CUST_001816,2023-10-10,35,37.57,Monthly,4,6,2,5,PayPal,1044,79,0
CUST_001817,2023-08-21,32,62.47,Annual,6,14,1,9,PayPal,1376,86,1
CUST_001818,2025-11-01,58,11.25,Quarterly,8,9,1,8,Credit Card,1582,86,0
CUST_001819,2023-08-24,48,93.1,Annual,12,6,1,7,PayPal,1656,84,0
CUST_001820,2025-05-04,44,48.46,Quarterly,9,8,1,3,ACH,1028,62,1
CUST_001821,2026-03-25,40,26.3,Quarterly,5,11,0,5,Credit Card,1255,64,0
CUST_001822,2022-02-02,24,13.18,Monthly,6,11,1,7,PayPal,305,79,1
CUST_001823,2024-12-22,17,18.87,Annual,8,13,2,2,ACH,180,57,0
CUST_001824,2022-02-13,7,122.71,Monthly,7,14,2,2,Credit Card,221,56,0
CUST_001825,2022-07-30,43,67.92,Annual,5,11,1,5,PayPal,1445,69,0
CUST_001826,2023-08-25,50,24.38,Monthly,9,7,1,9,Credit Card,644,93,1
CUST_001827,2023-10-25,1,13.39,Annual,8,17,3,10,Invoice,1794,98,1
CUST_001828,2022-06-12,35,68.66,Annual,11,11,0,3,PayPal,478,54,1
CUST_001829,2024-05-11,32,52.48,Monthly,6,6,2,1,PayPal,403,59,0
CUST_001830,2023-02-03,36,35.92,Monthly,12,8,0,7,Credit Card,89,77,0
CUST_001831,2026-04-17,13,32.6,Quarterly,8,7,2,9,Credit Card,1572,98,1
CUST_001832,2024-12-26,6,22.22,Monthly,8,14,2,6,Credit Card,1697,76,1
CUST_001833,2022-05-14,58,65.37,Monthly,5,12,0,6,ACH,185,68,0
CUST_001834,2023-03-28,14,186.45,Monthly,11,13,2,4,Invoice,1584,67,0
CUST_001835,2023-11-21,37,19.66,Quarterly,8,14,0,8,ACH,1699,76,0
CUST_001836,2022-04-20,48,55.46,Quarterly,4,13,1,2,Credit Card,1040,52,0
CUST_001837,2025-06-26,15,37.6,Annual,7,8,3,6,Invoice,567,87,1
CUST_001838,2024-04-24,47,39.59,Quarterly,7,4,2,10,PayPal,1026,100,0
CUST_001839,2023-01-25,4,24.66,Monthly,5,6,1,7,Credit Card,403,84,1
CUST_001840,2024-11-03,40,97.19,Quarterly,6,11,2,2,ACH,1456,59,0
CUST_001841,2025-03-15,59,43.2,Monthly,9,6,5,5,Invoice,1006,84,1
CUST_001842,2025-08-25,16,49.2,Monthly,8,14,0,4,Credit Card,634,56,0
CUST_001843,2024-04-04,28,28.17,Monthly,6,8,4,1,Invoice,1294,62,1
CUST_001844,2023-02-23,16,20.03,Annual,8,11,2,6,Credit Card,690,79,1
CUST_001845,2022-10-13,4,14.49,Annual,9,7,3,9,ACH,1570,100,0
CUST_001846,2022-05-24,45,72.61,Monthly,5,9,2,5,PayPal,430,76,0
CUST_001847,2021-11-13,26,20.92,Quarterly,9,9,3,4,Invoice,963,76,1
CUST_001848,2021-07-05,28,68.57,Monthly,15,8,1,2,PayPal,1371,57,1
CUST_001849,2023-06-05,32,34.75,Monthly,6,10,2,8,ACH,518,90,1
CUST_001850,2024-02-09,45,36.87,Monthly,7,7,4,9,ACH,1169,100,1
CUST_001851,2026-04-04,2,41.67,Annual,7,10,3,6,Credit Card,709,85,1
CUST_001852,2023-09-18,31,32.92,Quarterly,11,11,3,6,PayPal,1720,84,1
CUST_001853,2025-01-11,3,15.3,Monthly,7,10,1,6,PayPal,1683,75,1
CUST_001854,2025-06-19,54,28.53,Annual,9,14,2,2,ACH,188,56,0
CUST_001855,2025-08-31,8,64.49,Monthly,6,11,3,5,PayPal,895,79,0
CUST_001856,2024-04-15,24,64.8,Annual,12,10,3,7,Invoice,731,90,0
CUST_001857,2024-06-05,15,26.86,Quarterly,14,11,2,8,ACH,1046,89,0
CUST_001858,2025-08-04,43,40.82,Monthly,9,13,3,8,PayPal,567,92,1
CUST_001859,2022-04-30,31,20.75,Quarterly,6,15,3,5,Invoice,483,75,0
CUST_001860,2021-06-26,9,21.81,Annual,7,10,2,5,PayPal,1596,75,0
CUST_001861,2022-11-17,39,11.17,Monthly,6,9,3,6,ACH,1065,86,0
CUST_001862,2025-04-21,45,123.53,Quarterly,7,7,0,4,Credit Card,940,63,0
CUST_001863,2025-08-10,2,21.83,Monthly,9,7,3,8,Credit Card,1819,98,1
CUST_001864,2023-10-20,8,22.91,Monthly,6,13,1,7,Invoice,926,77,1
CUST_001865,2023-10-25,7,26.4,Monthly,6,11,3,2,Invoice,475,64,1
CUST_001866,2022-07-20,56,16.81,Monthly,5,14,2,6,PayPal,88,76,1
CUST_001867,2025-05-28,44,60.98,Quarterly,5,8,2,6,Credit Card,247,82,1
CUST_001868,2025-04-09,51,13.91,Annual,6,8,2,4,PayPal,1090,72,1
CUST_001869,2024-10-03,39,17.21,Quarterly,12,9,2,6,Credit Card,1589,81,1
CUST_001870,2021-08-24,42,61.75,Monthly,4,11,0,10,Credit Card,1100,89,1
CUST_001871,2026-04-30,57,30.75,Monthly,9,11,3,9,PayPal,989,99,0
CUST_001872,2022-05-11,16,71.54,Monthly,6,14,2,10,Invoice,1175,96,0
CUST_001873,2023-02-22,35,50.76,Annual,5,7,1,9,Credit Card,577,93,1
CUST_001874,2025-04-22,30,24.79,Quarterly,11,12,0,1,Invoice,1545,43,1
CUST_001875,2021-09-12,10,62.61,Annual,6,6,5,7,Invoice,1558,94,1
CUST_001876,2025-06-13,38,16.18,Monthly,1,14,1,4,ACH,112,41,1
CUST_001877,2025-12-08,18,48.44,Quarterly,9,10,2,2,Invoice,1365,60,0
CUST_001878,2025-07-14,50,38.74,Annual,8,9,4,8,Credit Card,879,96,1
CUST_001879,2021-09-17,5,25.59,Monthly,9,12,3,10,PayPal,259,100,1
CUST_001880,2025-02-25,53,56.32,Quarterly,9,15,0,3,Credit Card,1133,50,1
CUST_001881,2024-05-28,29,112.53,Monthly,10,10,1,2,ACH,1070,55,1
CUST_001882,2023-09-27,39,350.84,Monthly,7,10,0,9,ACH,1064,85,1
CUST_001883,2024-09-25,34,56.79,Monthly,7,9,2,5,Invoice,801,76,0
CUST_001884,2025-03-30,43,35.93,Monthly,9,11,3,8,Credit Card,1431,94,0
CUST_001885,2024-02-06,45,22.76,Monthly,7,10,3,8,Invoice,621,95,1
CUST_001886,2022-08-04,23,24.86,Monthly,10,7,2,4,PayPal,1446,73,1
CUST_001887,2023-09-12,5,42.64,Monthly,11,10,2,3,Invoice,1012,65,0
CUST_001888,2023-02-24,30,32.89,Annual,8,12,3,6,ACH,1127,83,1
CUST_001889,2025-10-28,6,132.56,Quarterly,9,8,0,7,ACH,759,77,0
CUST_001890,2026-03-03,56,32.97,Annual,9,11,2,7,Invoice,650,84,1
CUST_001891,2023-10-07,58,33.38,Monthly,6,8,2,5,Invoice,1537,77,1
CUST_001892,2022-06-29,46,34.19,Monthly,9,7,2,7,Invoice,523,88,1
CUST_001893,2024-05-23,44,100.58,Monthly,10,13,5,2,PayPal,196,62,0
CUST_001894,2024-02-16,4,62.6,Monthly,9,6,2,9,ACH,110,99,0
CUST_001895,2022-04-30,29,57.62,Annual,12,17,1,3,ACH,139,53,1
CUST_001896,2022-08-29,23,30.33,Annual,15,11,1,1,ACH,460,49,1
CUST_001897,2022-09-15,6,95.16,Annual,11,10,4,3,PayPal,57,70,1
CUST_001898,2022-08-04,32,11.96,Annual,8,6,2,5,Invoice,926,79,1
CUST_001899,2026-04-22,42,112.32,Monthly,5,14,1,1,Invoice,1601,46,1
CUST_001900,2023-05-13,18,45.95,Monthly,7,7,1,6,ACH,1406,78,1
CUST_001901,2025-09-19,15,35.4,Annual,6,9,0,1,Invoice,591,46,1
CUST_001902,2023-02-11,40,44.37,Monthly,8,10,4,10,PayPal,1394,100,0
CUST_001903,2021-08-02,58,65.04,Monthly,8,6,2,6,ACH,763,84,0
CUST_001904,2024-10-16,32,10.64,Monthly,9,6,3,10,ACH,362,100,1
CUST_001905,2024-03-22,9,112.61,Monthly,8,6,1,1,ACH,1181,54,1
CUST_001906,2021-12-20,37,39.6,Monthly,8,6,2,8,PayPal,1693,94,0
CUST_001907,2021-12-07,10,31.0,Quarterly,5,12,3,2,ACH,719,63,1
CUST_001908,2021-09-22,20,17.44,Quarterly,7,11,0,2,Credit Card,1204,49,1
CUST_001909,2021-12-16,6,38.94,Monthly,8,9,4,2,PayPal,722,66,1
CUST_001910,2022-09-07,48,44.29,Monthly,10,9,2,1,PayPal,931,56,1
CUST_001911,2023-11-30,56,35.85,Annual,11,10,0,2,Credit Card,1776,50,0
CUST_001912,2022-11-13,59,66.76,Monthly,3,8,1,8,Credit Card,1703,87,1
CUST_001913,2022-03-08,3,37.31,Monthly,7,9,1,8,ACH,813,86,1
CUST_001914,2022-07-13,42,172.75,Monthly,16,10,2,6,PayPal,1770,80,1
CUST_001915,2022-08-18,11,55.72,Monthly,7,8,1,4,PayPal,51,67,1
CUST_001916,2023-03-29,43,92.38,Annual,8,9,1,10,Credit Card,455,96,1
CUST_001917,2025-09-19,17,15.79,Quarterly,16,8,1,4,Credit Card,1143,67,1
CUST_001918,2024-01-29,32,35.32,Monthly,8,9,3,8,Invoice,290,96,1
CUST_001919,2025-09-27,4,30.54,Monthly,9,11,2,8,Credit Card,1787,89,1
CUST_001920,2023-10-09,4,52.14,Monthly,8,8,1,8,Credit Card,1474,87,1
CUST_001921,2024-04-10,17,108.7,Monthly,10,12,2,10,ACH,627,98,0
CUST_001922,2024-12-13,41,14.08,Quarterly,9,17,3,4,Invoice,464,68,1
CUST_001923,2025-08-17,19,13.77,Annual,12,9,2,2,Invoice,495,61,1
CUST_001924,2022-02-12,5,104.96,Annual,7,8,1,3,Credit Card,378,62,1
CUST_001925,2026-03-10,32,21.97,Annual,10,14,1,3,PayPal,432,56,1
CUST_001926,2023-05-28,22,65.24,Quarterly,9,7,4,6,Credit Card,1509,88,1
CUST_001927,2024-05-06,56,49.14,Quarterly,7,3,1,1,Invoice,1336,57,0
CUST_001928,2024-06-13,6,99.46,Monthly,7,8,1,1,ACH,890,52,0
CUST_001929,2022-02-08,35,16.68,Monthly,8,7,2,3,PayPal,1545,68,1
CUST_001930,2023-04-06,22,16.95,Annual,2,13,1,3,Credit Card,638,47,0
CUST_001931,2023-06-24,1,50.69,Monthly,9,6,1,2,Invoice,804,59,1
CUST_001932,2021-06-21,20,156.29,Quarterly,6,14,4,4,ACH,1242,71,0
CUST_001933,2021-12-18,22,36.81,Annual,6,7,2,5,PayPal,1024,78,1
CUST_001934,2022-03-11,48,29.8,Quarterly,11,8,4,3,Invoice,97,72,1
CUST_001935,2025-03-10,55,56.66,Monthly,5,14,1,7,ACH,55,76,1
CUST_001936,2024-06-12,11,143.28,Quarterly,8,14,4,10,Credit Card,88,100,0
CUST_001937,2024-01-04,13,100.68,Monthly,6,10,4,10,PayPal,106,100,0
CUST_001938,2026-03-02,59,280.0,Quarterly,12,12,0,5,PayPal,232,63,1
CUST_001939,2023-02-19,42,11.14,Monthly,7,11,0,4,PayPal,1348,59,0
CUST_001940,2025-09-29,3,15.99,Annual,5,10,3,2,ACH,63,65,1
CUST_001941,2026-04-30,9,57.01,Annual,8,10,0,9,Invoice,1590,85,1
CUST_001942,2025-11-24,12,95.9,Monthly,8,10,1,3,Invoice,664,60,0
CUST_001943,2021-07-05,23,26.79,Monthly,6,9,4,9,PayPal,114,100,0
CUST_001944,2024-03-13,14,23.67,Quarterly,12,9,3,1,Credit Card,961,61,0
CUST_001945,2023-03-16,33,87.32,Monthly,5,16,5,3,Invoice,223,64,1
CUST_001946,2023-11-22,18,12.9,Annual,8,11,0,10,Invoice,1270,89,1
CUST_001947,2023-04-16,49,33.05,Monthly,9,9,0,4,Invoice,381,61,0
CUST_001948,2025-06-08,59,45.24,Quarterly,7,11,2,3,Credit Card,990,64,1
CUST_001949,2024-09-30,41,51.09,Annual,10,13,4,6,Invoice,382,82,0
CUST_001950,2022-07-22,9,75.21,Monthly,7,12,1,7,ACH,1443,78,0
CUST_001951,2021-11-11,23,31.91,Monthly,12,7,0,9,ACH,1710,88,1
CUST_001952,2022-10-20,10,57.43,Annual,5,9,4,9,PayPal,877,100,0
CUST_001953,2021-11-04,19,54.02,Monthly,10,13,1,7,Invoice,323,77,0
CUST_001954,2023-09-24,47,49.66,Monthly,4,9,2,10,Credit Card,1395,100,1
CUST_001955,2022-08-25,5,61.15,Annual,10,8,3,7,Invoice,1350,92,0
CUST_001956,2024-08-06,47,25.02,Monthly,6,13,3,10,PayPal,1508,100,1
CUST_001957,2023-08-19,52,14.42,Monthly,10,7,2,3,ACH,799,68,1
CUST_001958,2022-01-19,23,16.35,Annual,6,10,1,8,Credit Card,926,85,1
CUST_001959,2021-10-03,30,22.72,Monthly,7,13,2,2,PayPal,48,57,1
CUST_001960,2022-12-31,25,44.68,Monthly,7,8,1,4,Invoice,1709,67,0
CUST_001961,2023-10-25,28,101.77,Monthly,8,6,1,3,Invoice,63,64,1
CUST_001962,2024-04-25,34,70.41,Annual,8,13,5,9,Credit Card,1786,97,1
CUST_001963,2022-08-16,45,87.8,Annual,7,14,1,6,Credit Card,1253,71,1
CUST_001964,2025-11-14,56,31.61,Annual,11,3,2,7,Invoice,503,92,1
CUST_001965,2024-11-28,48,35.93,Monthly,7,13,1,6,ACH,808,72,0
CUST_001966,2022-04-07,47,35.02,Monthly,10,7,0,8,PayPal,1767,83,1
CUST_001967,2026-03-24,25,20.65,Monthly,9,12,1,1,ACH,353,48,1
CUST_001968,2022-01-23,10,13.16,Monthly,15,9,2,7,Invoice,976,86,0
CUST_001969,2022-10-26,14,54.69,Quarterly,12,12,1,6,Invoice,767,73,1
CUST_001970,2022-06-14,42,236.49,Monthly,5,12,0,1,Credit Card,718,43,1
CUST_001971,2023-09-21,57,19.13,Monthly,7,13,1,1,ACH,1460,47,1
CUST_001972,2022-11-30,46,12.39,Monthly,7,15,5,1,Invoice,1695,55,0
CUST_001973,2023-08-23,58,85.6,Annual,7,9,4,6,ACH,1278,86,0
CUST_001974,2023-03-12,30,24.56,Annual,7,8,1,3,PayPal,445,62,1
CUST_001975,2023-09-01,55,98.49,Annual,6,12,1,6,Invoice,1235,73,0
CUST_001976,2026-03-26,41,70.86,Quarterly,8,15,1,9,PayPal,1713,85,1
CUST_001977,2025-06-09,25,155.64,Monthly,7,9,3,4,Invoice,106,76,0
CUST_001978,2022-11-05,14,36.29,Monthly,10,7,4,1,Invoice,992,63,0
CUST_001979,2023-01-19,35,64.23,Monthly,10,12,4,2,PayPal,1530,63,1
CUST_001980,2021-11-19,52,41.26,Annual,6,8,1,5,Credit Card,687,72,1
CUST_001981,2023-11-01,48,59.79,Annual,7,10,0,7,Credit Card,1507,75,1
CUST_001982,2025-02-03,34,39.86,Annual,12,4,1,5,Invoice,1323,76,1
CUST_001983,2026-03-27,10,20.45,Annual,6,13,2,6,PayPal,865,77,1
CUST_001984,2022-09-01,35,45.45,Annual,8,7,1,1,Credit Card,668,53,0
CUST_001985,2021-08-25,11,47.6,Quarterly,8,14,2,5,Invoice,1143,71,1
CUST_001986,2023-09-03,11,93.2,Annual,4,10,0,6,Invoice,1129,70,0
CUST_001987,2024-02-27,21,76.5,Annual,10,8,2,1,Credit Card,1242,57,1
CUST_001988,2023-09-03,21,64.5,Monthly,11,8,2,2,PayPal,1219,62,1
CUST_001989,2024-09-17,22,16.02,Annual,4,6,4,6,Credit Card,1425,89,1
CUST_001990,2023-03-22,45,73.76,Quarterly,5,12,3,7,Invoice,1017,88,0
CUST_001991,2023-06-04,7,44.69,Monthly,1,13,0,2,ACH,163,27,1
CUST_001992,2022-09-16,55,122.26,Annual,9,12,1,1,PayPal,1795,48,1
CUST_001993,2025-09-21,17,136.21,Annual,10,9,0,6,ACH,790,71,1
CUST_001994,2025-06-19,2,12.84,Monthly,13,8,5,10,ACH,265,100,1
CUST_001995,2025-05-19,12,95.92,Annual,8,8,5,5,ACH,201,82,0
CUST_001996,2026-01-08,57,11.92,Monthly,6,9,3,3,Invoice,1148,71,1
CUST_001997,2024-06-04,42,32.88,Quarterly,11,4,7,9,ACH,1277,100,1
CUST_001998,2022-08-25,18,49.08,Quarterly,7,15,0,1,ACH,569,40,1
CUST_001999,2021-12-23,54,18.01,Monthly,10,13,1,9,PayPal,1188,87,1
CUST_002000,2023-06-04,59,78.58,Monthly,7,8,2,1,Credit Card,678,57,1
CUST_002001,2026-03-24,11,10.42,Annual,5,13,2,7,Invoice,992,82,1
CUST_002002,2021-06-25,16,19.23,Monthly,4,7,2,1,Credit Card,850,58,1
CUST_002003,2022-09-28,49,53.47,Monthly,6,10,3,6,Invoice,254,85,1
CUST_002004,2022-10-25,51,72.66,Annual,9,12,3,9,PayPal,48,98,1
CUST_002005,2025-09-29,18,134.23,Monthly,9,12,4,7,Credit Card,1709,88,1
CUST_002006,2023-02-17,35,71.12,Monthly,6,18,1,6,Credit Card,160,67,0
CUST_002007,2025-06-01,53,65.7,Quarterly,7,6,2,5,Invoice,803,79,0
CUST_002008,2023-01-27,59,35.07,Quarterly,7,8,3,3,Invoice,131,72,0
CUST_002009,2026-01-31,26,10.06,Annual,8,9,3,2,Credit Card,506,66,0
CUST_002010,2025-05-15,16,16.4,Quarterly,4,11,2,2,Credit Card,911,59,1
CUST_002011,2024-10-09,6,48.24,Monthly,7,9,3,9,ACH,1363,100,1
CUST_002012,2021-12-20,57,66.22,Monthly,12,16,2,3,Credit Card,1151,59,0
CUST_002013,2024-02-07,44,37.02,Monthly,9,12,2,7,Credit Card,1515,83,0
CUST_002014,2021-09-01,43,75.59,Annual,7,14,1,4,Invoice,1335,61,0
CUST_002015,2024-03-13,47,46.89,Quarterly,2,8,4,7,Credit Card,1087,82,0
CUST_002016,2025-05-05,47,13.85,Annual,7,15,2,6,ACH,294,75,1
CUST_002017,2024-10-23,48,20.66,Quarterly,9,15,3,10,Credit Card,724,100,1
CUST_002018,2022-08-03,42,101.63,Annual,10,15,2,4,PayPal,446,65,1
CUST_002019,2021-08-20,12,74.53,Monthly,8,18,1,3,Invoice,1456,52,1
CUST_002020,2023-01-25,13,122.58,Monthly,5,5,2,4,Invoice,998,75,0
CUST_002021,2025-05-12,4,16.25,Monthly,5,8,1,2,Credit Card,1348,57,1
CUST_002022,2025-10-24,39,241.38,Monthly,11,9,4,2,PayPal,1059,66,0
CUST_002023,2021-09-15,54,21.75,Annual,12,7,2,4,ACH,1332,73,1
CUST_002024,2025-03-07,2,10.59,Monthly,9,7,2,3,ACH,1622,68,1
CUST_002025,2024-06-02,26,308.06,Annual,11,7,2,5,Credit Card,1162,78,0
CUST_002026,2026-04-26,59,26.5,Annual,11,12,2,1,Credit Card,678,53,0
CUST_002027,2025-12-21,27,65.13,Monthly,9,9,3,7,Credit Card,1814,91,1
CUST_002028,2021-06-27,27,19.72,Monthly,9,10,1,4,Credit Card,807,65,0
CUST_002029,2024-10-23,15,53.4,Monthly,5,7,3,6,ACH,811,88,1
CUST_002030,2024-01-28,8,127.19,Monthly,5,6,3,2,Credit Card,814,69,1
CUST_002031,2024-04-02,7,29.3,Quarterly,10,9,2,4,Credit Card,1689,71,1
CUST_002032,2023-06-13,47,65.47,Monthly,15,12,2,5,Credit Card,481,73,1
CUST_002033,2024-11-14,55,20.41,Annual,7,15,0,6,Credit Card,140,65,1
CUST_002034,2025-03-03,46,59.01,Quarterly,11,9,2,1,Invoice,363,56,0
CUST_002035,2022-06-15,40,30.51,Quarterly,7,14,2,4,Credit Card,1077,66,0
CUST_002036,2024-06-30,12,21.86,Quarterly,5,11,1,2,ACH,554,54,1
CUST_002037,2025-05-05,13,28.78,Monthly,8,9,3,10,Invoice,1624,100,0
CUST_002038,2022-05-03,43,19.85,Monthly,14,14,2,1,ACH,796,51,1
CUST_002039,2021-09-12,17,126.1,Monthly,11,4,3,9,Invoice,222,100,1
CUST_002040,2022-01-09,17,35.31,Monthly,11,9,2,1,Credit Card,1091,56,0
CUST_002041,2026-02-10,56,24.07,Quarterly,11,10,3,2,Credit Card,686,65,1
CUST_002042,2025-05-12,36,39.75,Annual,13,3,2,9,PayPal,1707,100,0
CUST_002043,2022-10-29,21,29.32,Monthly,9,9,3,8,Invoice,494,96,1
CUST_002044,2021-07-26,8,78.21,Monthly,8,14,0,10,PayPal,971,86,0
CUST_002045,2024-09-21,5,187.4,Monthly,6,10,2,10,Invoice,1197,100,0
CUST_002046,2022-02-05,26,38.82,Annual,5,7,0,10,Invoice,612,93,0
CUST_002047,2025-07-12,16,108.68,Annual,11,8,5,4,Credit Card,1031,77,1
CUST_002048,2022-12-02,36,51.72,Quarterly,7,10,2,2,Credit Card,1048,60,0
CUST_002049,2022-02-04,28,18.55,Quarterly,7,5,2,8,Invoice,460,95,1
CUST_002050,2023-05-29,54,68.66,Monthly,6,9,4,3,PayPal,105,71,0
CUST_002051,2021-09-15,29,46.02,Monthly,11,9,1,10,PayPal,52,96,1
CUST_002052,2023-03-23,47,62.58,Monthly,7,9,1,1,Invoice,1541,51,0
CUST_002053,2022-11-23,12,120.22,Monthly,8,9,2,2,Invoice,653,61,0
CUST_002054,2026-04-16,37,39.03,Quarterly,7,11,5,4,Credit Card,1443,74,1
CUST_002055,2025-05-08,30,125.72,Annual,11,8,0,1,ACH,776,47,0
CUST_002056,2022-12-03,23,79.45,Annual,9,5,0,6,ACH,1303,75,1
CUST_002057,2023-12-19,16,43.53,Monthly,7,9,2,4,ACH,963,71,1
CUST_002058,2024-06-02,14,56.22,Monthly,9,12,2,6,PayPal,59,78,0
CUST_002059,2025-02-09,10,29.7,Monthly,5,9,3,5,PayPal,563,81,1
CUST_002060,2023-12-29,7,215.52,Annual,5,13,1,4,Credit Card,542,62,0
CUST_002061,2025-05-03,45,65.03,Annual,5,19,0,7,Invoice,1551,66,1
CUST_002062,2024-06-27,52,12.24,Monthly,7,12,1,7,Invoice,1177,78,0
CUST_002063,2023-07-30,37,29.77,Annual,10,7,4,4,Credit Card,1504,78,1
CUST_002064,2022-08-22,29,58.82,Quarterly,10,8,1,4,Credit Card,1669,67,0
CUST_002065,2025-01-21,3,12.9,Monthly,5,7,8,4,Credit Card,581,78,1
CUST_002066,2025-03-15,15,11.21,Annual,5,10,0,8,Invoice,1822,80,1
CUST_002067,2022-04-15,36,39.89,Monthly,3,11,2,5,ACH,1538,74,1
CUST_002068,2024-09-24,47,30.23,Annual,11,12,3,5,PayPal,1153,78,1
CUST_002069,2022-11-23,46,38.84,Annual,6,11,2,9,PayPal,1022,94,1
CUST_002070,2022-12-02,52,25.24,Quarterly,9,10,0,10,PayPal,1485,90,0
CUST_002071,2023-08-13,19,19.0,Monthly,4,5,2,6,PayPal,1667,85,1
CUST_002072,2022-05-28,13,68.42,Monthly,6,12,0,4,Invoice,1418,58,0
CUST_002073,2024-10-08,42,46.14,Monthly,9,7,0,7,ACH,1348,78,0
CUST_002074,2025-06-02,21,21.17,Monthly,4,7,2,8,Invoice,718,93,1
CUST_002075,2022-12-04,37,29.25,Annual,7,8,1,7,Credit Card,858,82,1
CUST_002076,2026-03-27,27,54.8,Quarterly,6,15,0,6,PayPal,653,65,1
CUST_002077,2023-08-18,55,13.75,Monthly,7,13,4,2,Invoice,1747,62,1
CUST_002078,2025-07-29,52,17.98,Monthly,3,12,1,5,PayPal,411,68,1
CUST_002079,2022-12-30,29,13.8,Monthly,7,10,3,6,Invoice,765,85,1
CUST_002080,2023-10-30,20,93.65,Monthly,9,14,0,2,PayPal,1072,46,0
CUST_002081,2025-01-04,25,79.8,Monthly,6,9,3,9,Credit Card,306,100,1
CUST_002082,2022-11-14,6,79.98,Monthly,9,9,2,10,Invoice,1128,100,1
CUST_002083,2022-08-24,36,73.0,Annual,8,9,1,4,PayPal,1072,66,1
CUST_002084,2024-05-02,2,65.34,Monthly,5,11,1,5,Invoice,1721,69,1
CUST_002085,2025-10-23,22,42.41,Annual,8,8,1,5,Invoice,1021,72,1
CUST_002086,2023-06-27,32,61.4,Annual,11,7,0,7,Invoice,887,78,0
CUST_002087,2024-11-25,16,11.96,Monthly,5,4,4,9,Credit Card,816,100,1
CUST_002088,2023-10-28,18,58.57,Annual,9,12,4,9,ACH,684,98,0
CUST_002089,2025-03-28,5,85.23,Annual,7,11,3,6,Invoice,290,84,0
CUST_002090,2023-11-29,54,44.69,Annual,13,8,1,9,PayPal,553,92,1
CUST_002091,2024-05-28,36,32.12,Monthly,9,10,2,4,Credit Card,1546,70,0
CUST_002092,2026-04-11,30,26.25,Monthly,8,6,3,5,Credit Card,1588,84,0
CUST_002093,2025-01-14,45,61.47,Quarterly,8,6,4,5,Invoice,1304,84,0
CUST_002094,2023-03-16,19,69.01,Annual,7,11,2,5,PayPal,1358,74,1
CUST_002095,2025-10-05,23,112.38,Monthly,6,6,1,1,Invoice,878,54,1
CUST_002096,2025-07-01,34,30.95,Monthly,14,4,1,7,PayPal,40,86,0
CUST_002097,2022-10-17,13,83.43,Monthly,10,10,3,6,Credit Card,1148,85,1
CUST_002098,2024-05-29,43,51.2,Monthly,5,10,2,3,PayPal,87,65,0
CUST_002099,2024-06-15,54,117.21,Annual,12,6,0,8,Invoice,1562,84,1
CUST_002100,2025-07-22,29,47.52,Monthly,9,9,2,6,ACH,141,81,0
CUST_002101,2024-05-17,36,46.45,Monthly,13,7,1,9,Invoice,997,93,1
CUST_002102,2021-09-06,22,53.12,Annual,8,14,4,7,Credit Card,453,86,0
CUST_002103,2024-03-31,52,79.18,Monthly,11,7,3,8,Credit Card,1661,98,1
CUST_002104,2022-11-29,52,177.18,Annual,6,11,5,9,PayPal,1319,99,1
CUST_002105,2023-09-28,47,13.82,Annual,9,15,3,6,Invoice,964,80,0
CUST_002106,2025-04-17,36,12.75,Monthly,7,12,0,8,Credit Card,643,78,0
CUST_002107,2025-01-28,9,148.67,Annual,3,8,2,2,PayPal,1232,62,0
CUST_002108,2023-07-07,39,47.74,Annual,5,7,0,1,PayPal,586,48,0
CUST_002109,2026-04-04,51,57.71,Monthly,6,8,2,9,PayPal,916,97,1
CUST_002110,2023-11-08,19,42.93,Monthly,6,10,4,10,Invoice,611,100,0
CUST_002111,2023-06-11,38,14.92,Annual,5,16,2,6,Credit Card,1792,74,1
CUST_002112,2021-10-06,6,83.07,Quarterly,6,14,0,10,PayPal,488,86,0
CUST_002113,2023-12-06,52,78.76,Annual,6,5,3,10,Invoice,766,100,1
CUST_002114,2026-02-13,47,28.68,Monthly,10,13,0,3,PayPal,70,52,1
CUST_002115,2023-09-29,15,28.28,Annual,9,10,1,3,PayPal,1258,60,1
CUST_002116,2025-01-29,57,100.96,Monthly,9,15,2,8,PayPal,1668,85,1
CUST_002117,2024-10-10,20,13.76,Annual,11,9,2,3,PayPal,226,66,0
CUST_002118,2022-01-22,9,116.48,Annual,4,13,2,10,Credit Card,722,97,0
CUST_002119,2022-03-19,32,24.83,Annual,4,5,2,6,Invoice,1501,85,1
CUST_002120,2022-05-10,4,54.95,Quarterly,5,11,2,6,PayPal,1537,79,1
CUST_002121,2024-04-25,50,147.44,Annual,8,13,2,5,ACH,1611,72,1
CUST_002122,2022-10-02,18,66.68,Annual,5,11,1,7,ACH,438,79,0
CUST_002123,2024-12-03,5,36.76,Monthly,5,5,0,4,ACH,865,65,1
CUST_002124,2023-04-06,20,68.48,Quarterly,10,8,4,10,Credit Card,588,100,0
CUST_002125,2025-04-01,23,31.08,Quarterly,10,7,2,6,Invoice,1300,83,1
CUST_002126,2022-03-12,11,26.24,Monthly,6,5,1,1,Invoice,821,55,0
CUST_002127,2026-03-25,37,295.44,Monthly,16,16,3,3,Credit Card,135,64,1
CUST_002128,2022-10-16,22,79.47,Monthly,10,9,4,7,Credit Card,114,91,0
CUST_002129,2023-11-28,58,61.74,Annual,10,16,3,9,Credit Card,1623,94,0
CUST_002130,2024-02-26,4,31.95,Annual,6,12,1,1,PayPal,1798,48,0
CUST_002131,2025-11-27,29,12.52,Monthly,6,10,6,4,ACH,1512,75,0
CUST_002132,2023-04-30,44,11.58,Quarterly,11,12,1,7,ACH,824,78,1
CUST_002133,2023-12-01,34,50.39,Monthly,6,12,2,10,PayPal,1037,98,1
CUST_002134,2023-03-06,13,81.78,Annual,12,9,1,9,Credit Card,1357,91,1
CUST_002135,2021-08-26,42,48.54,Monthly,13,22,1,8,PayPal,1794,75,1
CUST_002136,2023-09-02,9,101.88,Monthly,14,13,1,2,ACH,326,52,1
CUST_002137,2023-04-21,42,11.7,Monthly,11,4,2,2,Invoice,359,66,0
CUST_002138,2023-06-22,31,32.84,Monthly,8,12,3,9,Credit Card,936,98,1
CUST_002139,2022-04-11,7,23.53,Annual,17,11,2,2,PayPal,1224,59,1
CUST_002140,2022-01-21,4,39.64,Annual,7,7,3,10,ACH,1766,100,1
CUST_002141,2021-08-06,19,13.76,Monthly,7,11,0,7,ACH,519,74,1
CUST_002142,2024-01-05,42,164.1,Monthly,9,11,1,10,Credit Card,928,94,1
CUST_002143,2022-06-27,30,22.63,Monthly,10,12,3,9,Invoice,590,98,0
CUST_002144,2024-04-15,31,137.75,Annual,8,10,2,8,Invoice,1230,90,1
CUST_002145,2022-04-30,35,37.75,Annual,7,10,4,5,ACH,969,80,0
CUST_002146,2021-11-17,57,221.76,Monthly,6,11,2,2,ACH,419,59,0
CUST_002147,2023-08-18,21,50.38,Annual,8,15,3,6,PayPal,612,80,0
CUST_002148,2026-04-12,31,143.56,Monthly,7,5,2,7,ACH,696,90,0
CUST_002149,2025-07-04,19,10.27,Quarterly,8,9,2,10,PayPal,284,100,0
CUST_002150,2023-12-16,31,78.96,Quarterly,10,15,2,7,ACH,207,80,1
CUST_002151,2026-02-08,53,126.68,Annual,5,12,2,5,Invoice,243,73,1
CUST_002152,2021-09-23,32,17.52,Quarterly,9,13,6,10,Credit Card,1686,100,1
CUST_002153,2022-04-17,2,15.05,Quarterly,9,6,0,9,PayPal,1659,89,1
CUST_002154,2022-06-22,59,37.63,Quarterly,9,7,1,6,ACH,371,78,1
CUST_002155,2022-02-22,52,145.66,Annual,7,10,3,10,Credit Card,180,100,1
CUST_002156,2022-10-30,10,49.09,Monthly,10,8,1,9,ACH,1257,92,1
CUST_002157,2024-10-10,2,47.48,Monthly,7,7,2,8,PayPal,607,93,1
CUST_002158,2023-10-12,2,17.61,Monthly,3,11,1,10,Credit Card,762,94,1
CUST_002159,2022-02-02,24,10.04,Annual,11,14,1,9,Invoice,1323,86,1
CUST_002160,2023-02-02,17,93.07,Monthly,15,12,3,1,Invoice,1382,58,0
CUST_002161,2023-02-01,32,14.58,Monthly,8,13,2,2,Credit Card,138,57,1
CUST_002162,2023-07-29,16,60.24,Monthly,10,8,1,8,ACH,263,87,1
CUST_002163,2024-03-01,16,133.03,Monthly,4,7,3,6,PayPal,1399,88,1
CUST_002164,2024-03-02,46,21.7,Annual,9,14,3,1,Invoice,1560,56,1
CUST_002165,2022-02-05,39,64.72,Quarterly,7,14,1,10,PayPal,1338,91,0
CUST_002166,2022-10-16,53,14.1,Annual,16,9,2,1,PayPal,1698,56,0
CUST_002167,2024-12-27,31,56.29,Annual,4,14,4,1,PayPal,755,56,1
CUST_002168,2025-10-07,43,18.95,Annual,8,14,0,3,Credit Card,1240,51,1
CUST_002169,2022-01-21,24,76.58,Monthly,6,12,2,9,PayPal,890,93,1
CUST_002170,2021-12-07,1,27.92,Monthly,2,12,4,6,Invoice,1130,73,0
CUST_002171,2023-05-15,11,41.12,Quarterly,8,11,3,2,ACH,1199,64,0
CUST_002172,2025-02-27,55,55.74,Monthly,8,7,2,8,PayPal,100,93,1
CUST_002173,2023-08-22,21,19.39,Monthly,6,8,0,10,Invoice,1514,92,1
CUST_002174,2021-09-25,4,77.67,Annual,8,17,2,3,Invoice,218,58,0
CUST_002175,2021-11-16,7,28.02,Monthly,9,10,2,1,Credit Card,394,55,1
CUST_002176,2022-09-08,26,64.29,Monthly,9,7,0,10,Invoice,397,93,0
CUST_002177,2024-11-29,47,18.62,Monthly,4,8,1,6,ACH,882,77,1
CUST_002178,2024-09-19,50,68.26,Monthly,4,6,2,4,Invoice,249,74,0
CUST_002179,2023-06-17,12,16.86,Monthly,6,9,3,6,Credit Card,916,86,1
CUST_002180,2021-08-27,31,37.7,Monthly,6,12,2,8,Invoice,451,88,1
CUST_002181,2021-12-29,17,24.2,Annual,7,12,3,4,PayPal,786,73,1
CUST_002182,2025-10-16,33,78.99,Quarterly,5,10,1,4,Invoice,672,65,1
CUST_002183,2025-04-11,11,25.19,Monthly,4,10,2,6,Credit Card,538,80,1
CUST_002184,2025-05-19,28,116.73,Quarterly,12,6,4,2,PayPal,1171,69,0
CUST_002185,2023-09-16,32,121.2,Monthly,3,5,1,3,ACH,185,65,1
CUST_002186,2024-06-09,1,20.94,Monthly,14,7,2,2,ACH,467,63,1
CUST_002187,2022-01-24,47,57.58,Monthly,4,9,1,9,PayPal,539,91,1
CUST_002188,2025-04-20,28,14.59,Annual,9,13,1,4,PayPal,1354,62,0
CUST_002189,2023-11-16,53,34.84,Monthly,6,10,5,3,PayPal,1480,70,1
CUST_002190,2023-10-30,42,72.47,Annual,10,8,1,2,Credit Card,1160,57,0
CUST_002191,2022-01-02,7,63.86,Annual,11,5,3,1,Credit Card,1470,65,0
CUST_002192,2024-11-22,2,59.0,Annual,8,6,1,2,ACH,682,59,1
CUST_002193,2023-02-11,42,26.6,Annual,14,7,1,4,Invoice,838,68,0
CUST_002194,2024-04-29,24,33.74,Quarterly,8,14,1,4,ACH,534,61,1
CUST_002195,2025-10-09,4,15.43,Monthly,11,10,2,7,PayPal,1494,85,1
CUST_002196,2025-02-02,44,73.47,Monthly,7,9,1,3,ACH,1816,61,0
CUST_002197,2022-10-14,19,45.05,Annual,7,10,1,7,ACH,1290,80,1
CUST_002198,2022-11-20,26,71.68,Annual,8,8,3,4,PayPal,1698,77,0
CUST_002199,2021-07-04,11,24.31,Monthly,6,5,0,9,Credit Card,257,90,0
CUST_002200,2024-11-28,40,29.61,Monthly,4,10,1,7,Credit Card,1285,80,1
CUST_002201,2021-09-04,50,30.34,Monthly,12,12,3,2,PayPal,37,63,0
CUST_002202,2023-07-21,43,11.3,Monthly,9,9,3,9,PayPal,991,100,1
CUST_002203,2023-09-20,11,30.86,Monthly,5,15,0,9,Invoice,329,80,1
CUST_002204,2024-05-07,45,91.3,Quarterly,9,9,3,2,ACH,1480,66,0
CUST_002205,2023-07-24,3,123.8,Annual,7,7,4,8,ACH,366,98,1
CUST_002206,2024-12-18,12,46.51,Monthly,6,12,0,7,ACH,161,73,1
CUST_002207,2026-01-06,3,40.39,Annual,7,12,0,1,Credit Card,48,43,0
CUST_002208,2025-04-12,42,11.57,Quarterly,8,13,3,1,Credit Card,703,57,1
CUST_002209,2022-08-04,27,115.68,Monthly,10,9,3,8,ACH,1243,96,0
CUST_002210,2024-09-26,49,10.65,Monthly,10,13,1,10,PayPal,1646,92,1
CUST_002211,2025-04-03,54,154.79,Annual,7,13,3,5,Invoice,374,77,1
CUST_002212,2023-05-11,2,43.59,Annual,7,12,2,9,PayPal,674,93,1
CUST_002213,2021-07-27,49,30.92,Monthly,4,14,3,3,PayPal,1681,66,0
CUST_002214,2024-05-12,16,139.0,Quarterly,7,8,4,3,Credit Card,366,72,0
CUST_002215,2026-02-20,2,11.23,Monthly,4,13,2,8,ACH,1192,87,1
CUST_002216,2025-08-02,54,53.54,Monthly,10,5,3,5,PayPal,1111,85,1
CUST_002217,2022-08-28,30,49.81,Monthly,9,8,1,1,Invoice,941,52,0
CUST_002218,2025-05-30,20,22.38,Monthly,7,13,1,9,Invoice,1133,87,1
CUST_002219,2022-07-13,38,38.01,Annual,10,7,3,2,Credit Card,1795,68,0
CUST_002220,2022-03-06,28,62.82,Quarterly,4,10,4,7,PayPal,1284,90,1
CUST_002221,2024-09-03,25,74.94,Monthly,8,8,1,8,Credit Card,1812,87,1
CUST_002222,2025-11-18,32,10.04,Quarterly,8,4,3,4,ACH,623,81,1
CUST_002223,2022-01-16,10,148.11,Quarterly,5,8,4,3,Invoice,267,72,1
CUST_002224,2026-04-22,42,18.99,Monthly,7,8,1,1,PayPal,1683,52,1
CUST_002225,2022-09-16,40,23.3,Annual,9,6,1,10,Invoice,32,99,1
CUST_002226,2024-05-04,33,25.29,Monthly,6,12,0,7,Credit Card,815,73,1
CUST_002227,2024-02-22,13,11.93,Annual,12,11,1,7,ACH,145,79,1
CUST_002228,2026-01-21,56,16.57,Monthly,10,12,3,9,Invoice,1675,98,1
CUST_002229,2022-05-15,41,224.7,Annual,11,8,0,6,Credit Card,676,72,0
CUST_002230,2022-06-17,54,28.93,Monthly,7,6,1,4,PayPal,232,69,1
CUST_002231,2024-03-15,42,16.13,Quarterly,7,12,0,1,PayPal,1356,43,1
CUST_002232,2025-10-01,47,15.66,Quarterly,7,9,2,6,PayPal,684,81,1
CUST_002233,2021-08-22,37,73.55,Monthly,9,11,1,2,Credit Card,898,54,1
CUST_002234,2023-04-17,54,106.4,Monthly,5,13,4,10,PayPal,1627,100,1
CUST_002235,2022-01-07,16,24.85,Monthly,8,6,1,9,PayPal,1131,94,1
CUST_002236,2025-03-28,45,11.06,Annual,9,16,0,7,PayPal,564,69,1
CUST_002237,2024-09-22,22,22.62,Monthly,2,12,1,1,PayPal,535,38,1
CUST_002238,2023-11-26,57,12.91,Annual,8,10,3,4,PayPal,705,75,1
CUST_002239,2023-05-29,20,15.46,Monthly,4,6,2,5,Invoice,1710,79,1
CUST_002240,2021-09-10,50,38.24,Monthly,16,13,1,3,Credit Card,307,57,0
CUST_002241,2022-04-07,43,23.06,Monthly,6,9,1,9,Invoice,309,91,0
CUST_002242,2024-09-18,27,46.28,Monthly,13,13,1,9,PayPal,1208,87,0
CUST_002243,2022-09-07,41,24.62,Annual,7,13,0,9,ACH,1070,82,1
CUST_002244,2023-04-19,16,151.12,Quarterly,6,10,2,2,PayPal,1716,60,1
CUST_002245,2026-01-31,34,128.19,Monthly,6,9,2,3,Credit Card,356,66,1
CUST_002246,2021-09-22,32,51.83,Annual,2,11,2,10,PayPal,1693,89,1
CUST_002247,2024-06-29,26,31.88,Monthly,9,7,2,7,Invoice,154,88,1
CUST_002248,2024-05-19,25,33.99,Annual,5,6,5,6,PayPal,414,89,1
CUST_002249,2023-10-10,2,36.54,Monthly,4,11,2,8,Credit Card,719,89,1
CUST_002250,2025-09-03,12,75.02,Annual,6,10,0,1,Credit Card,407,45,1
CUST_002251,2026-05-01,40,40.04,Quarterly,9,9,0,8,PayPal,847,81,1
CUST_002252,2025-09-20,9,107.15,Monthly,4,6,2,1,PayPal,632,59,1
CUST_002253,2024-02-22,12,154.2,Annual,5,11,1,6,Invoice,1692,74,1
CUST_002254,2021-06-29,26,30.47,Monthly,7,12,4,8,Credit Card,1297,93,1
CUST_002255,2024-09-21,9,51.13,Monthly,6,8,4,10,Invoice,1407,100,1
CUST_002256,2026-01-07,10,14.99,Monthly,6,14,2,7,Credit Card,1474,81,1
CUST_002257,2021-09-16,32,21.19,Monthly,17,13,1,3,PayPal,1418,57,1
CUST_002258,2023-10-28,57,36.68,Monthly,6,15,1,7,Credit Card,1452,75,1
CUST_002259,2023-04-02,34,21.55,Monthly,13,9,3,3,PayPal,1163,71,1
CUST_002260,2025-10-21,48,114.6,Monthly,6,4,1,3,Invoice,85,66,1
CUST_002261,2023-01-29,20,18.62,Monthly,8,9,4,5,Invoice,853,81,0
CUST_002262,2023-12-14,39,40.41,Annual,10,13,2,2,PayPal,993,57,1
CUST_002263,2026-02-02,2,56.53,Quarterly,6,8,3,1,ACH,826,62,1
CUST_002264,2021-08-27,1,68.86,Monthly,12,10,1,4,ACH,72,65,0
CUST_002265,2026-01-01,51,34.15,Monthly,9,14,2,4,PayPal,1651,66,1
CUST_002266,2025-12-11,36,111.67,Monthly,8,10,3,4,Credit Card,689,75,1
CUST_002267,2023-08-13,24,52.0,Quarterly,1,16,4,10,Credit Card,755,79,0
CUST_002268,2026-01-17,54,38.95,Annual,6,11,2,10,ACH,1433,99,0
CUST_002269,2023-11-28,27,13.48,Monthly,2,13,3,9,ACH,906,87,0
CUST_002270,2025-03-01,2,41.25,Monthly,12,12,0,3,PayPal,1280,53,1
CUST_002271,2022-09-12,31,95.94,Monthly,10,13,1,6,PayPal,759,72,1
CUST_002272,2025-06-20,57,57.67,Monthly,8,12,2,7,Credit Card,1323,83,0
CUST_002273,2024-08-06,14,99.24,Quarterly,10,11,0,7,ACH,1498,74,1
CUST_002274,2026-04-24,2,44.06,Quarterly,5,12,1,5,ACH,265,68,1
CUST_002275,2024-03-20,29,16.3,Monthly,9,10,4,2,Credit Card,1265,65,0
CUST_002276,2023-05-02,15,10.69,Annual,10,16,3,2,Invoice,1153,59,0
CUST_002277,2022-07-20,12,28.06,Monthly,8,11,2,9,Credit Card,1641,94,1
CUST_002278,2025-09-22,37,69.86,Monthly,16,9,1,1,ACH,1820,51,0
CUST_002279,2022-05-24,28,88.09,Quarterly,6,5,1,1,Invoice,1242,55,1
CUST_002280,2024-10-27,20,27.53,Annual,9,6,2,8,PayPal,1062,94,0
CUST_002281,2022-07-09,39,44.22,Monthly,8,8,2,7,Invoice,382,87,1
CUST_002282,2024-05-17,24,37.33,Monthly,11,14,0,9,PayPal,666,81,1
CUST_002283,2022-10-23,21,36.43,Quarterly,7,7,2,6,Invoice,1269,83,0
CUST_002284,2021-08-23,10,23.16,Annual,11,6,2,3,PayPal,998,69,1
CUST_002285,2022-08-30,46,17.33,Monthly,15,9,4,2,Credit Card,437,66,1
CUST_002286,2023-04-21,14,20.95,Monthly,11,10,1,7,Invoice,763,80,1
CUST_002287,2022-08-30,37,12.85,Monthly,5,6,4,1,Credit Card,226,64,1
CUST_002288,2026-01-12,18,21.04,Quarterly,8,13,1,8,ACH,620,82,1
CUST_002289,2025-08-25,24,10.46,Annual,9,11,4,8,Credit Card,458,94,0
CUST_002290,2025-04-15,14,59.34,Monthly,6,11,1,9,ACH,978,89,1
CUST_002291,2026-04-26,34,29.02,Annual,8,16,3,9,Credit Card,788,94,0
CUST_002292,2025-01-29,58,190.86,Annual,12,14,2,9,ACH,305,91,1
CUST_002293,2023-04-21,12,20.77,Monthly,5,4,3,7,Invoice,855,96,1
CUST_002294,2025-10-07,22,31.22,Monthly,5,10,1,3,PayPal,1779,60,1
CUST_002295,2023-11-15,56,32.15,Annual,6,11,0,10,PayPal,1277,89,1
CUST_002296,2022-06-19,6,10.42,Annual,9,9,1,6,Invoice,611,76,0
CUST_002297,2022-09-03,36,101.38,Annual,8,8,0,6,PayPal,1411,72,0
CUST_002298,2026-04-11,45,11.63,Quarterly,8,3,1,2,Invoice,1420,62,0
CUST_002299,2025-03-19,36,150.82,Monthly,6,10,2,4,ACH,958,70,1
CUST_002300,2023-11-20,22,121.32,Monthly,11,15,4,2,Invoice,1498,60,1
CUST_002301,2024-12-04,14,48.34,Quarterly,4,13,3,3,Invoice,680,67,0
CUST_002302,2023-03-09,16,49.22,Monthly,8,10,1,7,Invoice,505,80,1
CUST_002303,2024-02-14,36,63.03,Annual,6,9,3,8,Invoice,672,96,0
CUST_002304,2021-08-13,56,34.47,Annual,6,10,0,1,ACH,907,45,0
CUST_002305,2023-12-11,25,62.1,Annual,11,5,1,8,PayPal,1358,90,0
CUST_002306,2026-04-19,32,12.29,Monthly,3,13,0,8,Credit Card,982,77,1
CUST_002307,2023-09-05,33,12.78,Annual,10,9,0,7,ACH,1120,76,0
CUST_002308,2023-08-29,45,40.55,Quarterly,9,5,2,7,Invoice,1722,90,1
CUST_002309,2023-07-24,36,49.88,Annual,4,10,3,3,Credit Card,405,70,1
CUST_002310,2023-07-02,20,119.38,Monthly,13,9,2,9,PayPal,40,96,1
CUST_002311,2026-02-05,18,15.53,Monthly,7,13,3,3,Invoice,898,67,0
CUST_002312,2022-02-05,38,96.48,Monthly,11,5,1,7,PayPal,1817,85,0
CUST_002313,2023-11-06,3,21.79,Monthly,6,14,1,8,Credit Card,1418,81,1
CUST_002314,2022-01-23,23,35.05,Monthly,9,14,7,2,ACH,1748,61,0
CUST_002315,2022-09-16,32,29.03,Quarterly,5,6,4,4,Invoice,1672,79,1
CUST_002316,2022-11-13,45,35.55,Annual,6,8,0,4,Credit Card,1021,62,0
CUST_002317,2026-01-01,59,18.16,Annual,7,11,2,7,PayPal,591,84,1
CUST_002318,2023-02-17,16,45.02,Annual,5,12,2,6,Credit Card,1708,78,0
CUST_002319,2021-12-24,59,90.88,Monthly,11,11,3,10,Invoice,161,100,1
CUST_002320,2024-04-13,5,39.13,Quarterly,6,9,3,6,ACH,317,86,0
CUST_002321,2022-07-23,4,43.73,Monthly,9,5,6,6,PayPal,465,90,1
CUST_002322,2024-06-17,21,104.45,Monthly,10,14,0,9,Credit Card,1288,81,1
CUST_002323,2021-07-11,40,71.22,Monthly,9,8,2,4,Credit Card,1407,72,0
CUST_002324,2021-10-21,51,43.71,Quarterly,11,13,2,10,Credit Card,1767,97,1
CUST_002325,2025-06-28,14,24.9,Quarterly,10,9,3,2,ACH,635,66,0
CUST_002326,2024-06-07,39,118.11,Monthly,8,8,1,2,Invoice,1094,57,0
CUST_002327,2025-07-19,31,53.02,Quarterly,15,6,1,9,Invoice,1263,94,1
CUST_002328,2025-06-30,14,22.5,Monthly,3,12,4,4,Credit Card,1698,73,0
CUST_002329,2021-11-27,6,25.68,Monthly,8,8,3,10,Credit Card,1381,100,0
CUST_002330,2023-11-01,12,91.26,Quarterly,7,16,2,9,Credit Card,1435,89,1
CUST_002331,2021-07-21,16,12.26,Quarterly,6,11,2,1,Invoice,1797,54,1
CUST_002332,2024-07-10,17,252.0,Annual,4,11,0,2,ACH,779,49,1
CUST_002333,2024-10-31,45,16.98,Annual,8,9,4,7,Credit Card,1378,91,1
CUST_002334,2022-07-27,23,89.5,Quarterly,9,9,3,7,Invoice,1134,91,0
CUST_002335,2025-06-25,14,35.11,Annual,3,8,2,1,Invoice,1540,57,0
CUST_002336,2023-12-12,7,43.88,Quarterly,7,11,1,8,ACH,68,84,0
CUST_002337,2023-05-16,46,116.28,Annual,7,9,0,7,ACH,1799,76,1
CUST_002338,2021-10-09,32,36.63,Quarterly,9,9,2,10,PayPal,1016,100,1
CUST_002339,2023-10-22,15,48.55,Quarterly,10,8,4,2,PayPal,932,67,0
CUST_002340,2021-07-30,44,12.53,Monthly,8,9,5,1,ACH,873,61,1
CUST_002341,2024-04-08,17,10.12,Quarterly,9,11,1,2,ACH,207,54,1
CUST_002342,2026-03-29,41,24.04,Monthly,5,13,1,7,PayPal,1141,77,1
CUST_002343,2025-02-12,54,67.06,Monthly,4,10,0,10,ACH,334,90,1
CUST_002344,2026-01-30,47,16.46,Annual,11,12,1,4,Invoice,1710,63,1
CUST_002345,2022-12-19,44,16.04,Monthly,6,10,0,6,PayPal,1508,70,1
CUST_002346,2025-05-15,34,36.46,Annual,7,13,3,5,Credit Card,525,77,0
CUST_002347,2023-11-12,5,62.18,Quarterly,5,9,1,8,PayPal,1518,86,1
CUST_002348,2022-08-16,45,72.25,Monthly,6,8,3,7,Invoice,305,92,0
CUST_002349,2023-12-23,27,19.83,Monthly,10,11,0,7,Credit Card,1528,74,1
CUST_002350,2021-07-19,52,14.15,Quarterly,2,19,1,9,ACH,1354,71,1
CUST_002351,2025-11-25,23,151.0,Monthly,7,11,4,4,Credit Card,487,74,1
CUST_002352,2023-09-19,40,25.1,Monthly,14,10,2,9,Invoice,995,95,1
CUST_002353,2026-04-09,59,105.98,Monthly,3,16,3,3,Invoice,973,64,1
CUST_002354,2025-03-25,14,109.57,Annual,11,8,0,3,ACH,1298,57,1
CUST_002355,2024-02-18,15,84.04,Annual,5,11,2,5,Credit Card,1046,74,1
CUST_002356,2024-12-03,43,19.25,Quarterly,8,9,1,10,PayPal,1177,96,0
CUST_002357,2024-05-01,33,96.24,Monthly,5,11,0,3,Credit Card,165,54,1
CUST_002358,2022-07-15,53,83.32,Quarterly,10,8,3,9,Invoice,1304,100,1
CUST_002359,2022-06-27,31,55.41,Annual,10,8,6,1,Invoice,1097,62,0
CUST_002360,2024-11-17,35,30.56,Monthly,12,9,2,6,ACH,1371,81,1
CUST_002361,2023-09-20,17,25.23,Annual,6,13,0,7,PayPal,137,72,0
CUST_002362,2025-12-02,28,16.5,Annual,7,11,1,1,Credit Card,368,49,1
CUST_002363,2021-12-29,19,45.64,Annual,11,7,2,5,PayPal,1136,78,0
CUST_002364,2021-08-24,46,54.01,Monthly,4,13,4,9,Credit Card,819,97,1
CUST_002365,2023-09-29,54,32.26,Monthly,9,8,4,6,Invoice,1472,87,0
CUST_002366,2024-09-02,23,42.25,Monthly,12,10,2,4,ACH,441,70,1
CUST_002367,2021-11-04,32,32.59,Monthly,11,15,3,4,Invoice,702,70,1
CUST_002368,2025-03-09,40,61.22,Annual,10,4,1,5,Credit Card,1315,76,1
CUST_002369,2022-11-06,13,125.76,Monthly,5,9,2,5,Invoice,1150,76,1
CUST_002370,2023-03-19,59,18.95,Annual,5,4,0,6,ACH,847,76,0
CUST_002371,2023-12-19,20,34.02,Monthly,9,7,3,3,Invoice,918,73,1
CUST_002372,2022-02-17,35,17.59,Monthly,11,11,6,4,PayPal,1023,74,1
CUST_002373,2021-07-04,5,59.03,Annual,10,13,1,5,Invoice,90,67,1
CUST_002374,2024-10-02,9,75.26,Monthly,10,6,1,2,PayPal,591,59,0
CUST_002375,2025-06-02,29,144.35,Quarterly,11,13,3,10,ACH,105,100,1
CUST_002376,2022-05-22,6,26.35,Monthly,6,7,1,4,ACH,1730,68,1
CUST_002377,2023-10-14,25,160.0,Monthly,7,11,2,7,PayPal,1425,84,0
CUST_002378,2025-07-12,31,13.27,Quarterly,9,13,1,4,Invoice,1281,62,1
CUST_002379,2024-04-08,22,56.19,Annual,3,15,1,8,ACH,919,80,1
CUST_002380,2022-07-08,2,12.94,Monthly,10,12,4,1,Credit Card,1760,58,1
CUST_002381,2025-10-29,45,122.11,Monthly,3,11,3,9,PayPal,1284,99,0
CUST_002382,2022-11-10,5,47.73,Annual,8,8,2,5,Invoice,1626,77,1
CUST_002383,2024-08-04,27,65.33,Quarterly,5,7,2,2,Invoice,528,63,0
CUST_002384,2022-10-19,25,99.06,Quarterly,13,13,3,6,Invoice,365,82,0
CUST_002385,2021-10-09,8,18.14,Monthly,15,13,3,4,ACH,467,72,1
CUST_002386,2022-11-19,55,11.97,Quarterly,7,9,5,8,ACH,1120,96,1
CUST_002387,2024-11-19,1,115.55,Monthly,5,14,1,8,Credit Card,499,81,0
CUST_002388,2022-01-08,20,28.91,Monthly,10,5,0,10,Credit Card,1111,95,1
CUST_002389,2026-04-12,44,16.9,Quarterly,7,9,2,7,Credit Card,384,86,1
CUST_002390,2023-11-04,23,41.6,Monthly,6,10,2,3,Credit Card,1649,65,1
CUST_002391,2021-07-07,32,55.6,Monthly,6,7,1,10,Credit Card,456,98,1
CUST_002392,2023-12-18,11,11.57,Monthly,6,16,2,4,ACH,225,64,0
CUST_002393,2024-02-29,39,26.07,Monthly,11,11,0,3,PayPal,378,54,1
CUST_002394,2022-02-09,47,11.67,Annual,9,12,5,1,PayPal,1265,58,0
CUST_002395,2026-01-23,54,37.27,Annual,14,6,5,7,Invoice,1082,94,0
CUST_002396,2024-04-11,24,122.74,Monthly,14,7,2,10,Invoice,171,100,0
CUST_002397,2025-01-10,11,212.72,Annual,9,7,1,8,Invoice,1438,88,0
CUST_002398,2021-11-22,29,60.67,Quarterly,4,14,1,8,ACH,815,81,1
CUST_002399,2022-09-19,54,18.82,Quarterly,10,7,1,8,Credit Card,1262,88,0
CUST_002400,2023-10-06,26,128.14,Monthly,8,8,3,1,Invoice,1324,62,0
CUST_002401,2024-11-23,16,46.31,Quarterly,9,9,1,1,Invoice,1169,51,0
CUST_002402,2025-06-03,35,18.35,Annual,10,11,2,10,Invoice,118,99,0
CUST_002403,2026-05-01,20,137.38,Monthly,9,10,1,5,Credit Card,1322,70,1
CUST_002404,2025-04-23,46,80.83,Monthly,12,14,1,10,ACH,1685,91,0
CUST_002405,2025-07-14,3,75.78,Monthly,4,12,0,3,PayPal,510,53,1
CUST_002406,2024-01-17,1,71.75,Annual,16,9,0,1,PayPal,565,46,1
CUST_002407,2023-08-02,58,21.18,Monthly,3,15,0,2,ACH,1471,45,1
CUST_002408,2024-10-27,53,21.85,Annual,3,14,0,8,Credit Card,424,76,1
CUST_002409,2025-06-19,47,68.28,Monthly,11,9,0,5,PayPal,1538,66,1
CUST_002410,2022-02-27,1,22.41,Quarterly,3,9,1,4,Credit Card,1755,66,1
CUST_002411,2025-04-17,17,38.87,Monthly,10,8,3,2,Invoice,1612,67,1
CUST_002412,2021-10-29,2,86.16,Quarterly,8,6,2,8,ACH,54,94,1
CUST_002413,2026-04-19,29,86.61,Quarterly,7,9,3,6,PayPal,1158,86,1
CUST_002414,2024-12-15,20,40.19,Monthly,12,6,0,8,ACH,1469,84,1
CUST_002415,2025-09-14,6,88.56,Monthly,5,10,2,1,Credit Card,1118,55,1
CUST_002416,2023-04-21,8,101.2,Monthly,7,11,1,3,Credit Card,1082,59,0
CUST_002417,2025-12-24,29,63.18,Quarterly,7,14,2,1,Credit Card,710,51,0
CUST_002418,2021-07-01,48,22.97,Annual,12,13,3,4,Invoice,488,72,0
CUST_002419,2024-01-16,51,26.01,Monthly,8,11,2,5,Invoice,1075,74,0
CUST_002420,2023-02-19,33,28.91,Monthly,17,6,0,6,Invoice,1641,74,1
CUST_002421,2023-11-24,3,16.21,Monthly,9,7,4,6,ACH,1694,88,1
CUST_002422,2026-04-05,35,25.95,Quarterly,9,8,3,7,ACH,1069,92,1
CUST_002423,2026-02-26,5,21.76,Annual,9,11,1,6,Invoice,1284,74,1
CUST_002424,2023-02-01,27,40.38,Quarterly,7,10,2,3,PayPal,672,65,1
CUST_002425,2022-11-27,44,129.54,Monthly,5,14,3,2,Credit Card,1410,61,1
CUST_002426,2025-08-15,12,15.52,Monthly,6,14,2,8,ACH,257,86,1
CUST_002427,2022-04-21,20,73.7,Quarterly,8,11,1,6,Invoice,1659,74,1
CUST_002428,2022-05-16,45,68.12,Monthly,11,7,2,1,Invoice,1818,58,1
CUST_002429,2025-01-28,20,15.03,Quarterly,7,8,1,10,Credit Card,793,97,0
CUST_002430,2021-09-06,9,137.92,Monthly,14,9,1,10,Invoice,544,96,0
CUST_002431,2025-07-06,39,52.02,Monthly,10,11,2,9,Credit Card,256,94,1
CUST_002432,2023-10-27,4,32.61,Annual,9,3,3,2,Invoice,1489,72,1
CUST_002433,2022-09-14,51,80.64,Quarterly,9,10,1,10,Invoice,316,95,0
CUST_002434,2025-07-20,54,24.88,Quarterly,10,11,2,5,Invoice,1600,74,1
CUST_002435,2022-06-14,19,69.13,Monthly,6,10,2,2,Credit Card,147,60,0
CUST_002436,2023-07-04,38,12.03,Monthly,9,9,0,9,Invoice,1487,86,1
CUST_002437,2021-08-06,27,101.44,Annual,10,9,0,9,Credit Card,1257,86,1
CUST_002438,2024-08-11,45,39.73,Annual,3,8,2,3,Invoice,1422,67,1
CUST_002439,2025-08-06,43,60.63,Annual,12,10,3,2,Credit Card,1588,65,0
CUST_002440,2024-09-18,13,22.5,Monthly,8,10,6,8,PayPal,1646,95,1
CUST_002441,2021-11-16,13,66.52,Quarterly,9,8,6,9,Invoice,1797,100,1
CUST_002442,2024-01-10,57,83.97,Annual,12,8,1,2,Credit Card,94,57,0
CUST_002443,2023-12-23,22,42.05,Quarterly,12,13,4,9,Invoice,750,97,1
CUST_002444,2022-07-18,28,58.08,Annual,4,14,1,3,ACH,1047,56,1
CUST_002445,2022-10-30,52,40.47,Monthly,5,13,2,1,Invoice,1542,52,0
CUST_002446,2025-12-21,47,122.26,Quarterly,5,11,0,6,ACH,1800,69,0
CUST_002447,2022-10-11,53,44.44,Annual,8,14,4,2,Credit Card,1162,61,0
CUST_002448,2021-08-30,45,102.2,Quarterly,12,10,1,1,Credit Card,856,50,1
CUST_002449,2023-09-04,22,90.81,Quarterly,4,9,2,4,PayPal,284,71,1
CUST_002450,2024-12-06,43,36.42,Annual,7,9,3,9,ACH,448,100,0
CUST_002451,2025-06-24,19,23.07,Annual,6,6,1,8,PayPal,92,89,0
CUST_002452,2024-10-04,8,36.05,Monthly,9,5,2,3,ACH,687,70,1
CUST_002453,2023-11-29,52,97.5,Monthly,5,12,3,8,Credit Card,39,93,0
CUST_002454,2022-10-03,8,22.91,Monthly,11,13,2,6,Credit Card,1100,77,1
CUST_002455,2023-03-15,42,47.16,Monthly,6,13,1,5,Credit Card,152,67,0
CUST_002456,2023-03-29,26,92.02,Monthly,11,10,1,1,Credit Card,408,50,1
CUST_002457,2024-06-15,48,31.81,Monthly,3,9,1,9,Credit Card,62,91,0
CUST_002458,2022-12-22,51,61.39,Monthly,6,8,4,2,PayPal,1059,67,1
CUST_002459,2025-11-19,26,24.09,Monthly,7,12,4,9,ACH,562,98,0
CUST_002460,2025-07-02,23,15.79,Monthly,7,11,3,5,PayPal,1467,79,0
CUST_002461,2022-03-04,43,89.09,Monthly,9,13,2,3,ACH,503,62,1
CUST_002462,2021-10-20,13,15.21,Annual,8,9,1,10,Invoice,1818,96,0
CUST_002463,2022-01-04,28,25.83,Annual,10,8,3,7,PayPal,562,92,1
CUST_002464,2025-11-28,9,106.59,Monthly,4,12,2,1,Credit Card,652,53,1
CUST_002465,2022-07-12,20,31.27,Annual,5,15,0,5,ACH,1423,60,0
CUST_002466,2021-07-25,56,190.68,Quarterly,4,10,2,5,ACH,202,75,1
CUST_002467,2024-08-21,19,204.94,Monthly,4,10,1,7,PayPal,638,80,0
CUST_002468,2022-11-05,48,25.62,Annual,7,10,2,8,PayPal,1427,90,0
CUST_002469,2023-09-19,39,12.09,Quarterly,6,10,4,8,Invoice,975,95,1
CUST_002470,2025-06-03,51,71.05,Quarterly,7,14,3,1,Credit Card,1440,56,0
CUST_002471,2021-10-10,12,39.98,Monthly,8,9,4,4,Invoice,1129,76,1
CUST_002472,2023-09-07,15,15.31,Annual,12,5,0,6,ACH,62,75,1
CUST_002473,2024-12-08,31,71.47,Monthly,9,15,3,10,Credit Card,612,100,0
CUST_002474,2022-09-24,55,11.58,Annual,2,19,1,2,PayPal,599,36,1
CUST_002475,2023-06-24,14,112.09,Quarterly,6,11,0,7,Invoice,1125,74,1
CUST_002476,2025-07-25,11,17.46,Annual,10,11,3,9,Invoice,1356,99,1
CUST_002477,2024-02-26,26,16.81,Quarterly,12,9,3,10,ACH,834,100,1
CUST_002478,2023-07-13,42,19.66,Monthly,4,12,2,5,Invoice,211,73,1
CUST_002479,2026-01-04,27,171.28,Quarterly,6,7,4,5,Credit Card,320,83,1
CUST_002480,2023-06-09,11,69.07,Annual,10,9,2,5,PayPal,1628,76,1
CUST_002481,2025-10-17,38,90.82,Monthly,9,9,2,9,PayPal,548,96,1
CUST_002482,2025-01-03,34,35.34,Annual,5,10,7,5,PayPal,289,80,1
CUST_002483,2021-06-17,43,30.5,Monthly,9,9,4,4,Invoice,831,76,1
CUST_002484,2023-05-16,19,23.36,Monthly,8,12,2,8,Credit Card,755,88,1
CUST_002485,2024-01-17,6,42.76,Quarterly,10,12,1,4,ACH,278,63,1
CUST_002486,2023-02-03,46,50.13,Monthly,3,5,6,8,Credit Card,232,100,1
CUST_002487,2023-07-29,52,59.95,Annual,7,9,3,7,PayPal,1062,91,0
CUST_002488,2024-06-11,38,24.86,Monthly,7,10,1,8,PayPal,1671,85,0
CUST_002489,2022-12-20,49,158.46,Monthly,7,4,1,2,PayPal,172,61,0
CUST_002490,2023-07-02,42,19.3,Quarterly,14,14,2,4,Credit Card,1145,66,1
CUST_002491,2024-12-29,28,178.56,Monthly,7,11,1,3,PayPal,1339,59,0
CUST_002492,2025-07-31,1,10.75,Annual,7,11,3,7,ACH,398,89,1
CUST_002493,2024-06-09,35,42.8,Annual,8,8,2,9,Credit Card,329,97,0
CUST_002494,2025-09-03,40,30.28,Annual,5,12,5,6,ACH,308,83,0
CUST_002495,2022-12-10,8,39.81,Quarterly,7,10,0,4,PayPal,1377,60,0
CUST_002496,2022-11-05,59,52.28,Annual,12,10,3,10,Credit Card,1515,100,1
CUST_002497,2025-12-28,52,38.6,Monthly,4,12,3,4,PayPal,1776,73,0
CUST_002498,2025-09-28,54,36.79,Quarterly,4,16,3,3,Credit Card,501,64,1
CUST_002499,2022-09-11,47,75.97,Monthly,10,9,2,6,PayPal,598,81,0
CUST_002500,2023-01-10,56,67.9,Annual,5,10,2,3,Credit Card,458,65,0
CUST_002501,2023-06-05,7,99.57,Quarterly,5,13,2,5,Credit Card,1045,72,0
CUST_002502,2022-12-03,11,24.38,Annual,9,9,1,5,Credit Card,1281,71,0
CUST_002503,2023-01-11,39,57.02,Quarterly,10,7,3,5,PayPal,740,83,1
CUST_002504,2024-12-24,4,54.0,Annual,8,8,3,7,PayPal,1305,92,0
CUST_002505,2025-03-02,25,33.08,Quarterly,9,13,2,5,PayPal,1672,72,1
CUST_002506,2023-01-17,12,43.28,Quarterly,8,7,1,1,Credit Card,1226,53,1
CUST_002507,2023-10-27,26,28.83,Monthly,5,7,1,7,PayPal,1614,83,1
CUST_002508,2022-05-12,38,17.65,Monthly,6,11,1,7,ACH,1068,79,1
CUST_002509,2022-09-23,46,22.03,Monthly,18,10,1,10,Credit Card,716,95,0
CUST_002510,2025-12-03,12,15.58,Annual,9,12,4,3,ACH,1806,68,1
CUST_002511,2025-04-14,43,67.45,Monthly,7,13,3,6,ACH,663,82,1
CUST_002512,2021-10-14,51,64.05,Monthly,6,9,4,5,Invoice,162,81,1
CUST_002513,2025-06-29,53,160.4,Monthly,10,7,1,1,ACH,646,53,0
CUST_002514,2022-08-12,37,75.41,Quarterly,11,12,1,7,Invoice,1665,78,1
CUST_002515,2024-04-17,46,12.67,Annual,4,8,3,4,Invoice,1499,77,0
CUST_002516,2023-11-23,53,117.81,Monthly,8,10,1,2,Credit Card,497,55,1
CUST_002517,2025-04-23,24,109.27,Monthly,14,14,4,2,Credit Card,676,61,1
CUST_002518,2023-07-06,16,39.29,Monthly,9,8,1,8,PayPal,359,87,0
CUST_002519,2022-08-07,57,54.08,Monthly,6,13,0,3,ACH,1758,52,0
CUST_002520,2025-12-25,13,196.65,Monthly,4,6,1,6,Invoice,1407,79,0
CUST_002521,2023-07-23,25,48.0,Quarterly,8,8,1,8,Credit Card,1140,87,1
CUST_002522,2024-07-03,54,127.86,Quarterly,6,8,1,7,PayPal,1659,82,0
CUST_002523,2022-07-27,54,14.33,Monthly,8,6,5,3,Invoice,965,74,1
CUST_002524,2022-07-21,57,20.6,Monthly,3,12,3,9,PayPal,598,98,1
CUST_002525,2024-12-02,52,39.06,Monthly,3,12,2,2,PayPal,446,58,1
CUST_002526,2022-03-06,54,53.94,Monthly,5,6,1,8,Invoice,511,89,1
CUST_002527,2026-02-06,4,94.7,Monthly,10,11,2,7,Credit Card,1645,84,1
CUST_002528,2023-01-20,11,232.25,Monthly,5,11,0,10,ACH,447,89,1
CUST_002529,2023-01-02,32,34.62,Monthly,6,7,4,2,Credit Card,1467,68,1
CUST_002530,2025-06-26,49,12.43,Annual,13,9,2,5,Credit Card,181,76,0
CUST_002531,2023-03-17,7,90.77,Annual,4,10,0,5,Invoice,833,65,1
CUST_002532,2022-12-08,46,56.37,Annual,8,8,1,10,PayPal,1581,97,0
CUST_002533,2025-03-02,58,21.07,Monthly,11,11,2,2,ACH,1029,59,1
CUST_002534,2022-05-26,11,44.14,Quarterly,13,13,1,8,Credit Card,855,82,1
CUST_002535,2026-01-09,28,77.8,Quarterly,12,11,0,2,ACH,398,49,1
CUST_002536,2023-02-19,54,83.57,Monthly,14,5,2,7,Credit Card,1056,90,0
CUST_002537,2022-01-22,41,44.62,Monthly,8,11,2,6,ACH,1006,79,1
CUST_002538,2021-10-04,23,28.21,Annual,6,10,1,7,PayPal,1340,80,1
CUST_002539,2025-07-04,45,191.99,Monthly,9,8,2,9,PayPal,1824,97,0
CUST_002540,2024-04-19,23,64.44,Monthly,8,10,5,5,ACH,169,80,1
CUST_002541,2024-09-22,50,36.23,Annual,9,13,1,7,Invoice,1219,77,1
CUST_002542,2023-08-20,28,26.46,Annual,3,12,1,4,PayPal,203,63,0
CUST_002543,2025-05-23,43,75.67,Monthly,10,7,2,4,Credit Card,1541,73,1
CUST_002544,2024-02-09,47,23.87,Annual,4,4,2,10,Credit Card,1499,100,1
CUST_002545,2024-02-22,57,19.42,Quarterly,7,11,3,9,ACH,1379,99,0
CUST_002546,2023-07-13,26,47.73,Monthly,8,12,0,7,ACH,874,73,1
CUST_002547,2023-02-17,25,27.12,Annual,2,12,0,8,PayPal,1362,68,0
CUST_002548,2022-09-30,54,59.56,Monthly,5,11,1,9,ACH,319,89,1
CUST_002549,2021-09-28,29,16.27,Monthly,11,14,2,7,Invoice,1698,81,1
CUST_002550,2023-05-22,19,63.2,Annual,7,9,1,5,PayPal,917,71,1
CUST_002551,2022-09-13,33,26.65,Monthly,6,10,2,4,Invoice,486,70,0
CUST_002552,2023-05-06,36,10.01,Monthly,5,14,1,4,Invoice,1080,61,1
CUST_002553,2025-05-07,14,16.79,Monthly,7,8,2,7,Credit Card,425,87,1
CUST_002554,2021-11-19,14,145.61,Annual,10,10,2,1,Credit Card,397,55,1
CUST_002555,2022-12-06,35,111.0,Annual,14,11,4,1,ACH,1583,59,1
CUST_002556,2023-07-28,30,23.3,Monthly,10,15,4,8,Invoice,1740,90,0
CUST_002557,2024-05-29,28,85.34,Annual,9,2,1,6,Invoice,1223,83,1
CUST_002558,2024-10-05,17,56.9,Monthly,8,8,1,1,Credit Card,1339,52,1
CUST_002559,2021-12-06,3,186.86,Annual,8,8,1,5,PayPal,66,72,1
CUST_002560,2023-02-03,16,33.39,Monthly,10,10,2,8,ACH,327,90,0
CUST_002561,2021-09-01,46,67.2,Annual,8,13,1,1,Credit Card,813,47,1
CUST_002562,2023-04-16,30,13.28,Quarterly,6,4,2,10,Invoice,56,100,0
CUST_002563,2024-06-14,52,35.23,Quarterly,11,9,0,8,Credit Card,948,81,0
CUST_002564,2024-03-13,29,175.96,Monthly,14,10,1,3,Credit Card,1041,60,1
CUST_002565,2024-09-25,45,48.72,Quarterly,8,8,5,10,Credit Card,1763,100,1
CUST_002566,2021-06-17,15,26.98,Monthly,10,7,2,10,Invoice,135,100,1
CUST_002567,2024-09-21,46,16.41,Quarterly,10,14,3,3,Invoice,541,66,1
CUST_002568,2023-02-05,56,70.79,Monthly,10,7,3,4,ACH,619,78,0
CUST_002569,2024-12-30,25,61.76,Monthly,13,7,1,8,PayPal,184,88,1
CUST_002570,2023-09-05,51,33.42,Monthly,9,13,7,10,ACH,46,100,1
CUST_002571,2022-08-24,38,160.74,Monthly,10,6,2,8,ACH,776,94,0
CUST_002572,2021-11-11,42,11.12,Annual,9,14,0,2,Credit Card,1176,46,0
CUST_002573,2022-06-28,59,28.1,Quarterly,4,12,2,2,ACH,803,58,1
CUST_002574,2023-04-03,47,136.96,Annual,8,9,2,5,PayPal,1515,76,1
CUST_002575,2024-12-25,53,29.35,Annual,4,6,3,1,ACH,112,64,1
CUST_002576,2021-10-08,54,24.53,Annual,10,7,5,8,ACH,1703,98,1
CUST_002577,2021-11-07,52,48.2,Monthly,5,14,3,9,PayPal,1173,96,0
CUST_002578,2026-04-14,58,96.81,Monthly,4,8,4,4,PayPal,202,77,1
CUST_002579,2022-04-16,38,15.44,Monthly,10,7,3,8,Credit Card,1821,98,1
CUST_002580,2022-03-19,23,153.25,Monthly,12,7,5,2,PayPal,1493,68,0
CUST_002581,2021-11-27,25,89.26,Monthly,6,12,3,7,PayPal,828,88,1
CUST_002582,2025-04-01,42,20.0,Monthly,8,11,1,5,Credit Card,1306,69,0
CUST_002583,2023-08-06,7,72.24,Monthly,6,6,5,10,Credit Card,760,100,0
CUST_002584,2022-10-08,22,34.3,Monthly,12,8,1,3,Credit Card,1477,62,1
CUST_002585,2024-01-03,17,35.73,Quarterly,4,10,1,3,Invoice,32,60,0
CUST_002586,2022-07-14,18,86.46,Monthly,12,11,1,1,PayPal,1228,49,1
CUST_002587,2022-08-17,49,174.55,Annual,4,10,1,1,ACH,633,50,0
CUST_002588,2021-10-11,41,16.77,Annual,13,11,3,8,ACH,1550,94,1
CUST_002589,2022-08-04,10,37.29,Annual,4,9,2,10,Invoice,1421,100,0
CUST_002590,2024-02-01,10,42.79,Monthly,12,13,4,5,ACH,1461,77,1
CUST_002591,2025-02-02,57,33.61,Monthly,3,8,3,8,PayPal,1026,97,0
CUST_002592,2021-11-20,7,32.56,Monthly,8,11,5,4,Invoice,1704,74,0
CUST_002593,2024-05-08,48,12.68,Monthly,10,12,3,7,Credit Card,232,88,1
CUST_002594,2021-09-27,50,67.84,Monthly,10,14,4,10,Invoice,1296,100,1
CUST_002595,2023-05-10,38,38.65,Annual,11,13,1,5,ACH,572,67,0
CUST_002596,2023-04-29,27,20.83,Annual,6,13,1,4,Invoice,1356,62,0
CUST_002597,2024-05-22,52,94.65,Annual,7,4,2,5,ACH,1643,81,1
CUST_002598,2025-12-11,33,91.12,Monthly,8,9,4,4,ACH,1736,76,1
CUST_002599,2023-10-29,1,43.31,Monthly,6,6,1,3,Credit Card,808,64,1
CUST_002600,2024-01-26,44,27.72,Quarterly,6,10,0,8,PayPal,1621,80,0
CUST_002601,2024-09-05,53,60.82,Monthly,11,8,2,6,Credit Card,803,82,1
CUST_002602,2022-03-28,34,26.99,Annual,9,9,0,1,PayPal,1182,46,0
CUST_002603,2022-05-23,4,23.46,Annual,9,10,6,10,Credit Card,1385,100,1
CUST_002604,2025-07-02,17,75.56,Monthly,5,8,3,6,Credit Card,1055,87,1
CUST_002605,2024-04-27,4,12.06,Monthly,6,8,1,8,Credit Card,1729,87,1
CUST_002606,2022-03-04,43,14.98,Monthly,7,9,2,4,ACH,998,71,1
CUST_002607,2025-07-16,54,10.34,Monthly,11,16,3,2,PayPal,1389,59,1
CUST_002608,2026-01-21,26,18.3,Monthly,6,5,0,4,PayPal,966,65,1
CUST_002609,2022-10-20,4,13.57,Monthly,6,9,2,9,ACH,511,96,1
CUST_002610,2023-12-18,1,283.66,Monthly,12,6,3,7,Credit Card,1758,94,1
CUST_002611,2023-09-08,7,27.04,Annual,3,12,5,10,PayPal,1690,100,0
CUST_002612,2021-10-30,30,18.08,Quarterly,7,7,1,7,PayPal,95,83,0
CUST_002613,2023-09-02,50,23.79,Monthly,7,8,6,2,ACH,668,67,1
CUST_002614,2024-01-12,9,147.54,Quarterly,8,8,2,3,Invoice,506,67,1
CUST_002615,2023-09-14,35,46.72,Quarterly,7,14,3,7,Credit Card,1159,86,0
CUST_002616,2023-10-04,8,32.69,Quarterly,7,17,3,5,ACH,913,73,1
CUST_002617,2023-07-11,24,113.33,Quarterly,5,8,3,8,ACH,1382,97,0
CUST_002618,2026-02-07,19,35.13,Monthly,8,6,2,7,Credit Card,805,89,1
CUST_002619,2025-06-09,36,30.4,Monthly,8,11,2,4,Invoice,1273,69,1
CUST_002620,2024-02-07,50,21.61,Annual,8,11,2,4,ACH,1481,69,0
CUST_002621,2022-04-20,52,33.72,Annual,7,7,0,8,ACH,680,83,0
CUST_002622,2025-02-03,59,29.04,Quarterly,6,8,2,9,ACH,286,97,1
CUST_002623,2024-08-12,43,66.55,Quarterly,9,8,2,8,PayPal,973,92,1
CUST_002624,2022-12-05,27,27.1,Annual,6,9,4,5,PayPal,1763,81,1
CUST_002625,2023-02-10,32,53.04,Monthly,8,11,0,1,Invoice,199,44,1
CUST_002626,2024-07-07,14,13.41,Monthly,11,11,2,6,PayPal,490,79,1
CUST_002627,2026-04-21,57,20.62,Monthly,7,11,3,3,Invoice,458,69,0
CUST_002628,2023-03-03,18,36.16,Annual,10,13,1,4,Credit Card,1400,62,0
CUST_002629,2025-07-03,28,148.19,Annual,12,8,2,10,Credit Card,1012,100,0
CUST_002630,2022-09-24,29,33.68,Quarterly,8,11,0,1,Invoice,1599,44,1
CUST_002631,2023-09-01,16,64.54,Annual,12,4,2,5,Credit Card,136,81,0
CUST_002632,2022-09-17,35,24.72,Quarterly,12,9,1,8,Credit Card,61,86,1
CUST_002633,2021-07-04,47,16.79,Annual,11,11,2,2,Invoice,346,59,1
CUST_002634,2024-03-11,59,13.02,Quarterly,9,9,3,6,Credit Card,250,86,0
CUST_002635,2026-03-21,59,28.22,Monthly,8,11,0,10,Credit Card,291,89,0
CUST_002636,2023-10-02,31,18.58,Quarterly,6,9,1,8,Credit Card,901,86,0
CUST_002637,2025-05-25,4,19.56,Annual,3,6,4,8,ACH,1003,99,0
CUST_002638,2022-08-22,37,81.51,Monthly,3,3,2,7,PayPal,1003,92,1
CUST_002639,2024-12-21,17,10.8,Monthly,6,5,7,9,PayPal,126,100,1
CUST_002640,2025-05-04,39,50.8,Quarterly,2,12,2,7,PayPal,779,73,1
CUST_002641,2023-11-24,48,33.86,Monthly,3,7,1,10,Credit Card,987,98,1
CUST_002642,2025-03-02,46,45.32,Monthly,14,13,0,6,PayPal,320,67,1
CUST_002643,2023-08-02,26,51.37,Monthly,7,12,1,6,Invoice,939,73,0
CUST_002644,2026-04-12,48,28.8,Annual,9,21,6,4,PayPal,906,65,1
CUST_002645,2025-03-22,39,27.49,Quarterly,7,8,2,8,Invoice,586,92,0
CUST_002646,2024-08-22,41,76.1,Monthly,6,11,1,2,Invoice,1046,54,1
CUST_002647,2023-07-23,4,112.5,Monthly,11,7,0,10,Credit Card,567,93,1
CUST_002648,2025-06-01,30,20.7,Quarterly,4,11,2,2,PayPal,1805,59,0
CUST_002649,2023-03-19,30,15.14,Annual,8,8,1,9,ACH,325,92,1
CUST_002650,2023-03-12,22,124.04,Quarterly,5,9,1,8,ACH,1727,86,0
CUST_002651,2025-03-30,11,31.53,Monthly,12,6,1,5,Invoice,620,74,0
CUST_002652,2024-03-01,2,50.07,Monthly,9,7,1,3,Invoice,1307,63,1
CUST_002653,2024-05-18,44,32.28,Monthly,1,7,5,4,ACH,633,58,1
CUST_002654,2026-03-13,12,16.72,Annual,6,9,2,3,Credit Card,636,66,1
CUST_002655,2025-06-13,30,54.5,Monthly,12,11,2,5,Credit Card,1119,74,1
CUST_002656,2024-03-05,36,47.24,Monthly,8,9,3,8,Invoice,1203,96,0
CUST_002657,2025-12-13,18,21.34,Monthly,10,13,1,3,Invoice,1478,57,1
CUST_002658,2025-01-18,26,40.06,Monthly,9,7,3,4,ACH,344,78,1
CUST_002659,2024-03-07,53,89.71,Quarterly,12,11,2,9,Invoice,256,94,0
CUST_002660,2022-08-14,7,54.63,Monthly,12,12,0,4,PayPal,1391,58,0
CUST_002661,2023-09-12,1,15.1,Annual,10,14,1,5,Invoice,777,66,1
CUST_002662,2023-07-30,58,49.71,Quarterly,5,11,2,4,Credit Card,1725,69,1
CUST_002663,2025-04-25,26,70.66,Monthly,7,8,1,6,ACH,832,77,0
CUST_002664,2021-12-27,23,88.68,Annual,11,12,1,6,PayPal,652,73,0
CUST_002665,2024-12-25,26,59.59,Quarterly,7,6,6,6,Invoice,1123,89,0
CUST_002666,2022-01-21,45,18.28,Quarterly,11,16,6,5,ACH,1441,74,1
CUST_002667,2021-09-13,6,71.92,Monthly,7,11,4,7,Invoice,1403,89,1
CUST_002668,2024-04-12,6,66.56,Monthly,7,14,2,3,ACH,783,61,1
CUST_002669,2023-02-08,44,11.24,Monthly,7,13,4,8,PayPal,1001,92,1
CUST_002670,2025-07-16,8,36.53,Annual,8,13,3,3,Invoice,1573,67,0
CUST_002671,2021-10-04,24,30.24,Annual,10,14,0,3,Credit Card,850,51,1
CUST_002672,2023-02-20,22,65.34,Annual,2,11,3,4,PayPal,1394,64,0
CUST_002673,2026-01-17,19,22.18,Monthly,7,9,2,2,Invoice,828,61,0
CUST_002674,2022-05-20,37,54.69,Monthly,9,16,2,6,PayPal,51,74,1
CUST_002675,2024-07-02,18,132.21,Annual,6,11,1,8,Invoice,1707,84,0
CUST_002676,2021-09-24,31,89.93,Monthly,9,8,3,10,Invoice,1766,100,0
CUST_002677,2026-05-01,37,137.21,Annual,5,11,4,9,Invoice,1086,99,1
CUST_002678,2024-09-21,30,202.0,Monthly,7,19,0,4,PayPal,941,51,0
CUST_002679,2024-07-28,57,10.54,Monthly,5,11,2,4,PayPal,47,69,1
CUST_002680,2026-02-02,42,58.74,Monthly,7,9,2,1,Credit Card,1709,56,0
CUST_002681,2022-08-03,33,36.62,Monthly,8,16,1,9,ACH,1083,84,0
CUST_002682,2025-05-18,10,108.25,Monthly,11,14,2,2,Credit Card,405,56,1
CUST_002683,2022-04-11,37,24.51,Monthly,8,8,6,4,Credit Card,1673,77,1
CUST_002684,2022-10-24,12,208.24,Monthly,8,15,3,7,ACH,937,85,0
CUST_002685,2022-07-28,54,57.56,Monthly,4,13,2,8,PayPal,43,87,1
CUST_002686,2023-03-28,30,88.88,Monthly,9,11,2,10,Credit Card,645,99,0
CUST_002687,2021-12-05,27,14.47,Annual,6,16,2,2,Invoice,1154,54,0
CUST_002688,2023-06-05,39,20.13,Monthly,9,10,2,6,Credit Card,251,80,1
CUST_002689,2023-11-06,9,81.02,Annual,10,14,1,1,ACH,242,46,0
CUST_002690,2025-11-25,54,11.11,Annual,6,8,0,10,PayPal,284,92,1
CUST_002691,2021-12-08,21,94.88,Annual,4,9,2,7,ACH,675,86,1
CUST_002692,2023-09-17,12,10.7,Quarterly,8,6,2,2,Invoice,554,64,0
CUST_002693,2025-06-25,55,63.52,Monthly,4,8,4,6,Invoice,1745,87,1
CUST_002694,2022-11-15,29,32.71,Annual,14,9,3,10,PayPal,529,100,1
CUST_002695,2025-02-12,33,57.27,Quarterly,6,8,0,3,Credit Card,523,57,1
CUST_002696,2025-07-09,43,69.54,Quarterly,7,12,1,9,PayPal,1434,88,1
CUST_002697,2023-09-24,53,30.96,Monthly,3,10,2,4,PayPal,1273,70,1
CUST_002698,2026-03-28,15,15.71,Monthly,7,9,2,2,Credit Card,110,61,1
CUST_002699,2023-04-21,2,13.61,Monthly,10,13,1,2,Credit Card,1258,52,1
CUST_002700,2022-04-18,52,54.45,Annual,9,8,2,8,Credit Card,1544,92,1
CUST_002701,2022-06-24,39,46.77,Annual,7,12,2,2,Credit Card,254,58,1
CUST_002702,2023-01-23,53,77.78,Monthly,8,10,6,10,Credit Card,1666,100,1
CUST_002703,2022-07-03,44,45.64,Annual,7,12,3,2,Credit Card,866,63,0
CUST_002704,2021-08-28,54,37.45,Annual,3,11,2,7,Credit Card,1817,84,1
CUST_002705,2022-07-17,18,35.38,Monthly,3,8,1,1,PayPal,510,52,1
CUST_002706,2024-10-21,3,11.34,Quarterly,12,11,2,1,Invoice,1151,54,1
CUST_002707,2023-11-24,7,30.44,Annual,4,10,1,6,Credit Card,939,75,0
CUST_002708,2025-12-13,43,196.53,Monthly,10,7,1,10,ACH,1808,98,1
CUST_002709,2023-11-28,18,113.4,Annual,3,6,3,8,ACH,1180,99,1
CUST_002710,2023-03-18,44,29.98,Monthly,9,9,0,10,Credit Card,1266,91,1
CUST_002711,2022-10-10,38,54.31,Annual,12,11,5,8,Credit Card,1259,94,1
CUST_002712,2024-05-07,37,103.96,Quarterly,7,7,0,7,PayPal,632,78,0
CUST_002713,2022-12-06,58,39.1,Quarterly,7,11,0,4,ACH,452,59,0
CUST_002714,2023-06-18,33,10.91,Monthly,7,7,1,6,PayPal,771,78,1
CUST_002715,2024-11-28,44,13.87,Monthly,17,10,3,9,Credit Card,461,100,0
CUST_002716,2026-04-23,59,45.71,Monthly,6,13,2,4,ACH,789,67,0
CUST_002717,2023-08-23,31,184.4,Annual,6,10,2,8,Invoice,825,90,1
CUST_002718,2025-04-20,58,69.08,Monthly,11,10,3,8,PayPal,1374,95,1
CUST_002719,2021-10-19,11,13.68,Annual,6,9,4,6,PayPal,810,86,1
CUST_002720,2021-10-15,4,20.5,Monthly,8,9,1,7,PayPal,1685,81,0
CUST_002721,2024-06-20,59,83.77,Monthly,10,15,3,1,ACH,371,55,1
CUST_002722,2024-09-26,18,102.08,Monthly,11,9,3,2,PayPal,1738,66,1
CUST_002723,2025-12-02,4,58.08,Quarterly,7,16,1,10,Invoice,1056,89,1
CUST_002724,2024-05-13,49,61.7,Annual,10,10,1,10,PayPal,780,95,0
CUST_002725,2023-05-26,34,11.44,Monthly,7,7,4,5,ACH,1359,83,0
CUST_002726,2023-02-10,29,98.17,Monthly,4,11,1,4,Credit Card,670,64,1
CUST_002727,2023-12-26,24,87.62,Annual,9,5,1,5,PayPal,1408,75,0
CUST_002728,2022-09-24,22,24.99,Monthly,11,7,1,5,Credit Card,81,73,0
CUST_002729,2021-12-11,2,71.67,Annual,9,14,0,10,ACH,195,86,0
CUST_002730,2026-03-14,44,22.09,Quarterly,9,12,2,3,ACH,1301,63,1
CUST_002731,2024-07-08,6,12.06,Annual,4,11,1,6,PayPal,551,74,1
CUST_002732,2024-11-18,42,21.23,Annual,2,9,0,1,PayPal,117,36,1
CUST_002733,2021-11-09,25,19.84,Annual,9,6,1,4,ACH,787,69,0
CUST_002734,2023-05-15,55,30.61,Quarterly,12,13,7,10,PayPal,1292,100,1
CUST_002735,2023-01-28,57,37.1,Quarterly,9,24,2,10,PayPal,337,90,1
CUST_002736,2022-12-24,21,45.52,Annual,6,14,4,4,Credit Card,293,71,1
CUST_002737,2023-12-28,55,42.39,Monthly,8,13,2,9,Credit Card,599,92,1
CUST_002738,2025-12-08,59,25.78,Monthly,9,12,1,1,Invoice,718,48,1
CUST_002739,2023-10-31,16,11.48,Monthly,7,13,2,9,ACH,1441,92,1
CUST_002740,2021-09-06,31,56.46,Annual,14,14,4,8,Invoice,319,91,0
CUST_002741,2023-08-14,14,35.19,Annual,6,8,3,10,PayPal,445,100,1
CUST_002742,2022-05-01,39,27.74,Monthly,15,7,2,2,PayPal,1033,63,1
CUST_002743,2025-09-03,28,110.85,Monthly,10,13,3,2,Invoice,279,62,1
CUST_002744,2024-09-29,32,78.67,Monthly,10,17,2,4,Credit Card,1298,63,0
CUST_002745,2024-06-15,28,107.51,Quarterly,9,10,3,6,PayPal,771,85,1
CUST_002746,2021-12-30,51,44.16,Annual,7,14,6,3,Credit Card,1447,66,0
CUST_002747,2025-01-05,55,17.02,Annual,11,15,3,9,ACH,960,95,0
CUST_002748,2023-03-28,49,69.57,Monthly,7,12,2,7,ACH,965,83,1
CUST_002749,2022-11-30,9,21.54,Annual,12,15,1,1,ACH,490,45,1
CUST_002750,2024-06-29,58,39.1,Monthly,13,17,1,10,ACH,985,88,1
CUST_002751,2024-08-10,45,13.36,Annual,3,12,1,4,ACH,1771,63,1
CUST_002752,2024-07-11,22,97.24,Monthly,7,13,0,3,PayPal,1429,52,1
CUST_002753,2024-07-10,32,16.73,Monthly,10,15,3,4,PayPal,385,70,0
CUST_002754,2022-05-08,5,126.7,Monthly,7,13,3,6,PayPal,928,82,0
CUST_002755,2024-02-18,23,109.84,Monthly,7,6,2,3,Invoice,1168,69,0
CUST_002756,2021-09-27,5,41.24,Quarterly,16,15,6,9,Credit Card,1691,95,1
CUST_002757,2025-03-10,42,78.2,Monthly,8,5,1,10,PayPal,536,100,0
CUST_002758,2023-08-19,53,58.31,Monthly,9,5,0,9,Credit Card,736,90,0
CUST_002759,2022-04-15,32,91.25,Annual,9,10,5,4,PayPal,800,75,0
CUST_002760,2023-02-04,59,38.26,Quarterly,13,18,2,9,Invoice,1373,87,1
CUST_002761,2022-02-06,10,87.04,Monthly,8,10,1,2,ACH,1229,55,1
CUST_002762,2024-07-22,59,41.04,Annual,4,11,3,9,Credit Card,408,99,1
CUST_002763,2023-09-07,39,151.48,Quarterly,7,9,0,4,Credit Card,1819,61,1
CUST_002764,2024-09-20,58,43.31,Monthly,9,9,4,10,Invoice,1234,100,1
CUST_002765,2023-04-28,15,41.05,Monthly,8,12,2,4,Invoice,1445,68,0
CUST_002766,2024-12-10,7,86.87,Monthly,6,12,2,10,PayPal,204,98,0
CUST_002767,2025-02-16,29,96.18,Quarterly,3,14,1,3,PayPal,1626,56,1
CUST_002768,2022-11-02,59,50.43,Monthly,9,11,4,2,Credit Card,1681,64,0
CUST_002769,2023-10-25,47,19.91,Monthly,6,16,2,8,PayPal,568,84,0
CUST_002770,2024-03-24,3,41.53,Annual,6,7,1,5,Invoice,358,73,0
CUST_002771,2022-08-28,19,182.21,Annual,8,10,3,10,Credit Card,1073,100,0
CUST_002772,2025-08-13,10,79.92,Monthly,2,9,4,6,Invoice,897,76,1
CUST_002773,2021-11-24,28,93.34,Annual,7,11,2,3,Invoice,1447,64,0
CUST_002774,2021-09-24,29,11.67,Monthly,3,7,0,4,Credit Card,1593,63,1
CUST_002775,2022-01-06,15,41.54,Monthly,8,9,2,2,Invoice,209,61,1
CUST_002776,2022-07-05,35,62.01,Annual,5,13,1,3,ACH,159,57,1
CUST_002777,2024-08-04,6,98.61,Quarterly,7,3,0,10,PayPal,707,97,0
CUST_002778,2023-01-28,12,12.53,Monthly,9,12,2,5,ACH,670,73,1
CUST_002779,2021-06-21,47,105.68,Quarterly,9,6,2,4,PayPal,968,74,0
CUST_002780,2025-01-29,38,49.75,Annual,12,5,3,10,Credit Card,1239,100,1
CUST_002781,2023-08-08,13,20.99,Monthly,8,19,2,10,Credit Card,733,91,0
CUST_002782,2022-10-07,29,29.08,Annual,5,6,1,2,ACH,1440,59,1
CUST_002783,2024-06-02,19,26.56,Monthly,11,16,3,2,Invoice,98,59,1
CUST_002784,2025-07-05,3,47.84,Quarterly,7,5,0,6,Invoice,147,75,1
CUST_002785,2022-01-29,8,12.65,Quarterly,5,9,1,9,Invoice,1061,91,0
CUST_002786,2021-12-11,8,18.63,Monthly,10,10,2,7,PayPal,1041,85,1
CUST_002787,2022-12-08,55,93.75,Monthly,6,11,2,8,PayPal,941,89,0
CUST_002788,2023-04-03,58,17.11,Monthly,3,8,1,4,ACH,617,67,1
CUST_002789,2024-10-26,20,23.29,Monthly,7,10,4,2,Credit Card,497,65,1
CUST_002790,2025-07-19,47,40.2,Monthly,14,12,0,7,ACH,683,73,1
CUST_002791,2023-01-28,4,46.4,Monthly,7,8,3,1,ACH,1273,62,1
CUST_002792,2024-08-20,51,82.11,Annual,10,10,0,1,Credit Card,411,45,0
CUST_002793,2023-08-01,21,39.65,Monthly,3,11,1,5,Invoice,1096,69,1
CUST_002794,2026-03-28,3,88.0,Quarterly,9,8,3,3,ACH,583,72,1
CUST_002795,2024-04-19,45,58.16,Quarterly,4,11,2,6,PayPal,843,79,1
CUST_002796,2021-07-03,8,16.0,Monthly,8,6,3,4,PayPal,1228,79,1
CUST_002797,2025-05-15,23,18.5,Quarterly,6,10,3,7,ACH,1676,90,1
CUST_002798,2021-09-06,16,38.73,Monthly,3,16,0,1,Credit Card,1397,39,1
CUST_002799,2026-02-19,13,35.28,Monthly,6,9,2,6,Invoice,287,81,0
CUST_002800,2024-07-24,3,78.04,Annual,10,12,2,2,PayPal,643,58,1
CUST_002801,2022-07-26,48,53.46,Monthly,8,15,3,3,PayPal,262,65,1
CUST_002802,2023-05-05,9,34.56,Annual,9,14,1,10,ACH,867,91,1
CUST_002803,2025-03-04,14,19.36,Quarterly,8,10,3,5,Invoice,1086,80,1
CUST_002804,2023-08-08,13,22.86,Quarterly,9,7,0,6,Credit Card,1506,73,1
CUST_002805,2024-05-25,53,52.84,Annual,9,14,3,1,PayPal,1225,56,0
CUST_002806,2024-10-19,57,37.53,Annual,10,12,1,5,Invoice,1141,68,0
CUST_002807,2024-01-26,7,46.17,Monthly,3,11,1,3,Credit Card,1465,59,0
CUST_002808,2021-10-10,15,19.36,Monthly,9,10,1,9,PayPal,1485,90,1
CUST_002809,2023-09-20,7,64.37,Annual,8,5,1,8,Credit Card,1278,90,0
CUST_002810,2024-12-02,38,105.71,Monthly,10,5,4,10,PayPal,1678,100,1
CUST_002811,2025-03-01,34,24.92,Monthly,9,18,2,3,ACH,1495,57,1
CUST_002812,2022-01-21,41,43.82,Monthly,10,9,2,4,Credit Card,943,71,1
CUST_002813,2025-11-24,22,195.51,Annual,5,9,6,10,Credit Card,118,100,1
CUST_002814,2025-12-05,24,30.27,Monthly,7,5,4,4,PayPal,1730,80,1
CUST_002815,2024-03-18,49,55.2,Annual,8,11,2,9,Invoice,314,94,0
CUST_002816,2022-11-26,37,14.73,Monthly,4,11,3,4,Credit Card,209,74,1
CUST_002817,2021-08-01,44,56.57,Monthly,11,10,3,9,Credit Card,1370,100,0
CUST_002818,2021-12-29,1,14.7,Monthly,3,10,3,4,PayPal,913,75,1
CUST_002819,2026-02-25,10,170.0,Monthly,15,11,2,6,Invoice,1386,79,1
CUST_002820,2023-07-24,43,72.88,Quarterly,9,8,0,5,ACH,722,67,1
CUST_002821,2025-04-17,16,87.6,Monthly,6,9,1,6,Invoice,654,76,0
CUST_002822,2026-03-06,46,70.89,Monthly,13,7,3,8,ACH,106,98,1
CUST_002823,2022-10-28,8,54.55,Annual,13,12,1,9,ACH,1201,88,1
CUST_002824,2025-05-26,56,39.88,Monthly,7,7,2,2,Invoice,864,63,0
CUST_002825,2023-03-06,49,107.73,Monthly,8,10,4,1,Invoice,1411,60,1
CUST_002826,2024-05-06,25,167.14,Monthly,5,8,2,2,PayPal,968,62,1
CUST_002827,2023-01-23,50,44.56,Quarterly,5,13,4,4,Invoice,1156,72,0
CUST_002828,2024-03-24,12,144.07,Annual,13,15,0,6,ACH,427,65,0
CUST_002829,2024-08-27,25,53.77,Monthly,7,8,2,5,Credit Card,1598,77,1
CUST_002830,2022-12-17,17,48.65,Monthly,9,7,2,4,Credit Card,366,73,0
CUST_002831,2025-05-14,26,40.3,Monthly,6,9,1,8,Invoice,495,86,1
CUST_002832,2022-03-30,46,21.74,Monthly,8,14,1,3,ACH,1416,56,1
CUST_002833,2026-01-07,48,10.19,Annual,6,15,4,1,Credit Card,1065,55,1
CUST_002834,2022-10-23,14,23.82,Quarterly,13,13,0,9,Invoice,586,82,1
CUST_002835,2024-07-10,41,45.64,Monthly,6,14,1,7,Credit Card,1335,76,1
CUST_002836,2022-04-28,36,33.9,Quarterly,7,13,1,4,ACH,746,62,0
CUST_002837,2022-01-12,57,39.75,Monthly,10,9,2,10,Invoice,1666,100,1
CUST_002838,2025-02-04,23,207.25,Monthly,6,11,3,10,PayPal,854,100,1
CUST_002839,2022-03-24,43,31.56,Monthly,9,15,4,1,ACH,155,55,0
CUST_002840,2025-07-20,6,40.09,Monthly,9,8,1,9,Invoice,673,92,1
CUST_002841,2022-09-14,47,17.17,Quarterly,4,4,2,3,PayPal,214,71,1
CUST_002842,2023-07-21,5,12.46,Monthly,4,9,2,4,Invoice,1358,71,0
CUST_002843,2025-06-26,43,84.67,Monthly,10,9,0,4,Credit Card,1610,61,0
CUST_002844,2025-10-07,25,52.28,Quarterly,12,4,1,1,Invoice,588,56,1
CUST_002845,2024-08-23,18,81.5,Quarterly,13,13,2,4,ACH,784,67,1
CUST_002846,2025-02-11,13,18.12,Annual,8,10,2,10,Credit Card,743,100,1
CUST_002847,2024-07-02,43,52.41,Quarterly,12,12,1,2,Credit Card,900,53,1
CUST_002848,2024-08-08,14,24.63,Monthly,9,14,2,4,PayPal,1465,66,1
CUST_002849,2026-03-09,28,22.94,Quarterly,6,14,1,7,Credit Card,41,76,0
CUST_002850,2023-11-03,18,10.58,Annual,9,12,4,8,PayPal,1459,93,1
CUST_002851,2023-07-02,59,16.98,Quarterly,5,8,1,7,ACH,733,82,1
CUST_002852,2024-07-15,57,28.5,Annual,12,6,5,1,Credit Card,1650,64,0
CUST_002853,2022-06-09,28,16.21,Monthly,9,10,1,4,Invoice,556,65,1
CUST_002854,2021-10-04,51,222.93,Annual,14,11,1,7,PayPal,1517,79,1
CUST_002855,2023-08-27,56,28.45,Monthly,9,9,1,6,ACH,388,76,1
CUST_002856,2024-12-04,27,16.98,Monthly,5,7,3,6,Credit Card,95,88,1
CUST_002857,2021-09-26,32,21.1,Monthly,6,7,3,6,ACH,1231,88,0
CUST_002858,2022-01-18,47,54.3,Quarterly,5,11,2,6,Credit Card,620,79,1
CUST_002859,2025-09-08,9,13.31,Monthly,4,9,3,6,Credit Card,1780,86,1
CUST_002860,2022-10-08,40,109.18,Annual,5,9,2,6,ACH,661,81,1
CUST_002861,2025-05-20,32,172.85,Monthly,6,17,1,8,Credit Card,367,78,1
CUST_002862,2024-08-14,20,24.17,Quarterly,11,6,2,2,Invoice,250,64,1
CUST_002863,2023-04-01,28,39.9,Monthly,6,13,2,1,ACH,328,52,1
CUST_002864,2024-08-11,33,11.12,Annual,5,5,2,6,Invoice,958,85,1
CUST_002865,2022-02-12,4,61.18,Quarterly,9,7,4,7,Invoice,1560,93,1
CUST_002866,2022-11-08,46,36.72,Monthly,6,14,2,10,Credit Card,962,96,1
CUST_002867,2025-05-04,57,25.74,Monthly,9,12,2,9,Invoice,1454,93,1
CUST_002868,2025-06-16,34,21.59,Annual,15,10,2,3,Credit Card,1463,65,0
CUST_002869,2021-10-19,48,63.07,Quarterly,8,14,1,1,Credit Card,1224,46,1
CUST_002870,2025-07-21,3,36.91,Annual,5,7,1,6,PayPal,1318,78,0
CUST_002871,2025-12-05,26,19.9,Monthly,7,5,0,10,Credit Card,306,95,0
CUST_002872,2023-04-21,8,68.42,Quarterly,10,8,2,5,Credit Card,1297,77,0
CUST_002873,2025-03-23,6,51.63,Monthly,9,9,2,4,Invoice,350,71,0
CUST_002874,2023-08-29,16,107.83,Annual,10,8,1,10,PayPal,988,97,0
CUST_002875,2025-02-01,24,16.25,Quarterly,7,10,1,10,PayPal,102,95,1
CUST_002876,2021-07-01,48,87.01,Monthly,9,15,2,7,Invoice,1547,80,1
CUST_002877,2024-02-23,39,65.97,Annual,8,12,3,5,Credit Card,1464,78,1
CUST_002878,2023-02-03,30,16.11,Annual,10,8,5,4,Credit Card,235,77,0
CUST_002879,2023-07-25,45,69.34,Quarterly,14,8,2,10,Invoice,577,100,0
CUST_002880,2024-03-10,13,39.13,Monthly,4,8,1,10,Credit Card,1496,97,1
CUST_002881,2025-01-28,5,155.01,Monthly,9,12,0,10,ACH,380,88,1
CUST_002882,2022-01-10,25,17.63,Quarterly,11,16,3,9,ACH,459,94,1
CUST_002883,2022-03-01,20,61.48,Monthly,10,7,4,8,Invoice,1536,98,1
CUST_002884,2024-04-25,54,34.06,Monthly,7,9,2,4,ACH,1263,71,0
CUST_002885,2024-12-10,18,167.11,Quarterly,6,8,2,4,Credit Card,302,72,0
CUST_002886,2021-09-28,47,30.02,Monthly,7,10,4,10,Credit Card,390,100,1
CUST_002887,2025-01-07,18,173.75,Quarterly,9,10,3,9,Invoice,1518,100,0
CUST_002888,2021-09-19,2,125.88,Monthly,8,9,0,8,Invoice,337,81,1
CUST_002889,2026-01-09,10,25.76,Monthly,12,7,2,7,ACH,1167,88,0
CUST_002890,2024-04-14,55,91.37,Annual,9,11,2,1,Invoice,1484,54,0
CUST_002891,2021-12-13,45,281.36,Annual,7,8,2,4,Invoice,377,72,0
CUST_002892,2025-05-07,50,24.56,Annual,6,9,1,1,Invoice,629,51,1
CUST_002893,2025-05-27,47,38.7,Annual,9,9,0,5,PayPal,834,66,0
CUST_002894,2024-03-24,12,46.72,Quarterly,9,14,4,4,Invoice,1560,71,1
CUST_002895,2024-04-02,47,27.47,Monthly,8,13,4,7,PayPal,1408,87,0
CUST_002896,2023-09-07,13,10.77,Monthly,4,8,2,8,Credit Card,633,92,0
CUST_002897,2025-02-08,50,22.43,Monthly,4,10,1,1,Credit Card,1451,50,1
CUST_002898,2024-01-19,47,26.56,Annual,6,7,5,5,Credit Card,577,83,0
CUST_002899,2023-01-15,57,39.31,Monthly,8,12,3,10,ACH,192,100,1
CUST_002900,2021-08-11,55,19.38,Monthly,3,11,3,7,ACH,1623,89,0
CUST_002901,2022-06-02,11,113.28,Monthly,5,13,4,3,ACH,975,67,0
CUST_002902,2021-09-16,19,71.02,Monthly,8,8,0,9,Credit Card,1699,87,1
CUST_002903,2022-12-30,35,14.45,Monthly,6,6,1,8,PayPal,603,89,0
CUST_002904,2022-04-04,39,62.5,Annual,7,11,2,5,ACH,579,74,0
CUST_002905,2025-06-26,53,63.02,Monthly,6,10,4,3,Invoice,656,70,1
CUST_002906,2025-08-14,26,166.43,Quarterly,8,15,2,3,PayPal,754,60,1
CUST_002907,2022-05-21,46,10.15,Annual,8,12,3,3,PayPal,1785,68,0
CUST_002908,2025-03-23,14,24.25,Monthly,10,16,2,2,PayPal,1318,54,1
CUST_002909,2025-12-11,54,141.41,Annual,9,9,2,1,PayPal,42,56,0
CUST_002910,2025-05-26,45,144.51,Monthly,16,9,2,1,PayPal,1645,56,1
CUST_002911,2022-09-01,44,73.75,Annual,10,9,3,9,Invoice,1292,100,0
CUST_002912,2023-04-04,24,82.57,Quarterly,6,8,1,7,ACH,908,82,0
CUST_002913,2025-09-01,41,14.8,Annual,8,10,1,7,PayPal,1678,80,1
CUST_002914,2024-12-29,1,46.06,Annual,5,8,1,10,Invoice,1588,97,1
CUST_002915,2026-04-21,51,23.17,Monthly,9,12,1,2,Credit Card,509,53,1
CUST_002916,2022-11-17,43,20.0,Monthly,10,7,1,4,ACH,1803,68,0
CUST_002917,2024-10-19,55,93.12,Quarterly,11,7,3,8,PayPal,574,98,0
CUST_002918,2026-03-22,22,17.25,Monthly,7,14,2,6,PayPal,586,76,1
CUST_002919,2024-06-24,23,41.62,Monthly,4,6,1,4,ACH,845,69,1
CUST_002920,2024-09-16,56,149.5,Monthly,5,7,2,10,PayPal,626,100,1
CUST_002921,2022-05-11,54,20.28,Annual,6,10,4,3,Credit Card,1377,70,1
CUST_002922,2023-02-06,19,200.82,Monthly,14,8,0,2,PayPal,1114,52,1
CUST_002923,2022-12-10,18,268.26,Quarterly,10,9,1,4,ACH,512,66,1
CUST_002924,2021-09-12,12,50.55,Monthly,8,12,3,4,Invoice,135,73,1
CUST_002925,2022-04-08,55,19.33,Monthly,9,15,2,1,Invoice,1483,50,1
CUST_002926,2025-12-20,28,29.0,Annual,7,7,5,8,ACH,1737,98,0
CUST_002927,2023-05-08,28,37.63,Monthly,14,8,0,8,ACH,488,82,1
CUST_002928,2023-07-07,59,28.5,Annual,9,9,0,6,Credit Card,1218,71,1
CUST_002929,2023-09-28,33,26.47,Monthly,5,2,0,5,PayPal,70,73,0
CUST_002930,2022-02-03,19,189.19,Monthly,9,9,0,1,ACH,1203,46,0
CUST_002931,2026-02-19,28,18.32,Monthly,6,10,4,8,Credit Card,583,95,0
CUST_002932,2025-03-30,59,76.09,Quarterly,8,10,1,7,Credit Card,1111,80,1
CUST_002933,2022-06-04,52,10.02,Annual,9,12,1,3,Invoice,849,58,1
CUST_002934,2021-09-07,49,55.34,Annual,9,8,5,7,ACH,1106,92,0
CUST_002935,2024-10-02,37,133.81,Monthly,6,4,0,7,Invoice,1102,81,0
CUST_002936,2023-12-26,26,26.98,Annual,5,7,1,2,ACH,219,58,0
CUST_002937,2025-12-24,35,20.26,Monthly,20,13,2,10,Credit Card,1601,97,0
CUST_002938,2023-10-15,34,62.73,Quarterly,4,11,3,3,ACH,977,69,0
CUST_002939,2022-04-04,35,72.34,Annual,6,9,1,7,ACH,838,81,0
CUST_002940,2022-12-20,40,68.24,Annual,8,13,4,9,Invoice,1218,97,1
CUST_002941,2021-06-06,16,29.23,Monthly,3,11,1,6,Invoice,944,74,0
CUST_002942,2025-08-10,38,24.53,Annual,6,11,2,10,Invoice,1797,99,1
CUST_002943,2022-01-23,13,166.09,Monthly,8,16,2,4,Credit Card,1543,64,1
CUST_002944,2024-03-01,23,138.39,Quarterly,8,10,4,10,PayPal,983,100,1
CUST_002945,2025-08-23,54,40.56,Monthly,5,14,1,4,ACH,1819,61,1
CUST_002946,2024-02-01,22,103.6,Monthly,9,10,2,8,Credit Card,1077,90,1
CUST_002947,2022-09-28,16,40.1,Monthly,5,12,4,8,ACH,348,93,0
CUST_002948,2025-11-20,28,37.62,Monthly,8,9,3,10,ACH,513,100,0
CUST_002949,2026-01-28,48,18.53,Monthly,4,8,4,9,PayPal,596,100,0
CUST_002950,2024-01-21,35,37.79,Quarterly,9,16,0,4,ACH,1688,54,0
CUST_002951,2023-03-26,45,48.55,Annual,8,6,1,5,Invoice,1185,74,1
CUST_002952,2025-06-01,46,11.14,Quarterly,9,15,2,8,ACH,1078,85,0
CUST_002953,2024-02-01,8,39.36,Quarterly,8,5,1,8,ACH,858,90,0
CUST_002954,2025-09-07,44,86.02,Monthly,9,17,2,3,Credit Card,1084,58,0
CUST_002955,2025-04-17,55,66.98,Annual,9,10,2,5,ACH,434,75,0
CUST_002956,2022-05-04,55,60.41,Monthly,14,9,3,10,ACH,635,100,1
CUST_002957,2023-11-16,22,130.15,Quarterly,11,9,1,10,Invoice,282,96,0
CUST_002958,2025-01-05,21,10.91,Monthly,10,7,3,2,Credit Card,34,68,1
CUST_002959,2023-11-13,26,50.71,Monthly,7,14,2,6,ACH,1377,76,1
CUST_002960,2023-06-19,40,87.41,Monthly,11,4,3,5,Invoice,509,86,0
CUST_002961,2021-09-29,21,48.97,Monthly,8,10,3,10,Invoice,674,100,1
CUST_002962,2023-03-19,25,29.57,Monthly,8,10,0,8,Invoice,1806,80,0
CUST_002963,2025-01-06,41,17.32,Monthly,8,16,1,2,ACH,429,49,1
CUST_002964,2022-06-17,1,119.27,Annual,6,9,3,7,ACH,888,91,0
CUST_002965,2023-10-29,6,41.82,Quarterly,11,11,1,5,Invoice,681,69,1
CUST_002966,2023-08-13,23,115.23,Monthly,6,13,2,5,Invoice,1246,72,0
CUST_002967,2023-09-12,51,54.08,Monthly,8,9,2,5,PayPal,150,76,0
CUST_002968,2024-11-12,23,66.07,Quarterly,9,7,4,5,Credit Card,479,83,1
CUST_002969,2023-04-26,43,91.55,Monthly,6,9,0,1,Credit Card,485,46,1
CUST_002970,2021-12-11,43,63.82,Quarterly,6,3,2,8,Credit Card,968,97,0
CUST_002971,2023-01-22,23,35.38,Monthly,10,18,2,2,PayPal,255,52,0
CUST_002972,2023-07-02,32,46.04,Annual,11,10,2,7,Invoice,1162,85,1
CUST_002973,2025-12-26,30,91.24,Annual,9,12,1,5,Credit Card,1206,68,0
CUST_002974,2021-11-13,13,33.39,Annual,10,6,2,4,Credit Card,1407,74,0
CUST_002975,2026-01-31,43,34.56,Quarterly,4,15,2,2,Credit Card,203,55,1
CUST_002976,2021-09-29,18,15.03,Monthly,5,19,2,4,ACH,1805,61,1
CUST_002977,2024-11-06,23,133.01,Monthly,7,10,1,6,PayPal,926,75,1
CUST_002978,2024-01-08,15,14.77,Annual,9,6,3,9,ACH,875,100,0
CUST_002979,2022-01-28,33,62.24,Quarterly,8,15,3,5,Credit Card,957,75,1
CUST_002980,2021-09-24,21,36.65,Monthly,5,7,2,3,ACH,1498,68,0
CUST_002981,2023-08-18,57,36.01,Quarterly,11,11,2,3,Credit Card,442,64,1
CUST_002982,2025-02-10,39,66.9,Monthly,7,10,2,5,ACH,1613,75,0
CUST_002983,2025-04-08,23,13.47,Monthly,6,6,4,4,Invoice,405,79,1
CUST_002984,2024-06-30,27,55.03,Annual,6,12,3,8,Invoice,1648,93,0
CUST_002985,2026-03-21,45,83.93,Monthly,11,12,4,1,ACH,1403,58,1
CUST_002986,2025-08-22,44,98.07,Annual,9,12,1,10,Invoice,1378,93,1
CUST_002987,2023-03-06,18,19.35,Monthly,9,8,3,3,Invoice,1524,72,1
CUST_002988,2023-05-15,24,123.86,Monthly,13,9,5,5,PayPal,1565,81,1
CUST_002989,2024-07-09,51,63.38,Annual,4,10,1,4,Credit Card,149,65,1
CUST_002990,2025-01-21,47,116.79,Annual,11,7,2,1,PayPal,1408,58,1
CUST_002991,2025-07-20,40,43.21,Monthly,15,13,1,5,Credit Card,1042,67,1
CUST_002992,2023-07-27,51,49.05,Monthly,13,12,1,1,Credit Card,1124,48,1
CUST_002993,2022-02-12,42,135.69,Monthly,11,13,4,8,Credit Card,1532,92,0
CUST_002994,2022-04-03,7,125.08,Monthly,9,10,2,10,ACH,1771,100,0
CUST_002995,2024-03-16,50,39.72,Quarterly,4,9,7,6,Invoice,527,86,0
CUST_002996,2025-05-23,48,26.04,Quarterly,11,9,4,7,PayPal,1029,91,1
CUST_002997,2024-07-30,20,34.98,Monthly,10,15,1,9,Invoice,1437,85,1
CUST_002998,2025-04-16,27,34.53,Monthly,5,6,3,8,Credit Card,1140,99,1
CUST_002999,2024-06-12,6,26.9,Quarterly,9,12,1,1,Credit Card,1417,48,1
CUST_003000,2022-11-03,27,25.64,Annual,7,2,1,2,ACH,439,63,1
CUST_003001,2023-05-19,9,108.69,Annual,8,15,0,2,Credit Card,306,45,0
CUST_003002,2022-04-07,53,13.62,Annual,4,7,2,3,Credit Card,1013,68,0
CUST_003003,2025-01-31,45,66.6,Monthly,5,10,0,5,ACH,1262,65,0
CUST_003004,2023-08-24,57,19.49,Monthly,7,10,4,6,ACH,156,85,1
CUST_003005,2026-02-09,31,31.12,Quarterly,9,10,1,3,ACH,345,60,1
CUST_003006,2023-04-06,21,13.18,Annual,9,12,0,6,PayPal,1820,68,0
CUST_003007,2025-12-05,26,25.73,Monthly,4,18,2,6,PayPal,1364,72,1
CUST_003008,2022-08-19,40,83.14,Monthly,7,11,4,10,PayPal,1178,100,1
CUST_003009,2023-02-08,48,118.15,Monthly,6,8,2,3,Credit Card,392,67,0
CUST_003010,2025-10-25,45,22.52,Annual,12,8,4,4,PayPal,230,77,1
CUST_003011,2022-03-07,13,41.14,Monthly,9,7,2,4,Credit Card,533,73,1
CUST_003012,2023-12-02,49,41.77,Monthly,10,11,1,1,Invoice,1004,49,1
CUST_003013,2025-08-13,23,113.41,Quarterly,10,12,2,10,PayPal,1420,98,0
CUST_003014,2023-04-25,20,81.94,Monthly,9,8,2,1,Invoice,353,57,1
CUST_003015,2025-03-29,37,45.98,Monthly,8,8,1,4,Credit Card,885,67,0
CUST_003016,2024-03-30,54,65.55,Monthly,10,10,1,8,Credit Card,137,85,1
CUST_003017,2024-09-01,53,103.98,Monthly,7,11,2,9,Invoice,1701,94,1
CUST_003018,2022-10-27,28,10.48,Monthly,10,7,1,6,ACH,1070,78,1
CUST_003019,2021-11-06,17,35.78,Quarterly,11,11,4,3,PayPal,539,69,1
CUST_003020,2022-01-08,28,128.89,Quarterly,9,10,2,1,ACH,1308,55,1
CUST_003021,2024-03-09,41,77.41,Monthly,13,5,1,4,Invoice,1038,70,0
CUST_003022,2026-01-22,2,49.14,Monthly,5,11,4,2,Credit Card,328,64,1
CUST_003023,2022-07-20,25,47.71,Annual,6,8,2,7,Invoice,1062,87,0
CUST_003024,2022-06-29,58,31.37,Monthly,8,8,0,3,Credit Card,1582,57,1
CUST_003025,2024-02-03,50,46.75,Monthly,7,12,0,8,PayPal,1559,78,1
CUST_003026,2022-12-05,41,63.27,Quarterly,10,9,6,9,Invoice,685,100,1
CUST_003027,2024-02-03,6,37.1,Monthly,3,12,1,4,Credit Card,80,63,1
CUST_003028,2025-03-09,11,72.61,Monthly,6,13,1,5,PayPal,832,67,0
CUST_003029,2025-12-30,57,108.75,Monthly,6,6,0,5,PayPal,1105,69,0
CUST_003030,2025-03-07,38,18.4,Monthly,10,14,0,8,PayPal,874,76,0
CUST_003031,2022-11-25,6,40.03,Monthly,10,12,1,1,ACH,553,48,1
CUST_003032,2021-08-23,45,36.21,Monthly,9,9,4,6,PayPal,912,86,1
CUST_003033,2023-05-12,11,68.15,Monthly,4,8,2,2,PayPal,123,62,1
CUST_003034,2022-03-16,14,24.38,Annual,9,7,1,9,PayPal,1248,93,1
CUST_003035,2021-10-24,2,61.12,Monthly,5,15,3,7,PayPal,994,85,1
CUST_003036,2021-08-10,40,114.98,Monthly,9,13,0,10,PayPal,1794,87,0
CUST_003037,2021-12-17,3,37.08,Annual,3,10,1,9,ACH,938,90,1
CUST_003038,2024-03-26,55,130.96,Quarterly,15,11,1,10,PayPal,1044,94,1
CUST_003039,2025-01-05,53,259.28,Monthly,2,7,1,4,Credit Card,810,58,1
CUST_003040,2024-11-30,35,15.61,Monthly,5,11,1,5,Credit Card,185,69,1
CUST_003041,2025-11-29,33,23.27,Monthly,9,8,2,10,PayPal,150,100,1
CUST_003042,2026-01-31,24,160.17,Annual,7,8,1,7,PayPal,332,82,0
CUST_003043,2023-08-25,19,168.9,Monthly,7,11,2,3,PayPal,1481,64,1
CUST_003044,2022-02-03,18,15.14,Monthly,8,16,6,8,PayPal,476,89,1
CUST_003045,2025-02-02,49,10.76,Monthly,4,11,2,7,PayPal,1506,84,1
CUST_003046,2021-07-03,52,18.78,Monthly,9,13,2,6,Credit Card,1457,77,1
CUST_003047,2024-09-12,24,286.23,Monthly,10,7,2,8,PayPal,1401,93,1
CUST_003048,2021-10-07,45,19.92,Monthly,6,11,0,2,Invoice,321,49,1
CUST_003049,2024-12-09,35,44.91,Quarterly,8,7,4,5,PayPal,1610,83,1
CUST_003050,2023-01-12,1,104.33,Annual,10,17,3,9,PayPal,1434,93,1
CUST_003051,2025-04-12,36,11.03,Monthly,9,10,1,8,Invoice,141,85,1
CUST_003052,2021-12-17,25,56.38,Monthly,7,15,1,1,Invoice,1178,45,1
CUST_003053,2021-07-13,45,26.22,Monthly,9,14,3,10,Credit Card,1135,100,1
CUST_003054,2025-03-24,49,109.15,Monthly,8,11,1,8,Invoice,283,84,1
CUST_003055,2025-08-30,43,26.67,Quarterly,11,10,3,2,Invoice,1750,65,1
CUST_003056,2024-04-21,34,68.04,Quarterly,12,7,1,7,Credit Card,888,83,0
CUST_003057,2021-11-30,25,66.08,Monthly,7,15,5,1,Invoice,671,55,1
CUST_003058,2024-07-11,16,22.52,Monthly,10,13,2,3,PayPal,1095,62,1
CUST_003059,2024-07-22,34,11.77,Monthly,9,10,3,7,Invoice,133,90,1
CUST_003060,2022-03-30,29,36.32,Annual,9,8,5,10,Invoice,1359,100,1
CUST_003061,2022-05-17,19,27.07,Annual,7,10,1,1,Invoice,60,50,1
CUST_003062,2023-11-14,23,92.77,Quarterly,4,7,2,9,Credit Card,879,98,1
CUST_003063,2026-02-27,19,90.56,Annual,10,10,1,4,Invoice,1809,65,1
CUST_003064,2023-07-01,25,40.53,Monthly,5,12,1,5,Invoice,973,68,0
CUST_003065,2025-10-02,16,56.64,Annual,9,13,2,3,PayPal,524,62,0
CUST_003066,2025-09-03,54,56.35,Annual,7,6,2,9,Credit Card,1780,99,1
CUST_003067,2024-12-26,51,97.77,Annual,11,12,1,6,PayPal,1133,73,1
CUST_003068,2022-12-13,9,37.67,Monthly,12,17,1,7,ACH,1719,73,1
CUST_003069,2021-08-20,1,26.11,Annual,8,10,0,8,Credit Card,54,80,0
CUST_003070,2025-05-30,42,25.4,Annual,7,16,0,1,Invoice,1026,39,1
CUST_003071,2025-11-11,19,48.41,Annual,5,10,1,1,ACH,1088,50,0
CUST_003072,2024-06-30,33,39.81,Annual,8,15,4,6,Invoice,140,80,0
CUST_003073,2025-11-20,34,39.0,Annual,7,10,2,6,Invoice,1779,80,0
CUST_003074,2025-01-23,16,14.78,Annual,10,10,2,1,Credit Card,1382,55,1
CUST_003075,2023-08-12,44,73.4,Annual,3,9,1,8,ACH,202,86,0
CUST_003076,2024-12-22,40,22.02,Annual,7,5,1,10,Credit Card,564,100,0
CUST_003077,2024-06-02,55,20.97,Monthly,9,12,0,7,Invoice,120,73,1
CUST_003078,2025-04-03,18,36.62,Monthly,11,14,2,7,Credit Card,1639,81,0
CUST_003079,2024-05-30,34,22.92,Monthly,4,10,2,4,PayPal,813,70,1
CUST_003080,2025-06-29,25,53.84,Annual,3,12,2,5,Credit Card,33,73,1
CUST_003081,2021-06-06,45,33.22,Annual,7,10,2,8,Invoice,1747,90,0
CUST_003082,2025-11-01,6,39.79,Quarterly,9,9,0,10,Invoice,1404,91,0
CUST_003083,2024-08-12,21,48.52,Monthly,12,13,0,9,Invoice,1633,82,1
CUST_003084,2024-12-09,58,21.38,Monthly,9,11,2,4,Credit Card,524,69,0
CUST_003085,2021-08-05,6,18.47,Monthly,16,7,3,9,Invoice,655,100,0
CUST_003086,2024-11-03,32,116.19,Monthly,7,7,3,10,Invoice,850,100,0
CUST_003087,2021-12-27,41,38.43,Annual,10,10,1,10,ACH,427,95,0
CUST_003088,2024-08-17,48,36.56,Monthly,8,5,2,9,ACH,1164,100,1
CUST_003089,2021-06-10,43,11.81,Annual,7,12,1,9,Invoice,407,88,0
CUST_003090,2024-09-16,39,44.46,Annual,10,11,4,3,Invoice,672,69,1
CUST_003091,2024-04-19,31,50.39,Monthly,7,15,3,4,ACH,327,70,0
CUST_003092,2022-11-29,42,50.92,Quarterly,9,9,5,5,ACH,1035,81,0
CUST_003093,2021-06-29,10,71.38,Monthly,7,9,3,6,Invoice,1248,86,0
CUST_003094,2021-07-11,30,19.77,Monthly,8,10,1,10,PayPal,1743,95,1
CUST_003095,2022-05-04,57,24.53,Quarterly,9,12,2,6,ACH,1236,78,1
CUST_003096,2022-05-18,52,93.23,Quarterly,9,13,0,10,PayPal,223,87,0
CUST_003097,2024-10-26,18,157.03,Monthly,4,16,1,1,Invoice,1777,44,1
CUST_003098,2026-04-12,24,17.31,Monthly,5,12,2,4,PayPal,594,68,0
CUST_003099,2024-10-26,52,44.42,Monthly,9,12,4,10,ACH,439,100,0
CUST_003100,2025-04-01,9,22.05,Monthly,8,11,5,7,ACH,48,89,0
CUST_003101,2024-08-16,31,13.1,Quarterly,9,11,1,8,ACH,402,84,1
CUST_003102,2026-01-18,15,29.69,Annual,3,9,1,8,Credit Card,1086,86,0
CUST_003103,2025-10-23,4,17.76,Monthly,5,6,1,6,Invoice,140,79,0
CUST_003104,2026-04-16,40,71.88,Quarterly,8,13,5,3,ACH,895,67,1
CUST_003105,2023-03-16,9,48.15,Monthly,4,9,2,4,ACH,333,71,1
CUST_003106,2025-04-05,45,17.76,Monthly,5,11,3,4,PayPal,1362,74,1
CUST_003107,2025-03-04,9,10.46,Quarterly,4,11,0,6,ACH,1749,69,1
CUST_003108,2025-12-25,26,92.55,Quarterly,13,5,1,4,Invoice,1565,70,1
CUST_003109,2023-03-06,4,19.69,Quarterly,9,10,2,5,Credit Card,462,75,1
CUST_003110,2024-10-08,17,56.6,Annual,9,12,2,6,ACH,1515,78,0
CUST_003111,2021-12-31,16,30.54,Annual,5,10,4,3,ACH,604,70,0
CUST_003112,2026-04-04,15,54.03,Monthly,7,5,0,3,PayPal,1195,60,0
CUST_003113,2023-04-08,35,28.96,Annual,5,9,2,7,Credit Card,186,86,0
CUST_003114,2023-07-04,57,14.55,Quarterly,14,6,1,1,Credit Card,1618,54,1
CUST_003115,2025-09-03,52,22.61,Monthly,8,10,3,4,ACH,1432,75,1
CUST_003116,2025-09-13,5,20.42,Annual,8,11,1,3,Credit Card,958,59,1
CUST_003117,2024-03-05,55,37.93,Monthly,6,7,1,5,ACH,1762,73,1
CUST_003118,2022-10-03,5,63.69,Monthly,6,11,1,2,Invoice,1671,54,0
CUST_003119,2024-05-18,20,25.31,Annual,7,9,0,10,PayPal,991,91,0
CUST_003120,2024-04-04,15,10.61,Monthly,9,8,1,9,Invoice,614,92,0
CUST_003121,2024-02-21,18,46.59,Annual,2,16,2,5,Credit Card,1584,59,1
CUST_003122,2024-03-18,47,56.54,Monthly,12,7,2,10,Invoice,504,100,1
CUST_003123,2024-05-07,2,174.67,Quarterly,8,14,1,4,ACH,1175,61,1
CUST_003124,2025-10-15,29,54.52,Monthly,6,8,4,4,PayPal,216,77,1
CUST_003125,2023-10-01,13,41.85,Monthly,9,15,1,7,Invoice,1528,75,1
CUST_003126,2026-02-13,4,52.6,Monthly,14,11,0,4,PayPal,1527,59,1
CUST_003127,2023-09-20,42,141.49,Quarterly,5,12,1,10,ACH,1794,93,1
CUST_003128,2023-12-29,45,98.12,Annual,3,7,1,8,PayPal,1282,88,1
CUST_003129,2023-01-22,10,29.5,Annual,5,6,5,1,PayPal,1643,64,0
CUST_003130,2025-01-21,31,23.54,Monthly,12,15,1,10,ACH,1184,90,1
CUST_003131,2024-09-29,41,25.23,Monthly,7,13,3,6,Credit Card,1751,82,1
CUST_003132,2022-05-24,8,45.1,Monthly,3,11,1,9,Invoice,946,89,1
CUST_003133,2023-10-06,3,78.14,Annual,11,11,1,5,Credit Card,843,69,0
CUST_003134,2025-02-08,48,44.98,Monthly,6,10,2,5,Invoice,1051,75,0
CUST_003135,2026-02-05,46,13.51,Quarterly,9,11,0,4,PayPal,1666,59,1
CUST_003136,2026-01-22,9,74.29,Annual,4,12,3,9,ACH,1477,98,0
CUST_003137,2023-07-06,30,91.99,Monthly,6,9,1,2,Credit Card,741,56,1
CUST_003138,2024-01-09,53,27.09,Monthly,7,13,0,9,Invoice,611,82,1
CUST_003139,2022-12-26,11,64.55,Annual,10,11,2,6,Invoice,1503,79,0
CUST_003140,2022-02-24,35,37.81,Monthly,6,10,0,10,Credit Card,86,90,0
CUST_003141,2026-02-05,37,119.97,Monthly,6,12,4,8,PayPal,675,93,0
CUST_003142,2026-03-21,42,103.29,Monthly,8,12,3,4,PayPal,404,73,1
CUST_003143,2022-06-24,13,47.27,Annual,9,12,0,4,Credit Card,1752,58,0
CUST_003144,2021-10-31,36,68.8,Annual,7,14,2,10,ACH,1512,96,1
CUST_003145,2022-05-05,56,117.43,Monthly,7,6,1,1,ACH,1179,54,1
CUST_003146,2025-03-21,13,44.23,Monthly,15,12,0,6,Invoice,1634,68,1
CUST_003147,2022-03-18,12,28.79,Monthly,12,7,4,2,PayPal,1383,68,0
CUST_003148,2024-07-08,37,80.05,Annual,4,10,4,5,Invoice,593,80,1
CUST_003149,2023-06-27,10,22.43,Monthly,8,8,0,3,Credit Card,652,57,0
CUST_003150,2021-10-07,56,34.59,Monthly,8,9,3,2,Invoice,1091,66,1
CUST_003151,2025-12-06,9,110.39,Quarterly,8,8,3,10,Credit Card,1636,100,0
CUST_003152,2025-07-30,52,74.44,Quarterly,7,12,2,1,PayPal,1537,53,1
CUST_003153,2025-09-13,7,35.86,Quarterly,4,4,4,9,PayPal,396,100,0
CUST_003154,2025-05-02,2,22.09,Quarterly,8,13,4,1,Credit Card,1639,57,1
CUST_003155,2022-11-28,54,32.0,Monthly,7,4,3,8,ACH,214,100,1
CUST_003156,2021-10-01,56,26.71,Monthly,6,8,1,6,PayPal,1700,77,0
CUST_003157,2025-02-21,23,19.68,Monthly,7,7,2,4,Invoice,1020,73,1
CUST_003158,2025-03-30,39,78.0,Monthly,8,11,3,9,ACH,1359,99,1
CUST_003159,2022-12-15,40,24.52,Quarterly,6,8,2,1,Invoice,325,57,0
CUST_003160,2022-06-18,39,40.27,Annual,10,14,0,4,ACH,999,56,0
CUST_003161,2024-12-20,21,34.38,Annual,10,9,4,10,Credit Card,69,100,0
CUST_003162,2024-11-09,23,211.08,Monthly,9,10,1,7,ACH,848,80,0
CUST_003163,2024-10-17,29,34.8,Quarterly,12,12,1,4,Invoice,1273,63,0
CUST_003164,2022-03-10,14,14.17,Quarterly,8,8,1,1,Invoice,631,52,1
CUST_003165,2025-02-15,26,14.71,Monthly,11,8,1,4,ACH,1073,67,1
CUST_003166,2022-10-26,51,54.67,Quarterly,9,4,1,6,Credit Card,1055,81,1
CUST_003167,2024-03-21,5,55.74,Monthly,8,10,1,8,PayPal,1012,85,1
CUST_003168,2025-05-18,55,37.13,Monthly,12,14,1,2,Invoice,281,51,1
CUST_003169,2022-07-27,31,38.27,Annual,8,12,1,9,ACH,1460,88,0
CUST_003170,2024-11-29,25,12.77,Annual,7,14,1,7,Invoice,1646,76,0
CUST_003171,2022-08-28,31,46.34,Monthly,3,8,2,6,Invoice,1222,82,1
CUST_003172,2025-12-16,50,45.13,Monthly,6,9,0,3,Invoice,214,56,1
CUST_003173,2022-01-10,20,18.1,Quarterly,9,12,0,4,PayPal,434,58,0
CUST_003174,2021-10-29,44,15.48,Annual,9,5,6,8,Credit Card,68,100,0
CUST_003175,2023-08-15,55,16.6,Annual,10,11,2,7,Invoice,695,84,1
CUST_003176,2025-04-30,17,15.33,Monthly,13,12,3,6,Credit Card,124,83,1
CUST_003177,2022-12-06,45,57.04,Monthly,7,9,1,7,Credit Card,336,81,0
CUST_003178,2022-08-11,2,20.94,Monthly,4,15,2,9,Invoice,612,90,1
CUST_003179,2022-12-03,25,24.48,Monthly,12,13,3,5,Credit Card,1586,77,1
CUST_003180,2021-10-04,13,19.53,Monthly,6,12,4,5,Invoice,1041,78,0
CUST_003181,2021-06-06,58,168.31,Monthly,7,8,0,10,Invoice,87,92,1
CUST_003182,2025-05-08,39,106.42,Annual,5,9,2,7,Invoice,52,86,0
CUST_003183,2023-10-25,28,23.1,Monthly,6,11,2,7,Invoice,1684,84,1
CUST_003184,2025-06-08,42,29.84,Quarterly,9,9,4,5,Credit Card,1351,81,1
CUST_003185,2023-09-14,55,21.78,Monthly,5,18,3,8,PayPal,327,87,1
CUST_003186,2025-01-25,6,43.85,Monthly,7,11,0,6,PayPal,889,69,1
CUST_003187,2023-09-30,3,10.99,Monthly,10,9,0,4,Credit Card,965,61,1
CUST_003188,2023-09-13,58,65.64,Monthly,6,11,1,9,ACH,1464,89,0
CUST_003189,2021-12-30,35,47.03,Monthly,6,11,0,2,Credit Card,125,49,1
CUST_003190,2022-06-27,18,124.45,Quarterly,6,9,3,2,Credit Card,177,66,1
CUST_003191,2024-01-18,11,18.98,Annual,7,10,1,5,ACH,731,70,1
CUST_003192,2021-12-01,54,91.51,Monthly,13,10,4,3,Invoice,810,70,0
CUST_003193,2021-11-04,20,88.5,Monthly,6,10,3,3,ACH,1223,70,0
CUST_003194,2025-11-15,5,16.8,Annual,8,4,4,7,Credit Card,412,96,0
CUST_003195,2025-09-28,19,35.42,Annual,8,7,1,5,Invoice,1631,73,1
CUST_003196,2025-04-20,22,19.33,Monthly,8,9,5,6,Credit Card,584,86,1
CUST_003197,2026-01-04,59,24.7,Annual,7,7,2,3,ACH,1776,68,1
CUST_003198,2025-10-25,19,25.28,Quarterly,12,18,1,8,ACH,590,77,1
CUST_003199,2024-03-27,47,50.62,Annual,5,9,3,5,Credit Card,1400,81,0
CUST_003200,2025-04-28,16,36.5,Quarterly,3,14,3,8,Invoice,1705,91,0
CUST_003201,2025-12-05,24,157.57,Quarterly,9,9,2,4,Credit Card,1299,71,0
CUST_003202,2021-09-06,41,16.75,Quarterly,12,10,4,4,ACH,69,75,0
CUST_003203,2024-07-20,4,191.89,Monthly,10,10,3,5,Invoice,1511,80,1
CUST_003204,2022-03-13,15,23.11,Annual,8,13,1,8,Credit Card,921,82,1
CUST_003205,2024-03-24,25,84.11,Annual,6,14,3,4,PayPal,537,71,1
CUST_003206,2025-04-24,44,30.7,Annual,7,13,1,6,Credit Card,889,72,0
CUST_003207,2024-03-13,55,17.72,Quarterly,6,10,1,8,Invoice,1685,85,0
CUST_003208,2021-08-20,35,107.56,Monthly,12,19,1,3,ACH,1505,51,1
CUST_003209,2025-11-24,55,28.47,Monthly,3,8,2,6,PayPal,161,82,0
CUST_003210,2025-05-17,14,63.77,Monthly,10,10,1,7,Invoice,121,80,0
CUST_003211,2022-09-29,49,51.79,Monthly,7,13,0,8,Credit Card,1607,77,0
CUST_003212,2022-09-29,19,41.91,Monthly,8,4,2,5,Invoice,777,81,1
CUST_003213,2023-11-23,38,44.24,Annual,9,4,1,4,ACH,250,71,1
CUST_003214,2022-11-30,36,75.88,Monthly,9,6,2,10,PayPal,1449,100,0
CUST_003215,2024-11-26,7,14.59,Annual,8,7,1,10,ACH,910,98,1
CUST_003216,2024-11-27,30,65.16,Annual,8,5,3,10,Credit Card,1331,100,0
CUST_003217,2024-03-11,19,123.08,Monthly,7,9,1,4,PayPal,97,66,0
CUST_003218,2025-08-03,49,12.98,Monthly,6,10,0,3,Credit Card,118,55,1
CUST_003219,2023-10-10,25,17.58,Annual,9,9,4,2,PayPal,1423,66,1
CUST_003220,2022-06-07,16,73.05,Annual,6,10,3,10,Credit Card,1637,100,1
CUST_003221,2025-11-01,47,38.75,Quarterly,10,16,2,6,PayPal,1274,74,1
CUST_003222,2021-09-17,54,35.84,Quarterly,8,12,3,1,ACH,100,58,1
CUST_003223,2024-12-31,40,17.37,Quarterly,13,11,3,6,Credit Card,421,84,0
CUST_003224,2024-01-08,51,45.34,Annual,8,5,2,5,Credit Card,559,80,0
CUST_003225,2025-12-30,8,16.76,Quarterly,7,9,3,2,ACH,631,66,1
CUST_003226,2023-08-22,18,42.37,Quarterly,10,10,2,10,Credit Card,89,100,1
CUST_003227,2021-10-26,28,82.11,Quarterly,8,9,2,5,PayPal,486,76,0
CUST_003228,2024-03-04,16,24.94,Monthly,17,19,1,7,ACH,474,71,1
CUST_003229,2025-03-15,52,42.77,Quarterly,7,11,2,1,PayPal,769,54,0
CUST_003230,2021-07-19,19,251.52,Monthly,7,8,1,5,ACH,572,72,1
CUST_003231,2023-01-23,42,68.02,Annual,8,10,3,8,PayPal,1166,95,0
CUST_003232,2022-09-29,17,102.05,Monthly,8,13,2,8,Invoice,547,87,0
CUST_003233,2022-05-05,45,36.79,Monthly,9,7,0,8,Credit Card,769,83,1
CUST_003234,2024-06-16,13,83.02,Monthly,8,9,4,1,PayPal,492,61,1
CUST_003235,2026-01-10,7,12.07,Monthly,9,6,2,8,Credit Card,175,94,1
CUST_003236,2023-11-27,27,16.56,Monthly,7,8,1,8,ACH,1806,87,0
CUST_003237,2026-01-01,10,21.35,Quarterly,7,10,1,5,Invoice,1363,70,0
CUST_003238,2022-01-16,34,35.7,Monthly,11,6,1,6,PayPal,1221,79,0
CUST_003239,2022-12-04,36,103.46,Monthly,11,10,0,2,PayPal,976,50,1
CUST_003240,2021-10-21,25,31.25,Monthly,9,10,1,2,Credit Card,1801,55,0
CUST_003241,2026-03-25,6,63.16,Annual,7,10,5,1,Invoice,231,60,0
CUST_003242,2024-12-22,24,71.78,Monthly,10,10,1,10,ACH,1509,95,1
CUST_003243,2024-03-14,18,54.12,Monthly,6,14,1,3,Credit Card,1654,56,1
CUST_003244,2022-11-23,23,32.1,Monthly,10,10,1,2,ACH,511,55,0
CUST_003245,2023-10-03,6,53.03,Annual,9,9,2,8,Credit Card,1729,91,0
CUST_003246,2022-01-30,29,30.95,Monthly,9,8,1,5,Invoice,35,72,0
CUST_003247,2025-12-05,25,14.38,Monthly,5,11,2,7,Credit Card,1588,84,0
CUST_003248,2022-06-12,55,256.71,Monthly,11,14,2,2,Credit Card,1101,56,0
CUST_003249,2023-07-16,17,16.8,Quarterly,12,15,2,8,PayPal,641,85,1
CUST_003250,2024-07-11,46,13.75,Monthly,6,7,3,1,PayPal,1457,63,1
CUST_003251,2021-10-14,24,115.4,Annual,8,12,3,4,Credit Card,986,73,0
CUST_003252,2025-07-05,11,27.96,Monthly,8,10,6,7,ACH,1140,90,1
CUST_003253,2022-07-19,26,62.53,Monthly,13,15,2,1,Invoice,1492,50,0
CUST_003254,2025-09-07,51,29.95,Monthly,11,11,2,3,PayPal,884,64,1
CUST_003255,2024-07-25,34,34.83,Monthly,7,7,2,3,Credit Card,658,68,1
CUST_003256,2024-07-09,28,25.2,Monthly,9,12,0,5,ACH,1345,63,1
CUST_003257,2025-09-09,3,31.01,Monthly,7,9,1,3,ACH,395,61,1
CUST_003258,2021-07-08,11,36.44,Monthly,11,12,4,4,ACH,1354,73,0
CUST_003259,2025-10-12,38,73.72,Annual,11,10,0,6,Credit Card,1395,70,0
CUST_003260,2025-08-20,14,45.82,Quarterly,9,11,0,4,Invoice,372,59,1
CUST_003261,2024-09-12,51,153.73,Monthly,6,16,1,1,PayPal,1095,44,1
CUST_003262,2024-07-10,26,12.14,Annual,9,7,3,7,ACH,870,93,1
CUST_003263,2025-09-10,48,44.97,Quarterly,10,14,1,8,Credit Card,314,81,0
CUST_003264,2022-08-03,21,53.88,Quarterly,10,9,1,7,Credit Card,1074,81,0
CUST_003265,2024-11-15,54,136.41,Monthly,6,9,3,5,Credit Card,1283,81,0
CUST_003266,2023-12-25,56,12.52,Annual,6,3,0,7,Invoice,1499,82,0
CUST_003267,2022-04-04,39,52.61,Monthly,8,11,3,7,Invoice,450,89,1
CUST_003268,2024-03-24,30,106.08,Annual,4,9,2,1,Credit Card,1218,56,0
CUST_003269,2024-11-08,59,23.85,Monthly,11,13,1,8,Credit Card,1248,82,0
CUST_003270,2025-10-02,8,114.49,Monthly,9,9,0,9,Invoice,1342,86,0
CUST_003271,2025-01-25,51,10.96,Monthly,4,10,0,1,Invoice,1807,45,1
CUST_003272,2025-02-21,20,75.92,Monthly,11,9,2,10,PayPal,333,100,1
CUST_003273,2025-07-24,48,145.24,Annual,7,13,0,1,PayPal,1028,42,1
CUST_003274,2021-12-29,32,63.53,Monthly,8,12,0,3,Credit Card,1480,53,1
CUST_003275,2021-11-14,22,38.9,Annual,6,10,3,8,Invoice,1133,95,0
CUST_003276,2022-04-07,59,12.3,Monthly,12,19,3,9,PayPal,1721,91,1
CUST_003277,2022-06-02,7,136.36,Monthly,7,8,1,2,Credit Card,1073,57,1
CUST_003278,2026-02-04,9,41.77,Annual,13,2,1,1,Invoice,1608,58,0
CUST_003279,2023-05-31,45,11.47,Quarterly,11,11,3,10,ACH,103,100,1
CUST_003280,2025-01-27,1,68.53,Monthly,10,5,3,4,Invoice,1296,80,1
CUST_003281,2025-07-29,29,42.87,Monthly,10,14,3,2,PayPal,1418,61,1
CUST_003282,2021-08-30,8,16.64,Quarterly,10,6,5,9,Invoice,1665,100,0
CUST_003283,2025-03-08,56,22.06,Monthly,8,15,3,9,PayPal,37,95,1
CUST_003284,2021-08-12,54,13.33,Quarterly,10,7,1,5,Credit Card,1156,73,0
CUST_003285,2022-07-26,4,52.7,Annual,7,10,5,5,Invoice,885,80,1
CUST_003286,2024-06-06,35,58.65,Monthly,5,10,2,9,Credit Card,1374,95,1
CUST_003287,2024-12-04,59,45.23,Monthly,16,11,3,7,PayPal,430,89,1
CUST_003288,2024-05-30,3,94.94,Monthly,10,17,2,2,ACH,1706,53,0
CUST_003289,2021-10-22,54,108.67,Monthly,5,10,3,6,Invoice,1450,85,1
CUST_003290,2026-04-14,45,57.81,Quarterly,10,15,5,6,PayPal,1286,80,0
CUST_003291,2026-04-10,40,10.64,Annual,7,9,3,10,PayPal,956,100,1
CUST_003292,2025-03-16,7,69.41,Annual,13,14,1,1,PayPal,1587,46,0
CUST_003293,2023-06-14,27,37.06,Annual,9,11,4,2,ACH,364,64,1
CUST_003294,2026-01-15,1,51.68,Monthly,8,14,2,2,ACH,1791,56,0
CUST_003295,2022-07-12,27,62.36,Annual,10,21,2,1,Invoice,76,45,1
CUST_003296,2022-10-06,16,31.56,Monthly,8,7,3,6,Credit Card,539,88,0
CUST_003297,2023-03-08,38,134.51,Annual,7,7,3,3,PayPal,1089,73,1
CUST_003298,2022-11-27,7,17.19,Monthly,8,13,1,9,Credit Card,893,87,1
CUST_003299,2023-03-25,44,65.66,Annual,5,19,4,8,Invoice,1308,86,1
CUST_003300,2025-12-18,23,10.22,Quarterly,5,14,0,7,Invoice,1009,71,0
CUST_003301,2025-05-06,41,139.28,Monthly,7,10,0,5,ACH,822,65,1
CUST_003302,2023-01-09,59,15.97,Monthly,5,9,2,3,PayPal,1106,66,1
CUST_003303,2021-09-26,11,14.98,Annual,10,14,2,7,PayPal,1139,81,1
CUST_003304,2021-12-07,42,30.25,Monthly,5,14,2,6,PayPal,224,76,1
CUST_003305,2025-12-25,53,33.39,Annual,3,14,1,2,Invoice,913,51,0
CUST_003306,2022-10-26,33,22.06,Quarterly,8,6,0,5,PayPal,1082,69,1
CUST_003307,2024-12-04,50,53.99,Monthly,7,8,4,5,Credit Card,1734,82,1
CUST_003308,2025-02-08,36,39.25,Monthly,3,12,2,3,PayPal,609,63,0
CUST_003309,2023-04-01,37,11.74,Annual,10,12,1,2,ACH,851,53,0
CUST_003310,2022-03-18,41,29.26,Monthly,4,9,1,2,Invoice,197,56,1
CUST_003311,2022-12-02,59,93.15,Monthly,9,6,5,5,Credit Card,1458,84,0
CUST_003312,2023-12-11,17,68.51,Quarterly,10,9,2,1,PayPal,380,56,1
CUST_003313,2022-03-10,35,74.53,Annual,15,16,3,6,Credit Card,174,79,0
CUST_003314,2025-01-15,48,69.89,Monthly,9,11,5,9,Credit Card,1426,99,1
CUST_003315,2023-07-04,5,28.62,Monthly,7,16,4,1,PayPal,1809,54,1
CUST_003316,2022-06-04,48,15.25,Annual,4,10,2,3,Invoice,887,65,0
CUST_003317,2025-07-05,32,25.9,Annual,5,15,1,10,ACH,374,90,1
CUST_003318,2025-09-14,3,99.13,Quarterly,8,7,2,5,PayPal,545,78,0
CUST_003319,2021-07-13,52,206.79,Monthly,6,9,2,3,PayPal,89,66,1
CUST_003320,2023-10-23,47,44.05,Quarterly,4,8,1,2,ACH,388,57,0
CUST_003321,2023-05-09,35,10.49,Annual,9,12,6,3,PayPal,793,68,1
CUST_003322,2023-10-09,52,17.54,Annual,5,11,3,7,ACH,1475,89,1
CUST_003323,2026-01-11,14,29.44,Annual,10,5,0,7,Credit Card,991,80,0
CUST_003324,2023-07-01,48,53.21,Monthly,12,16,3,5,ACH,593,74,1
CUST_003325,2022-06-16,31,13.9,Quarterly,9,13,0,2,Credit Card,480,47,0
CUST_003326,2024-12-19,31,153.55,Monthly,6,8,1,1,ACH,698,52,1
CUST_003327,2023-10-14,17,32.71,Monthly,10,13,5,3,Credit Card,953,67,1
CUST_003328,2024-09-12,24,131.85,Quarterly,12,14,2,7,ACH,1667,81,1
CUST_003329,2025-09-11,52,85.83,Annual,7,10,3,1,Credit Card,632,60,1
CUST_003330,2024-09-08,23,80.41,Quarterly,5,12,2,7,PayPal,804,83,1
CUST_003331,2025-06-23,18,56.66,Annual,15,8,3,6,ACH,1458,87,1
CUST_003332,2024-10-14,50,59.28,Monthly,13,13,1,4,ACH,323,62,0
CUST_003333,2023-07-02,54,60.81,Quarterly,8,12,1,10,Credit Card,235,93,1
CUST_003334,2025-10-06,14,59.54,Monthly,10,6,2,6,ACH,145,84,0
CUST_003335,2023-06-30,50,50.34,Quarterly,6,10,5,4,ACH,73,75,0
CUST_003336,2021-10-19,15,224.94,Monthly,8,16,4,5,ACH,1268,74,1
CUST_003337,2022-05-22,15,75.89,Quarterly,10,6,3,3,ACH,1617,74,0
CUST_003338,2022-05-03,6,85.02,Monthly,6,12,4,10,Invoice,640,100,1
CUST_003339,2022-07-02,27,112.97,Annual,3,10,4,9,ACH,1275,100,1
CUST_003340,2023-06-24,15,22.14,Quarterly,10,12,0,1,Credit Card,634,43,1
CUST_003341,2024-09-23,50,14.38,Monthly,4,10,2,7,ACH,486,85,1
CUST_003342,2021-06-19,36,42.98,Annual,10,5,1,5,Invoice,1034,75,1
CUST_003343,2021-07-09,55,46.09,Quarterly,9,10,2,9,PayPal,1122,95,0
CUST_003344,2023-07-23,8,98.36,Annual,10,11,1,2,PayPal,811,54,1
CUST_003345,2023-05-05,15,39.33,Quarterly,9,10,1,6,PayPal,812,75,1
CUST_003346,2022-12-15,3,52.3,Monthly,8,10,0,3,Invoice,1452,55,0
CUST_003347,2023-04-04,47,47.44,Monthly,12,7,3,4,Credit Card,1179,78,1
CUST_003348,2024-06-04,13,11.95,Monthly,11,5,0,4,ACH,1177,65,1
CUST_003349,2025-12-22,41,57.75,Monthly,7,14,3,2,ACH,192,61,0
CUST_003350,2021-10-29,34,98.03,Monthly,9,10,3,1,ACH,40,60,0
CUST_003351,2022-06-28,24,18.57,Annual,13,6,0,3,Invoice,762,59,1
CUST_003352,2023-03-04,40,55.11,Monthly,6,10,3,10,ACH,1637,100,0
CUST_003353,2023-06-24,32,55.02,Monthly,6,5,1,8,Credit Card,1423,90,1
CUST_003354,2024-11-13,32,18.97,Monthly,5,7,0,3,PayPal,1458,58,1
CUST_003355,2023-07-24,30,16.59,Quarterly,5,9,3,1,Credit Card,1708,61,0
CUST_003356,2025-09-18,52,205.73,Annual,8,10,5,4,ACH,74,75,0
CUST_003357,2023-02-10,49,35.02,Monthly,7,14,2,9,ACH,1641,91,1
CUST_003358,2021-07-02,13,22.9,Quarterly,7,14,3,6,ACH,1292,81,1
CUST_003359,2022-04-01,1,19.4,Monthly,7,9,2,9,PayPal,1796,96,1
CUST_003360,2024-02-01,34,65.07,Quarterly,7,9,1,1,ACH,1573,51,1
CUST_003361,2023-12-14,15,57.01,Annual,7,9,4,1,ACH,821,61,0
CUST_003362,2025-03-24,44,61.58,Monthly,7,9,4,6,Credit Card,573,86,1
CUST_003363,2025-10-13,14,14.61,Annual,9,13,1,3,Invoice,1124,57,1
CUST_003364,2026-03-26,57,122.0,Annual,6,16,5,8,ACH,1282,89,1
CUST_003365,2023-10-04,29,34.65,Monthly,11,11,0,4,PayPal,380,59,0
CUST_003366,2025-10-27,34,28.8,Quarterly,8,11,2,9,Credit Card,156,94,1
CUST_003367,2023-05-18,18,41.03,Monthly,14,9,1,6,Invoice,276,76,0
CUST_003368,2023-10-05,54,34.72,Monthly,6,12,1,2,Invoice,1160,53,1
CUST_003369,2023-06-24,7,109.6,Monthly,5,8,3,1,ACH,463,62,1
CUST_003370,2025-08-03,29,142.44,Monthly,7,17,3,10,Invoice,1295,98,1
CUST_003371,2023-03-17,55,28.08,Monthly,6,3,3,2,PayPal,725,72,0
CUST_003372,2024-09-27,31,109.73,Quarterly,10,6,2,1,Credit Card,1566,59,0
CUST_003373,2024-12-03,25,86.05,Monthly,5,9,1,8,Invoice,294,86,0
CUST_003374,2022-12-05,38,143.54,Monthly,7,8,1,2,ACH,135,57,1
CUST_003375,2024-11-23,14,24.1,Annual,12,7,3,9,ACH,1357,100,0
CUST_003376,2022-02-14,8,53.01,Quarterly,6,9,0,9,Credit Card,759,86,1
CUST_003377,2021-07-16,27,26.05,Quarterly,2,9,0,9,PayPal,1751,76,1
CUST_003378,2021-07-03,54,96.89,Annual,6,11,2,10,Credit Card,1098,99,0
CUST_003379,2025-06-01,2,10.27,Quarterly,4,13,0,6,Credit Card,303,67,1
CUST_003380,2024-06-04,17,51.6,Annual,7,13,4,8,PayPal,856,92,1
CUST_003381,2023-05-20,37,30.72,Quarterly,11,8,1,10,PayPal,1494,97,0
CUST_003382,2024-12-19,14,29.48,Annual,5,5,0,3,ACH,736,60,0
CUST_003383,2023-11-15,25,61.77,Monthly,7,17,4,9,Credit Card,878,93,1
CUST_003384,2024-03-28,56,105.35,Monthly,6,10,2,9,ACH,556,95,0
CUST_003385,2024-11-13,30,56.98,Annual,4,13,0,10,PayPal,192,87,0
CUST_003386,2025-11-22,29,105.93,Monthly,9,11,0,5,Credit Card,1047,64,1
CUST_003387,2021-09-12,20,25.37,Monthly,8,14,0,9,Credit Card,1479,81,0
CUST_003388,2024-09-16,21,46.65,Annual,11,14,4,10,Credit Card,1462,100,1
CUST_003389,2025-11-25,53,39.94,Quarterly,6,9,2,8,PayPal,1194,91,0
CUST_003390,2023-01-07,22,10.59,Monthly,13,16,3,7,PayPal,863,84,1
CUST_003391,2026-03-04,35,50.69,Annual,10,7,1,10,Invoice,1408,98,0
CUST_003392,2023-10-31,37,64.17,Annual,7,15,5,4,Credit Card,598,70,1
CUST_003393,2022-08-29,16,54.81,Quarterly,7,6,2,5,Invoice,858,79,1
CUST_003394,2025-10-04,50,76.64,Quarterly,5,9,2,1,Credit Card,371,56,1
CUST_003395,2025-03-23,58,52.35,Annual,6,9,2,5,PayPal,239,76,1
CUST_003396,2024-07-08,49,13.45,Annual,6,16,2,2,PayPal,1394,54,1
CUST_003397,2023-03-27,43,16.19,Monthly,12,10,3,1,Invoice,654,60,1
CUST_003398,2023-04-29,17,55.38,Annual,11,10,1,2,Invoice,1815,55,0
CUST_003399,2024-11-07,16,26.08,Annual,8,6,0,8,Invoice,1170,84,1
CUST_003400,2022-09-03,58,14.15,Quarterly,10,9,2,6,PayPal,598,81,0
CUST_003401,2023-08-09,55,38.07,Annual,10,14,3,6,Credit Card,1480,81,1
CUST_003402,2023-03-19,2,50.41,Monthly,5,9,2,9,ACH,654,96,1
CUST_003403,2023-10-19,4,29.93,Annual,10,10,3,2,Invoice,1740,65,1
CUST_003404,2023-12-17,21,73.73,Monthly,5,10,0,1,Invoice,327,45,1
CUST_003405,2021-08-09,39,61.61,Monthly,9,7,0,5,ACH,1441,68,0
CUST_003406,2026-04-14,34,30.23,Monthly,7,13,4,4,Credit Card,1499,72,1
CUST_003407,2025-02-25,30,80.3,Monthly,8,8,4,4,ACH,438,77,1
CUST_003408,2021-08-28,6,62.31,Quarterly,8,6,2,8,Credit Card,831,94,0
CUST_003409,2024-04-23,17,60.73,Monthly,7,8,2,2,Invoice,1621,62,0
CUST_003410,2022-07-29,39,50.31,Monthly,15,10,2,1,ACH,1547,55,0
CUST_003411,2025-11-01,25,10.57,Quarterly,12,6,3,2,Invoice,98,69,0
CUST_003412,2026-01-10,5,69.62,Monthly,11,6,2,9,Credit Card,1606,99,1
CUST_003413,2023-01-12,5,33.58,Monthly,9,17,1,7,PayPal,1726,73,1
CUST_003414,2025-01-07,20,152.89,Monthly,5,6,2,4,Invoice,1307,74,1
CUST_003415,2023-02-18,16,95.18,Monthly,10,8,2,10,ACH,585,100,0
CUST_003416,2024-01-23,51,54.3,Monthly,7,15,0,9,ACH,121,80,1
CUST_003417,2021-10-24,41,24.53,Monthly,2,11,5,10,Invoice,1545,94,1
CUST_003418,2023-03-23,37,21.39,Annual,11,9,3,10,PayPal,1137,100,1
CUST_003419,2024-03-31,40,30.8,Monthly,8,11,1,6,Invoice,871,74,0
CUST_003420,2025-01-12,9,42.37,Monthly,4,13,3,8,ACH,187,92,1
CUST_003421,2024-03-31,5,27.55,Quarterly,11,13,3,5,Credit Card,1169,77,1
CUST_003422,2022-09-14,42,46.17,Monthly,10,7,5,10,Credit Card,1433,100,1
CUST_003423,2023-09-05,57,19.04,Quarterly,7,8,2,2,PayPal,1248,62,1
CUST_003424,2023-07-18,2,200.19,Monthly,11,13,3,10,ACH,313,100,1
CUST_003425,2023-03-18,9,15.71,Monthly,4,4,1,9,Credit Card,1276,96,1
CUST_003426,2025-11-23,43,144.37,Annual,7,9,0,5,PayPal,644,66,0
CUST_003427,2025-03-28,36,132.43,Monthly,12,4,2,4,Invoice,1084,76,1
CUST_003428,2025-10-17,22,47.26,Monthly,5,5,3,8,ACH,1375,100,0
CUST_003429,2022-10-27,22,74.53,Annual,8,11,2,2,Credit Card,124,59,1
CUST_003430,2024-07-12,22,38.64,Monthly,10,9,0,7,Invoice,559,76,0
CUST_003431,2021-06-22,34,59.72,Annual,8,12,0,3,ACH,1063,53,1
CUST_003432,2023-05-28,55,30.82,Quarterly,4,6,1,6,ACH,189,79,0
CUST_003433,2025-03-30,29,27.92,Monthly,3,12,0,2,Invoice,909,48,1
CUST_003434,2021-08-03,38,53.16,Annual,8,11,3,3,Credit Card,869,69,1
CUST_003435,2022-01-01,59,44.47,Annual,13,14,3,10,Invoice,1778,100,1
CUST_003436,2026-02-14,46,53.32,Quarterly,10,11,0,7,ACH,1266,74,1
CUST_003437,2025-12-30,33,26.89,Quarterly,12,11,1,1,Invoice,1224,49,1
CUST_003438,2026-02-17,18,32.86,Quarterly,2,14,3,7,Credit Card,843,76,0
CUST_003439,2025-12-17,7,14.38,Monthly,8,10,2,7,Credit Card,1010,85,1
CUST_003440,2024-09-08,1,12.68,Annual,6,8,5,9,Credit Card,252,100,1
CUST_003441,2022-06-09,33,24.62,Monthly,6,13,2,5,Invoice,1464,72,1
CUST_003442,2024-01-17,1,13.86,Monthly,6,7,5,8,PayPal,890,98,1
CUST_003443,2022-02-24,24,15.48,Quarterly,9,13,1,3,Invoice,166,57,0
CUST_003444,2024-12-19,4,93.81,Monthly,6,10,1,1,PayPal,1064,50,1
CUST_003445,2021-12-18,4,11.98,Quarterly,5,14,2,2,ACH,356,56,1
CUST_003446,2025-12-16,18,63.79,Monthly,7,12,7,5,Credit Card,1186,78,0
CUST_003447,2026-03-14,27,25.91,Quarterly,8,8,2,10,Credit Card,869,100,0
CUST_003448,2021-06-03,43,112.61,Monthly,10,7,1,9,Credit Card,1286,93,0
CUST_003449,2023-09-03,59,43.18,Monthly,5,8,1,4,PayPal,600,67,0
CUST_003450,2021-11-02,32,28.23,Monthly,6,10,0,7,Invoice,608,75,1
CUST_003451,2021-10-27,33,46.45,Annual,9,10,4,10,Credit Card,1470,100,0
CUST_003452,2025-08-22,28,34.06,Monthly,9,5,2,7,ACH,112,90,1
CUST_003453,2021-10-22,42,51.54,Annual,5,10,3,1,Invoice,844,60,0
CUST_003454,2024-05-23,41,16.08,Monthly,8,11,1,2,ACH,141,54,1
CUST_003455,2024-10-17,55,300.3,Monthly,12,8,3,8,Credit Card,317,97,1
CUST_003456,2024-04-06,36,37.72,Monthly,5,12,2,4,ACH,710,68,1
CUST_003457,2022-05-14,6,31.4,Monthly,8,12,4,8,ACH,1318,93,0
CUST_003458,2024-11-02,16,71.93,Quarterly,11,12,2,8,ACH,424,88,0
CUST_003459,2022-09-15,34,32.62,Quarterly,7,12,5,7,Credit Card,1216,88,1
CUST_003460,2023-10-24,23,99.57,Monthly,7,10,0,2,Credit Card,681,50,1
CUST_003461,2024-09-29,50,40.28,Annual,6,11,1,6,Invoice,1193,74,1
CUST_003462,2022-07-30,42,73.57,Annual,11,9,2,1,Invoice,1691,56,1
CUST_003463,2026-03-15,24,15.68,Monthly,9,12,0,5,Credit Card,1663,63,1
CUST_003464,2023-10-29,56,103.58,Monthly,6,5,2,4,Credit Card,79,75,0
CUST_003465,2023-05-01,49,76.54,Annual,10,15,0,10,ACH,150,85,0
CUST_003466,2024-05-29,13,21.89,Monthly,7,6,1,2,Credit Card,720,59,1
CUST_003467,2025-08-15,56,17.85,Monthly,8,9,2,5,PayPal,193,76,0
CUST_003468,2025-05-12,18,29.01,Monthly,9,12,1,1,PayPal,827,48,1
CUST_003469,2021-12-09,54,196.63,Annual,10,11,2,3,PayPal,454,64,1
CUST_003470,2021-11-19,13,24.84,Monthly,8,9,4,7,Invoice,1663,91,1
CUST_003471,2022-10-27,49,40.45,Monthly,10,6,4,4,Credit Card,1742,79,1
CUST_003472,2024-08-03,37,11.52,Monthly,11,9,3,7,PayPal,1725,91,1
CUST_003473,2024-04-20,43,35.31,Monthly,8,10,2,7,Credit Card,1772,85,0
CUST_003474,2022-09-22,39,52.35,Monthly,7,12,1,6,Invoice,1445,73,0
CUST_003475,2023-07-28,42,163.01,Quarterly,9,14,2,3,ACH,388,61,0
CUST_003476,2023-10-15,17,46.36,Monthly,7,11,4,10,Credit Card,519,100,1
CUST_003477,2024-07-31,15,95.49,Annual,8,13,2,8,Credit Card,334,87,0
CUST_003478,2024-03-02,18,49.61,Monthly,7,14,1,10,ACH,1126,91,0
CUST_003479,2022-09-04,23,12.08,Annual,10,7,1,4,ACH,1271,68,0
CUST_003480,2024-08-29,54,28.92,Annual,7,11,3,2,Credit Card,988,64,1
CUST_003481,2024-02-14,51,52.85,Monthly,9,6,3,2,Credit Card,1587,69,1
CUST_003482,2023-01-13,30,160.38,Quarterly,7,6,1,1,PayPal,656,54,0
CUST_003483,2024-06-16,58,108.0,Monthly,6,6,4,1,PayPal,707,64,1
CUST_003484,2022-07-15,34,22.96,Quarterly,3,7,4,1,ACH,891,63,0
CUST_003485,2025-10-27,58,22.43,Monthly,8,13,2,9,Credit Card,446,92,1
CUST_003486,2021-12-22,4,21.23,Quarterly,7,7,2,3,PayPal,1707,68,1
CUST_003487,2022-01-17,3,137.87,Annual,12,10,1,7,ACH,98,80,0
CUST_003488,2021-11-25,7,105.75,Quarterly,9,10,2,5,Credit Card,551,75,1
CUST_003489,2021-09-18,56,84.56,Annual,7,8,2,7,PayPal,1737,87,0
CUST_003490,2023-08-22,18,34.94,Monthly,13,9,1,7,Credit Card,1462,81,1
CUST_003491,2024-11-01,42,45.1,Annual,6,13,0,6,ACH,497,67,0
CUST_003492,2024-05-08,7,41.21,Quarterly,7,10,1,5,ACH,977,70,1
CUST_003493,2023-10-20,40,24.61,Quarterly,6,17,0,9,ACH,616,78,1
CUST_003494,2022-06-01,6,45.16,Monthly,3,12,2,7,Invoice,80,83,1
CUST_003495,2023-12-09,22,11.55,Annual,9,8,4,1,PayPal,319,62,0
CUST_003496,2024-08-23,58,17.07,Monthly,7,7,0,8,PayPal,1069,83,0
CUST_003497,2025-03-15,1,118.84,Annual,7,10,1,2,Invoice,97,55,0
CUST_003498,2022-08-06,4,79.65,Monthly,7,11,2,5,Credit Card,86,74,1
CUST_003499,2022-12-06,46,37.48,Monthly,9,12,5,3,ACH,1234,68,1
CUST_003500,2023-11-12,49,46.4,Quarterly,4,11,3,5,Invoice,953,79,1
CUST_003501,2025-11-21,52,33.1,Monthly,12,5,3,10,ACH,359,100,0
CUST_003502,2022-12-06,50,77.5,Annual,11,14,0,10,ACH,245,86,1
CUST_003503,2025-08-06,43,86.67,Annual,9,8,2,8,Credit Card,333,92,1
CUST_003504,2024-08-09,29,82.04,Monthly,6,16,2,10,PayPal,1766,94,1
CUST_003505,2023-11-09,21,74.12,Monthly,3,7,2,1,Invoice,1443,58,1
CUST_003506,2022-06-09,26,21.44,Annual,10,14,0,8,Credit Card,322,76,1
CUST_003507,2023-01-13,14,30.62,Monthly,9,11,1,2,Invoice,295,54,1
CUST_003508,2021-11-03,9,41.73,Quarterly,3,8,2,4,ACH,636,72,0
CUST_003509,2021-07-15,59,30.08,Quarterly,4,9,1,6,Invoice,257,76,1
CUST_003510,2025-10-10,47,80.31,Monthly,4,9,4,8,Invoice,1222,96,0
CUST_003511,2024-09-28,12,29.98,Monthly,11,5,3,6,ACH,1489,90,1
CUST_003512,2022-01-04,42,17.44,Monthly,9,8,0,3,PayPal,1318,57,1
CUST_003513,2024-01-13,51,35.46,Annual,4,9,5,4,PayPal,186,76,1
CUST_003514,2022-11-28,56,205.39,Monthly,14,12,1,2,Credit Card,70,53,0
CUST_003515,2021-08-17,51,22.8,Monthly,7,8,1,9,Credit Card,1795,92,1
CUST_003516,2021-11-02,6,57.36,Annual,11,7,2,9,PayPal,1419,98,1
CUST_003517,2024-09-14,20,38.37,Quarterly,7,12,2,7,Invoice,1566,83,0
CUST_003518,2025-08-26,24,13.68,Monthly,7,18,2,10,ACH,143,92,1
CUST_003519,2023-12-10,27,43.46,Monthly,15,10,3,5,ACH,1757,80,1
CUST_003520,2022-04-29,38,70.56,Quarterly,7,16,2,3,PayPal,663,59,0
CUST_003521,2022-01-27,8,46.0,Annual,7,7,2,1,Invoice,1193,58,0
CUST_003522,2025-10-19,1,112.83,Annual,10,6,3,6,PayPal,692,89,1
CUST_003523,2024-06-12,54,27.05,Annual,8,12,2,4,ACH,670,68,0
CUST_003524,2022-02-10,49,14.51,Quarterly,6,12,2,2,Invoice,1276,58,1
CUST_003525,2023-05-05,49,147.89,Annual,5,16,2,10,ACH,643,94,0
CUST_003526,2024-08-02,24,33.76,Quarterly,10,7,0,7,ACH,950,78,0
CUST_003527,2022-06-10,47,52.95,Annual,9,6,2,2,PayPal,1475,64,1
CUST_003528,2024-06-30,7,88.51,Annual,8,12,1,2,Credit Card,920,53,1
CUST_003529,2021-06-14,19,29.6,Monthly,12,7,0,8,ACH,1172,83,1
CUST_003530,2022-12-23,22,72.97,Monthly,10,9,0,8,PayPal,1480,81,1
CUST_003531,2023-02-16,57,17.28,Annual,7,4,2,8,PayPal,375,96,1
CUST_003532,2022-03-29,55,27.22,Monthly,8,6,1,4,ACH,218,69,0
CUST_003533,2021-09-27,35,17.82,Annual,6,6,2,7,PayPal,61,89,1
CUST_003534,2023-10-02,30,93.36,Monthly,7,7,3,8,Invoice,1209,98,0
CUST_003535,2025-10-16,29,22.59,Quarterly,7,7,3,9,PayPal,1208,100,0
CUST_003536,2022-05-14,22,73.19,Monthly,6,7,2,2,Invoice,1182,63,1
CUST_003537,2021-09-16,11,153.5,Quarterly,4,13,2,10,Invoice,1317,97,0
CUST_003538,2024-12-27,20,47.51,Annual,3,10,0,7,Credit Card,754,75,1
CUST_003539,2023-11-19,29,48.83,Monthly,5,2,3,4,Invoice,1076,83,1
CUST_003540,2025-12-12,51,40.91,Annual,7,12,2,10,Invoice,918,98,0
CUST_003541,2022-09-04,41,29.72,Monthly,15,10,3,3,Invoice,445,70,0
CUST_003542,2025-11-19,42,42.28,Monthly,9,11,0,6,Credit Card,672,69,1
CUST_003543,2025-06-23,34,56.17,Monthly,8,9,3,6,Credit Card,585,86,1
CUST_003544,2026-04-12,1,223.4,Monthly,6,7,2,8,PayPal,723,93,1
CUST_003545,2023-04-23,31,148.84,Quarterly,10,2,1,6,Invoice,547,83,1
CUST_003546,2021-12-10,30,109.08,Monthly,10,8,2,10,ACH,355,100,1
CUST_003547,2023-03-05,48,119.97,Annual,8,9,1,1,ACH,1486,51,1
CUST_003548,2021-11-22,18,41.54,Monthly,6,13,0,5,Invoice,472,62,0
CUST_003549,2021-07-14,55,63.57,Annual,5,13,3,7,Invoice,1559,87,0
CUST_003550,2023-08-23,58,122.72,Monthly,12,14,0,3,Credit Card,726,51,1
CUST_003551,2025-07-02,17,34.96,Annual,6,9,5,10,ACH,1626,100,0
CUST_003552,2025-04-27,38,173.2,Annual,9,8,2,9,PayPal,1237,97,1
CUST_003553,2024-01-01,14,36.87,Annual,4,6,1,3,Credit Card,1734,64,0
CUST_003554,2025-04-14,23,55.95,Monthly,10,12,5,10,Credit Card,811,100,1
CUST_003555,2025-02-12,25,71.86,Annual,6,7,3,6,PayPal,1520,88,1
CUST_003556,2025-03-04,15,160.38,Monthly,7,10,2,2,PayPal,1386,60,0
CUST_003557,2025-11-23,46,24.03,Monthly,9,8,2,4,Invoice,1094,72,1
CUST_003558,2023-01-17,56,78.55,Monthly,1,5,7,2,Invoice,443,50,1
CUST_003559,2024-08-12,22,46.78,Monthly,4,5,2,9,Credit Card,1401,100,1
CUST_003560,2021-08-05,3,25.64,Monthly,10,10,0,2,Invoice,1479,50,0
CUST_003561,2023-11-20,56,84.94,Annual,9,14,2,8,Credit Card,1345,86,0
CUST_003562,2024-12-29,55,50.17,Monthly,14,10,1,4,ACH,1109,65,1
CUST_003563,2023-07-21,19,64.08,Monthly,7,12,4,2,Invoice,1636,63,0
CUST_003564,2025-06-10,57,29.5,Monthly,15,11,3,7,Credit Card,1520,89,1
CUST_003565,2024-09-12,44,42.82,Annual,4,7,4,4,PayPal,107,78,0
CUST_003566,2023-07-23,34,58.03,Annual,10,14,5,9,Credit Card,1678,96,0
CUST_003567,2025-07-18,35,35.95,Monthly,11,10,1,2,Credit Card,1451,55,1
CUST_003568,2024-09-17,50,21.06,Annual,12,18,1,8,ACH,196,77,1
CUST_003569,2021-09-18,1,173.04,Annual,16,7,4,1,ACH,1661,63,1
CUST_003570,2021-12-18,52,45.82,Monthly,6,9,2,10,Invoice,1676,100,1
CUST_003571,2024-10-07,21,76.2,Annual,9,9,4,4,ACH,1787,76,0
CUST_003572,2022-07-25,29,36.47,Annual,8,13,3,3,Credit Card,1337,67,0
CUST_003573,2026-04-05,6,31.94,Annual,15,5,1,9,PayPal,201,95,1
CUST_003574,2023-09-22,37,36.14,Monthly,6,7,2,4,PayPal,1354,73,1
CUST_003575,2026-03-21,1,36.31,Monthly,10,8,3,5,ACH,1327,82,0
CUST_003576,2021-09-01,51,49.28,Monthly,5,8,0,10,ACH,1595,92,1
CUST_003577,2025-03-06,1,49.21,Annual,8,9,3,3,PayPal,259,71,1
CUST_003578,2021-11-23,27,44.37,Quarterly,8,6,2,2,Invoice,796,64,0
CUST_003579,2025-11-07,21,17.24,Monthly,12,7,2,8,ACH,1251,93,1
CUST_003580,2024-11-20,53,44.27,Monthly,15,8,1,9,Credit Card,1507,92,1
CUST_003581,2021-11-11,16,19.26,Annual,5,9,1,8,ACH,160,86,1
CUST_003582,2023-09-10,44,16.74,Quarterly,6,13,1,3,PayPal,1572,57,0
CUST_003583,2022-03-07,59,144.89,Quarterly,8,13,0,1,ACH,1033,42,1
CUST_003584,2025-10-17,54,56.44,Annual,6,11,1,2,Invoice,575,54,1
CUST_003585,2024-08-31,40,63.87,Quarterly,6,6,0,7,ACH,1118,79,0
CUST_003586,2021-12-14,26,35.69,Monthly,6,10,1,9,ACH,696,90,0
CUST_003587,2024-01-12,16,129.83,Monthly,15,9,2,2,Credit Card,1132,61,0
CUST_003588,2024-01-01,28,60.8,Monthly,5,13,2,6,Invoice,72,77,1
CUST_003589,2022-02-12,1,83.3,Annual,1,14,2,9,PayPal,693,71,0
CUST_003590,2022-02-15,36,32.99,Monthly,10,14,0,10,Invoice,91,86,0
CUST_003591,2026-04-11,10,170.96,Monthly,7,7,2,4,ACH,762,73,1
CUST_003592,2023-03-24,43,95.87,Monthly,7,8,1,5,Invoice,1425,72,1
CUST_003593,2023-05-18,17,106.19,Monthly,8,7,1,8,Invoice,625,88,1
CUST_003594,2023-05-09,57,19.45,Quarterly,9,10,1,5,Credit Card,148,70,0
CUST_003595,2024-01-12,59,25.8,Monthly,7,15,0,5,PayPal,837,60,0
CUST_003596,2026-01-25,23,26.82,Monthly,12,6,1,4,PayPal,59,69,1
CUST_003597,2023-02-20,7,25.8,Annual,11,6,5,7,Credit Card,1481,94,0
CUST_003598,2025-02-22,44,106.69,Monthly,8,15,5,3,Credit Card,751,65,0
CUST_003599,2024-08-04,53,11.62,Annual,7,14,0,5,PayPal,642,61,0
CUST_003600,2021-09-03,7,13.96,Quarterly,7,12,0,8,ACH,880,78,0
CUST_003601,2023-04-19,44,26.0,Quarterly,8,8,4,9,Credit Card,1068,100,0
CUST_003602,2024-09-22,15,21.15,Quarterly,9,7,2,7,Credit Card,1813,88,1
CUST_003603,2025-05-24,34,23.19,Monthly,12,12,2,7,Credit Card,884,83,1
CUST_003604,2022-09-23,46,89.96,Annual,5,7,7,7,Credit Card,840,93,1
CUST_003605,2024-10-09,45,51.41,Monthly,7,9,1,1,Credit Card,675,51,1
CUST_003606,2021-10-02,4,10.29,Monthly,6,10,0,9,Credit Card,335,85,1
CUST_003607,2024-08-30,14,38.05,Monthly,6,14,2,3,PayPal,1099,61,0
CUST_003608,2021-08-09,14,36.2,Monthly,2,12,1,10,ACH,1349,83,0
CUST_003609,2025-09-02,16,16.05,Quarterly,6,17,1,4,ACH,1289,58,0
CUST_003610,2024-10-19,7,66.37,Monthly,7,13,2,5,Invoice,315,72,1
CUST_003611,2023-09-16,32,70.55,Annual,4,8,4,10,Invoice,1038,100,0
CUST_003612,2026-04-01,19,73.81,Monthly,2,12,2,5,Invoice,917,63,1
CUST_003613,2025-04-07,2,75.18,Monthly,4,5,5,10,ACH,315,100,1
CUST_003614,2025-07-30,10,10.0,Quarterly,5,13,2,8,Invoice,798,87,1
CUST_003615,2024-11-17,50,163.87,Monthly,2,10,3,3,Invoice,1466,60,1
CUST_003616,2023-02-10,17,94.16,Annual,9,3,5,4,PayPal,1782,82,0
CUST_003617,2025-04-15,37,127.16,Monthly,10,11,2,6,PayPal,1788,79,0
CUST_003618,2023-05-07,12,10.79,Monthly,6,9,2,7,PayPal,1452,86,1
CUST_003619,2023-12-01,6,145.8,Monthly,9,11,2,4,Credit Card,1198,69,0
CUST_003620,2025-10-01,22,92.98,Quarterly,10,14,0,2,Credit Card,103,46,0
CUST_003621,2021-09-27,32,100.77,Monthly,7,7,2,1,Credit Card,203,58,1
CUST_003622,2025-04-22,41,14.9,Monthly,7,9,2,9,PayPal,342,96,0
CUST_003623,2024-04-19,20,77.12,Monthly,8,10,1,9,ACH,620,90,0
CUST_003624,2025-10-02,1,170.84,Annual,5,7,2,6,Credit Card,1415,83,1
CUST_003625,2026-02-13,54,66.75,Annual,6,8,3,7,PayPal,697,92,1
CUST_003626,2021-07-18,47,52.26,Annual,5,12,3,7,Credit Card,1271,88,1
CUST_003627,2024-08-13,53,155.6,Monthly,7,11,4,1,ACH,106,59,0
CUST_003628,2024-09-06,58,39.25,Quarterly,10,7,3,6,ACH,1596,88,1
CUST_003629,2024-03-12,6,55.73,Annual,6,10,2,7,Invoice,336,85,0
CUST_003630,2022-06-28,19,42.35,Quarterly,7,14,0,8,PayPal,401,76,1
CUST_003631,2023-08-06,18,145.04,Quarterly,8,8,7,9,Credit Card,363,100,1
CUST_003632,2024-06-22,6,13.96,Annual,7,8,4,6,Invoice,314,87,1
CUST_003633,2026-03-06,45,44.77,Monthly,5,9,3,2,Credit Card,1259,66,0
CUST_003634,2023-06-18,33,68.07,Quarterly,8,9,2,1,ACH,1067,56,0
CUST_003635,2023-12-04,23,88.49,Quarterly,8,13,3,7,PayPal,1606,87,1
CUST_003636,2025-02-10,23,53.74,Monthly,9,13,2,5,PayPal,704,72,0
CUST_003637,2026-02-26,26,129.8,Monthly,6,7,3,8,Credit Card,802,98,1
CUST_003638,2021-06-14,13,152.36,Quarterly,2,21,4,1,Credit Card,1429,40,0
CUST_003639,2022-11-02,7,13.32,Monthly,8,12,1,7,PayPal,1365,78,1
CUST_003640,2023-05-31,15,35.74,Quarterly,3,11,2,1,ACH,1130,54,0
CUST_003641,2023-04-08,44,11.19,Monthly,8,11,2,9,Invoice,798,94,0
CUST_003642,2022-01-06,27,29.98,Monthly,7,10,0,2,Credit Card,1789,50,0
CUST_003643,2023-07-26,26,48.49,Monthly,7,9,3,10,PayPal,818,100,0
CUST_003644,2025-09-18,33,130.84,Monthly,12,9,3,9,PayPal,1769,100,1
CUST_003645,2024-03-20,15,103.72,Monthly,5,13,2,10,PayPal,65,97,1
CUST_003646,2024-06-23,36,16.82,Monthly,5,8,2,6,Invoice,574,82,0
CUST_003647,2022-05-04,45,14.88,Annual,6,13,1,4,PayPal,1697,62,0
CUST_003648,2024-09-09,55,54.49,Quarterly,17,12,2,4,Invoice,464,68,1
CUST_003649,2025-04-19,27,47.98,Monthly,9,10,1,4,PayPal,334,65,0
CUST_003650,2023-01-17,57,25.49,Annual,6,10,3,9,ACH,742,100,0
CUST_003651,2022-05-13,5,124.86,Annual,8,11,1,10,Invoice,1604,94,1
CUST_003652,2024-05-24,2,141.12,Annual,11,10,1,5,Credit Card,484,70,0
CUST_003653,2025-06-30,55,35.76,Annual,4,10,1,2,ACH,303,55,0
CUST_003654,2024-03-15,58,120.5,Monthly,7,8,2,4,PayPal,1112,72,1
CUST_003655,2024-12-15,33,34.22,Monthly,10,8,6,5,Credit Card,1690,82,1
CUST_003656,2025-08-08,16,76.75,Monthly,12,5,3,3,Invoice,1460,75,1
CUST_003657,2021-12-05,23,42.31,Monthly,7,10,4,1,Credit Card,1793,60,1
CUST_003658,2026-04-25,38,16.54,Annual,6,12,1,9,PayPal,305,88,0
CUST_003659,2024-12-11,55,141.51,Monthly,10,5,2,2,ACH,513,65,0
CUST_003660,2025-01-12,16,40.27,Quarterly,4,11,1,1,ACH,82,49,0
CUST_003661,2022-09-20,14,76.3,Quarterly,7,9,2,8,Credit Card,1107,91,0
CUST_003662,2025-11-20,29,32.88,Quarterly,10,14,1,2,Credit Card,917,51,0
CUST_003663,2025-01-03,26,10.95,Quarterly,5,14,1,7,PayPal,859,76,0
CUST_003664,2021-11-24,35,15.3,Monthly,10,10,3,1,ACH,177,60,1
CUST_003665,2023-05-03,15,44.28,Annual,4,4,1,8,ACH,310,91,0
CUST_003666,2024-10-13,3,68.55,Monthly,7,9,1,1,PayPal,379,51,1
CUST_003667,2023-11-10,23,30.38,Quarterly,10,8,0,5,ACH,720,67,0
CUST_003668,2024-10-21,29,69.45,Quarterly,12,9,2,10,Invoice,946,100,0
CUST_003669,2025-09-07,34,69.97,Quarterly,13,9,0,7,ACH,411,76,0
CUST_003670,2023-04-01,33,70.86,Monthly,6,6,4,7,PayPal,1229,94,1
CUST_003671,2022-12-16,41,43.92,Annual,8,10,2,1,Invoice,1816,55,1
CUST_003672,2024-10-26,41,133.19,Monthly,8,9,4,7,ACH,768,91,0
CUST_003673,2024-01-26,23,43.59,Monthly,11,11,2,1,Credit Card,1619,54,1
CUST_003674,2025-01-20,7,39.92,Annual,9,10,3,3,ACH,1408,70,1
CUST_003675,2022-04-16,3,21.12,Monthly,13,7,3,2,Credit Card,1787,68,1
CUST_003676,2022-10-19,58,28.38,Quarterly,9,5,2,2,ACH,429,65,1
CUST_003677,2025-04-12,32,12.16,Monthly,6,12,2,2,PayPal,985,58,1
CUST_003678,2024-03-19,31,60.19,Quarterly,11,8,3,8,PayPal,1256,97,0
CUST_003679,2024-01-06,18,24.29,Monthly,10,14,1,3,Credit Card,1705,56,1
CUST_003680,2025-04-11,43,28.13,Quarterly,3,10,2,4,Invoice,1152,70,0
CUST_003681,2023-12-08,7,83.66,Quarterly,12,16,2,4,ACH,226,64,1
CUST_003682,2025-08-17,41,29.82,Quarterly,9,13,0,6,Invoice,388,67,1
CUST_003683,2025-07-24,1,23.87,Monthly,9,8,5,4,ACH,1542,77,1
CUST_003684,2021-10-26,14,19.26,Quarterly,4,11,3,1,Invoice,1353,59,1
CUST_003685,2026-03-24,52,84.55,Monthly,11,10,1,1,Credit Card,1219,50,1
CUST_003686,2025-01-02,32,16.95,Monthly,9,7,1,1,Invoice,1587,53,1
CUST_003687,2023-10-17,6,40.23,Monthly,10,7,0,2,Invoice,1134,53,1
CUST_003688,2025-09-25,39,45.36,Quarterly,8,6,2,7,Credit Card,1043,89,0
CUST_003689,2023-03-07,10,68.14,Monthly,11,15,1,3,Credit Card,1586,55,1
CUST_003690,2023-07-23,7,60.16,Quarterly,6,13,2,7,PayPal,918,82,0
CUST_003691,2023-07-14,26,93.23,Annual,8,10,0,7,Invoice,1400,75,1
CUST_003692,2022-02-09,34,12.29,Monthly,6,10,1,1,ACH,1802,50,1
CUST_003693,2024-08-28,30,27.58,Quarterly,9,15,3,3,Invoice,1169,65,1
CUST_003694,2023-10-18,36,26.43,Monthly,7,14,2,4,PayPal,1194,66,0
CUST_003695,2024-06-14,21,17.89,Quarterly,6,12,3,1,PayPal,1041,58,1
CUST_003696,2021-11-02,17,27.07,Monthly,5,4,0,8,Invoice,1147,86,1
CUST_003697,2024-08-28,33,28.54,Annual,6,14,2,5,Credit Card,1739,71,1
CUST_003698,2025-08-16,10,46.9,Monthly,4,11,0,8,Credit Card,1752,79,1
CUST_003699,2023-08-17,51,64.49,Monthly,7,8,0,6,PayPal,1388,72,1
CUST_003700,2023-09-10,47,33.99,Monthly,11,10,4,6,Invoice,1455,85,1
CUST_003701,2025-05-02,42,73.55,Monthly,6,13,0,9,ACH,1352,82,1
CUST_003702,2021-06-16,51,30.49,Monthly,6,12,3,4,Credit Card,1108,73,1
CUST_003703,2024-11-05,12,27.14,Monthly,12,9,2,9,ACH,1256,96,1
CUST_003704,2024-07-23,56,48.96,Monthly,3,6,3,6,Credit Card,131,89,1
CUST_003705,2022-02-05,16,11.2,Annual,8,8,1,9,Invoice,612,92,1
CUST_003706,2024-02-09,41,14.16,Annual,8,8,5,2,Invoice,134,67,1
CUST_003707,2023-06-28,32,37.06,Quarterly,7,12,1,2,Credit Card,701,53,1
CUST_003708,2023-03-07,15,153.16,Annual,7,7,3,1,Invoice,1258,63,0
CUST_003709,2024-10-05,27,73.92,Annual,7,12,2,9,Invoice,685,93,0
CUST_003710,2023-03-27,28,14.61,Annual,13,7,4,6,ACH,759,88,0
CUST_003711,2023-07-25,17,103.64,Monthly,11,10,2,4,Invoice,1432,70,0
CUST_003712,2022-01-27,46,75.89,Annual,11,4,4,9,PayPal,709,100,0
CUST_003713,2024-07-02,59,57.2,Monthly,4,12,2,5,PayPal,1734,73,1
CUST_003714,2025-08-07,50,95.82,Quarterly,7,15,1,6,PayPal,211,70,0
CUST_003715,2023-02-02,58,35.88,Annual,9,9,2,1,PayPal,1599,56,1
CUST_003716,2022-10-27,2,22.52,Monthly,10,7,2,8,PayPal,370,93,1
CUST_003717,2023-10-22,36,45.87,Annual,5,13,1,7,ACH,943,77,0
CUST_003718,2023-04-03,50,49.8,Monthly,10,6,0,10,Credit Card,1585,94,0
CUST_003719,2022-02-23,7,48.64,Monthly,10,10,4,3,Credit Card,1385,70,0
CUST_003720,2021-07-09,13,51.63,Monthly,11,12,2,5,Credit Card,1394,73,0
CUST_003721,2021-12-20,15,158.51,Annual,10,11,2,9,PayPal,1157,94,1
CUST_003722,2025-08-29,25,126.26,Annual,3,10,6,3,PayPal,1277,70,0
CUST_003723,2021-10-12,23,114.26,Quarterly,4,6,4,8,Invoice,1543,99,0
CUST_003724,2022-01-23,22,90.83,Monthly,1,6,3,4,Credit Card,1446,59,1
CUST_003725,2025-12-23,26,153.61,Annual,8,9,1,9,Invoice,972,91,0
CUST_003726,2025-05-15,33,15.18,Annual,17,6,5,9,ACH,1754,100,1
CUST_003727,2025-10-19,11,25.4,Monthly,5,9,4,6,ACH,1176,86,0
CUST_003728,2023-10-16,10,44.17,Annual,7,9,2,9,PayPal,1192,96,0
CUST_003729,2021-09-16,25,103.71,Monthly,6,8,3,4,Invoice,796,77,1
CUST_003730,2022-06-27,37,45.18,Monthly,8,8,2,1,Credit Card,1170,57,0
CUST_003731,2023-07-16,48,78.92,Monthly,9,7,4,5,Credit Card,1192,83,1
CUST_003732,2024-07-27,43,17.48,Annual,7,6,0,7,Credit Card,259,79,1
CUST_003733,2025-09-18,53,24.55,Monthly,8,8,0,6,Invoice,1337,72,0
CUST_003734,2024-06-01,38,75.8,Monthly,10,11,1,8,PayPal,1518,84,1
CUST_003735,2022-03-25,41,19.0,Monthly,7,9,1,3,Credit Card,1534,61,1
CUST_003736,2022-03-24,45,31.64,Monthly,12,8,2,8,PayPal,142,92,0
CUST_003737,2025-08-11,24,25.39,Monthly,9,11,1,3,Credit Card,1535,59,1
CUST_003738,2022-07-07,40,31.53,Monthly,8,10,1,3,PayPal,904,60,0
CUST_003739,2022-03-15,46,71.61,Annual,9,10,2,8,Invoice,647,90,0
CUST_003740,2022-05-06,56,32.93,Monthly,4,5,3,8,PayPal,64,100,1
CUST_003741,2024-07-26,33,50.51,Annual,9,6,1,8,Credit Card,1474,89,1
CUST_003742,2025-10-04,17,15.26,Annual,6,9,4,7,ACH,1320,91,0
CUST_003743,2021-12-19,24,91.74,Monthly,9,8,1,8,ACH,1557,87,0
CUST_003744,2022-07-02,37,33.09,Monthly,10,14,0,6,ACH,317,66,0
CUST_003745,2022-06-14,57,62.28,Quarterly,11,7,3,2,ACH,644,68,1
CUST_003746,2022-04-20,2,74.62,Monthly,7,8,4,10,PayPal,951,100,1
CUST_003747,2023-10-03,32,21.76,Monthly,9,7,1,7,ACH,431,83,1
CUST_003748,2022-07-15,57,118.0,Monthly,4,9,1,7,Invoice,1559,81,0
CUST_003749,2025-01-31,24,57.88,Annual,3,5,1,1,PayPal,1769,55,0
CUST_003750,2024-05-08,9,37.99,Annual,8,9,3,7,Invoice,1799,91,0
CUST_003751,2021-07-16,4,20.07,Quarterly,9,12,1,1,Invoice,1585,48,1
CUST_003752,2022-11-30,17,152.63,Quarterly,8,13,2,7,PayPal,1283,82,0
CUST_003753,2023-08-25,17,80.34,Monthly,10,9,2,6,ACH,1599,81,0
CUST_003754,2023-03-05,53,21.66,Monthly,7,8,1,6,Invoice,1144,77,1
CUST_003755,2024-09-22,50,30.6,Monthly,4,14,0,2,Credit Card,1426,46,1
CUST_003756,2025-01-12,48,92.95,Monthly,7,10,2,7,ACH,639,85,1
CUST_003757,2023-08-21,30,69.48,Monthly,10,8,1,8,PayPal,1374,87,1
CUST_003758,2022-10-10,40,82.58,Monthly,10,11,2,8,ACH,876,89,1
CUST_003759,2025-11-28,58,39.1,Monthly,8,8,3,3,PayPal,939,72,0
CUST_003760,2021-06-14,11,73.02,Monthly,8,7,2,6,Invoice,791,83,1
CUST_003761,2022-12-08,21,34.43,Monthly,7,10,0,6,Credit Card,840,70,1
CUST_003762,2025-10-25,21,21.87,Quarterly,6,13,3,5,Credit Card,696,77,1
CUST_003763,2022-05-23,18,60.08,Annual,9,15,2,9,Credit Card,1248,90,1
CUST_003764,2023-08-26,55,196.51,Quarterly,15,12,4,9,PayPal,152,98,1
CUST_003765,2021-09-07,29,28.6,Monthly,10,11,4,3,Credit Card,1053,69,0
CUST_003766,2021-08-21,24,40.9,Monthly,11,12,4,8,Credit Card,1385,93,1
CUST_003767,2024-11-03,10,66.04,Monthly,8,14,4,9,ACH,531,96,1
CUST_003768,2026-03-23,45,48.99,Monthly,5,12,0,5,ACH,664,63,0
CUST_003769,2025-06-30,17,102.71,Monthly,7,10,2,6,Invoice,860,80,1
CUST_003770,2023-10-03,18,81.72,Quarterly,8,11,1,4,PayPal,208,64,0
CUST_003771,2025-05-30,42,13.0,Quarterly,8,12,3,6,Invoice,1791,83,1
CUST_003772,2022-09-03,48,332.56,Monthly,11,10,2,3,ACH,762,65,0
CUST_003773,2023-04-30,20,79.8,Monthly,4,10,1,6,PayPal,1675,75,1
CUST_003774,2023-09-23,37,109.72,Monthly,8,12,4,10,Credit Card,1486,100,0
CUST_003775,2025-07-28,45,62.66,Monthly,9,8,2,7,ACH,1324,87,1
CUST_003776,2023-01-19,18,107.0,Monthly,5,10,1,1,ACH,1438,50,0
CUST_003777,2023-11-19,17,15.96,Monthly,8,11,0,7,ACH,578,74,1
CUST_003778,2021-09-20,9,31.37,Monthly,8,14,1,3,PayPal,900,56,0
CUST_003779,2025-08-03,14,114.54,Monthly,7,18,3,5,Invoice,551,72,1
CUST_003780,2024-01-17,49,21.26,Monthly,9,13,1,5,Invoice,832,67,1
CUST_003781,2024-08-21,29,14.07,Monthly,8,9,1,6,Invoice,463,76,0
CUST_003782,2021-10-01,31,87.59,Monthly,11,7,1,2,Credit Card,703,58,1
CUST_003783,2023-12-23,4,100.24,Quarterly,4,5,3,9,Invoice,774,100,1
CUST_003784,2023-10-15,18,18.88,Monthly,9,11,1,7,PayPal,744,79,1
CUST_003785,2025-07-18,59,106.33,Quarterly,8,8,1,4,PayPal,717,67,1
CUST_003786,2024-05-09,20,68.04,Quarterly,4,10,2,5,Invoice,1675,75,0
CUST_003787,2023-11-22,56,46.71,Quarterly,10,7,2,5,ACH,609,78,1
CUST_003788,2025-08-04,56,98.67,Annual,5,9,1,10,PayPal,269,96,1
CUST_003789,2023-05-09,47,37.17,Annual,7,5,1,6,Credit Card,679,80,0
CUST_003790,2025-01-05,43,20.78,Quarterly,10,6,4,4,PayPal,1156,79,1
CUST_003791,2023-10-10,44,26.76,Monthly,6,15,1,6,ACH,1468,70,0
CUST_003792,2025-08-28,9,45.18,Monthly,4,12,2,4,ACH,655,68,1
CUST_003793,2025-11-28,13,47.89,Quarterly,6,11,2,5,Credit Card,657,74,0
CUST_003794,2023-05-28,15,91.89,Annual,11,11,1,4,PayPal,923,64,0
CUST_003795,2025-02-03,27,88.36,Quarterly,11,10,7,9,PayPal,398,100,0
CUST_003796,2025-10-14,15,53.54,Annual,11,13,3,1,Invoice,1569,57,0
CUST_003797,2021-09-22,28,85.89,Quarterly,9,6,2,5,PayPal,756,79,1
CUST_003798,2025-12-30,37,20.65,Annual,8,5,3,5,PayPal,1799,85,0
CUST_003799,2026-05-02,55,12.57,Annual,10,12,2,1,PayPal,1158,53,1
CUST_003800,2023-09-08,19,113.43,Annual,6,12,1,4,Invoice,488,63,0
CUST_003801,2021-06-15,26,13.93,Quarterly,5,8,3,2,Invoice,1186,67,1
CUST_003802,2023-12-30,52,24.16,Quarterly,11,11,5,2,PayPal,1459,64,1
CUST_003803,2024-08-01,26,69.42,Quarterly,8,12,2,2,Invoice,454,58,0
CUST_003804,2025-10-24,25,36.33,Annual,8,7,0,10,Credit Card,424,93,0
CUST_003805,2021-12-12,26,114.5,Monthly,8,6,2,1,Credit Card,1751,59,0
CUST_003806,2024-12-03,26,27.69,Monthly,9,17,0,9,PayPal,808,78,1
CUST_003807,2025-02-15,46,10.6,Quarterly,7,13,2,6,PayPal,1101,77,0
CUST_003808,2025-12-11,28,27.88,Annual,4,9,0,7,PayPal,1175,76,0
CUST_003809,2023-01-04,49,53.15,Monthly,7,6,0,6,ACH,997,74,1
CUST_003810,2024-11-16,18,33.58,Monthly,9,11,1,4,Invoice,1814,64,1
CUST_003811,2025-09-18,32,48.27,Quarterly,5,7,3,10,ACH,342,100,0
CUST_003812,2022-09-04,53,114.62,Quarterly,9,9,2,2,Invoice,1477,61,0
CUST_003813,2021-10-23,3,131.8,Quarterly,6,15,5,5,PayPal,767,75,1
CUST_003814,2023-09-27,2,25.46,Annual,12,6,1,3,ACH,281,64,1
CUST_003815,2022-09-15,33,41.01,Monthly,5,12,1,1,Invoice,334,48,0
CUST_003816,2021-09-28,42,49.83,Monthly,9,12,3,2,Invoice,987,63,1
CUST_003817,2025-01-28,19,158.91,Monthly,2,8,2,8,PayPal,81,82,1
CUST_003818,2022-06-08,17,339.19,Quarterly,11,7,2,7,PayPal,1721,88,0
CUST_003819,2024-10-29,44,23.42,Monthly,8,10,1,7,PayPal,272,80,0
CUST_003820,2025-04-05,33,74.91,Annual,10,9,2,9,PayPal,106,96,0
CUST_003821,2021-06-10,12,33.74,Annual,11,12,2,10,PayPal,327,98,0
CUST_003822,2024-01-09,49,10.41,Annual,8,13,2,2,Invoice,363,57,0
CUST_003823,2022-12-19,56,10.46,Quarterly,11,12,1,2,Invoice,1216,53,1
CUST_003824,2025-10-05,3,40.86,Monthly,9,4,1,10,Invoice,383,100,1
CUST_003825,2023-03-21,43,43.5,Annual,8,14,2,6,PayPal,1062,76,1
CUST_003826,2021-07-07,49,11.14,Monthly,11,9,3,2,ACH,292,66,1
CUST_003827,2024-07-26,55,68.07,Monthly,7,5,1,8,Credit Card,1366,90,1
CUST_003828,2022-11-05,26,27.41,Monthly,8,7,1,9,PayPal,65,93,0
CUST_003829,2025-09-26,35,51.04,Monthly,8,6,3,6,ACH,64,89,1
CUST_003830,2025-03-22,8,27.9,Annual,14,14,1,6,ACH,1435,71,1
CUST_003831,2022-04-27,52,19.14,Annual,7,11,0,5,PayPal,615,64,1
CUST_003832,2021-11-18,36,36.14,Monthly,8,10,1,10,Invoice,1552,95,0
CUST_003833,2022-07-25,53,23.22,Monthly,7,10,0,7,ACH,784,75,1
CUST_003834,2023-11-27,54,48.26,Annual,10,7,0,6,PayPal,110,73,0
CUST_003835,2024-10-22,7,21.08,Quarterly,8,11,1,9,Invoice,359,89,0
CUST_003836,2024-10-30,46,45.51,Monthly,5,10,1,6,ACH,189,75,1
CUST_003837,2025-12-12,46,18.56,Annual,4,10,1,1,Invoice,1461,50,1
CUST_003838,2024-08-29,36,65.58,Annual,4,4,3,4,Invoice,836,81,0
CUST_003839,2024-12-18,16,80.11,Annual,11,9,0,7,ACH,1649,76,1
CUST_003840,2024-01-14,24,15.85,Monthly,8,16,4,3,PayPal,1087,64,1
CUST_003841,2024-05-31,54,41.54,Annual,7,11,1,6,Credit Card,1308,74,0
CUST_003842,2022-01-13,1,13.68,Annual,6,8,1,4,PayPal,452,67,1
CUST_003843,2021-09-23,49,55.59,Annual,4,11,3,5,Credit Card,453,79,1
CUST_003844,2022-01-18,25,25.35,Annual,4,13,0,8,ACH,172,77,1
CUST_003845,2022-02-22,10,47.5,Quarterly,9,8,0,6,Credit Card,206,72,1
CUST_003846,2024-09-14,54,46.43,Monthly,10,10,3,2,PayPal,1113,65,1
CUST_003847,2025-07-26,16,139.08,Quarterly,7,6,0,3,Invoice,683,59,1
CUST_003848,2025-03-05,16,49.82,Annual,9,15,4,1,PayPal,1029,55,0
CUST_003849,2023-12-29,58,53.73,Annual,12,9,2,9,ACH,428,96,1
CUST_003850,2025-08-06,8,35.68,Monthly,8,5,3,10,Invoice,1577,100,0
CUST_003851,2025-11-30,29,158.87,Monthly,12,12,4,6,Credit Card,1306,83,1
CUST_003852,2024-08-27,39,85.07,Annual,14,7,0,10,PayPal,1455,93,0
CUST_003853,2021-07-17,28,26.8,Annual,9,7,2,9,ACH,419,98,0
CUST_003854,2024-07-10,6,102.96,Monthly,8,16,0,3,Credit Card,1301,49,1
CUST_003855,2026-02-09,16,38.32,Annual,5,13,1,5,ACH,1754,67,1
CUST_003856,2021-10-30,20,98.21,Monthly,6,8,2,5,PayPal,1317,77,1
CUST_003857,2023-09-29,16,96.55,Quarterly,7,9,2,5,ACH,1430,76,0
CUST_003858,2023-11-16,7,20.47,Quarterly,10,12,2,9,Invoice,1675,93,1
CUST_003859,2022-05-14,41,70.39,Monthly,5,9,3,2,ACH,1031,66,0
CUST_003860,2022-10-12,14,27.17,Quarterly,6,5,2,6,PayPal,1276,85,0
CUST_003861,2021-07-31,43,27.65,Quarterly,10,7,2,8,PayPal,1154,93,0
CUST_003862,2025-07-23,26,27.57,Monthly,6,6,1,10,Invoice,1717,99,1
CUST_003863,2023-08-27,26,74.65,Annual,6,2,0,10,ACH,892,98,0
CUST_003864,2025-11-11,14,23.06,Monthly,2,14,2,4,Invoice,1528,56,1
CUST_003865,2022-08-21,7,10.05,Annual,8,11,0,1,Credit Card,1013,44,0
CUST_003866,2021-07-26,33,72.8,Monthly,8,12,3,5,Credit Card,1733,78,1
CUST_003867,2023-05-12,26,19.39,Monthly,8,16,5,5,PayPal,920,74,1
CUST_003868,2023-05-02,57,15.52,Monthly,11,9,1,4,ACH,1717,66,1
CUST_003869,2024-03-31,45,23.56,Monthly,8,15,3,2,PayPal,1749,60,1
CUST_003870,2021-10-16,20,33.89,Quarterly,7,13,1,7,Credit Card,1354,77,1
CUST_003871,2022-07-04,3,42.3,Monthly,6,9,4,7,PayPal,196,91,1
CUST_003872,2024-08-08,52,12.28,Monthly,7,15,1,3,ACH,1272,55,1
CUST_003873,2022-02-21,4,186.29,Quarterly,11,9,3,10,PayPal,1466,100,0
CUST_003874,2024-03-07,26,72.95,Monthly,9,5,5,6,Credit Card,409,90,0
CUST_003875,2023-10-03,11,29.52,Annual,7,13,2,2,ACH,1054,57,0
CUST_003876,2023-07-26,2,29.19,Quarterly,4,6,1,1,Credit Card,158,54,1
CUST_003877,2025-03-31,14,39.76,Quarterly,6,9,2,9,ACH,1685,96,0
CUST_003878,2023-03-16,44,59.21,Monthly,15,8,3,10,Credit Card,706,100,1
CUST_003879,2023-10-12,30,17.91,Monthly,15,9,3,1,Credit Card,681,61,0
CUST_003880,2022-05-03,49,20.47,Quarterly,5,14,4,10,ACH,609,100,1
CUST_003881,2024-06-26,12,108.1,Monthly,12,11,0,5,Invoice,612,64,1
CUST_003882,2023-10-10,26,24.8,Monthly,11,7,3,3,PayPal,1290,73,0
CUST_003883,2025-01-23,44,33.92,Monthly,7,14,1,9,ACH,1741,86,0
CUST_003884,2025-07-21,33,112.5,Monthly,8,9,0,8,Invoice,1093,81,1
CUST_003885,2025-08-11,13,64.41,Annual,6,9,0,4,Credit Card,1708,61,1
CUST_003886,2025-06-17,14,30.91,Annual,11,13,3,8,ACH,695,92,0
CUST_003887,2024-06-29,24,67.55,Quarterly,6,4,3,5,ACH,724,86,1
CUST_003888,2022-07-03,34,10.99,Annual,10,13,4,10,PayPal,438,100,1
CUST_003889,2024-02-03,44,76.52,Monthly,8,9,1,8,Invoice,1735,86,0
CUST_003890,2026-02-03,26,43.38,Monthly,8,11,6,2,Invoice,566,64,0
CUST_003891,2021-09-28,21,93.88,Quarterly,10,14,0,8,Credit Card,1590,76,0
CUST_003892,2022-12-23,28,164.65,Monthly,11,9,0,7,Invoice,814,76,0
CUST_003893,2024-02-02,48,140.04,Monthly,9,10,2,6,Invoice,360,80,1
CUST_003894,2021-07-05,36,129.99,Quarterly,8,11,2,8,ACH,983,89,0
CUST_003895,2023-08-06,40,45.89,Annual,8,8,2,7,PayPal,1278,87,1
CUST_003896,2025-06-03,2,32.33,Monthly,8,13,1,5,PayPal,420,67,1
CUST_003897,2025-09-23,42,41.28,Quarterly,11,12,0,5,Credit Card,360,63,0
CUST_003898,2026-03-23,9,68.54,Quarterly,6,14,2,10,Invoice,418,96,0
CUST_003899,2021-08-05,23,117.71,Monthly,11,11,3,7,Credit Card,639,89,0
CUST_003900,2026-02-24,15,21.6,Quarterly,3,9,2,8,PayPal,1644,91,0
CUST_003901,2023-08-19,13,135.17,Monthly,17,11,2,4,Invoice,438,69,1
CUST_003902,2024-12-05,23,94.42,Annual,9,9,1,3,Credit Card,1701,61,1
CUST_003903,2021-10-15,17,202.82,Quarterly,13,12,1,2,Invoice,414,53,1
CUST_003904,2021-10-30,48,116.12,Quarterly,8,10,1,6,Credit Card,987,75,1
CUST_003905,2021-11-23,2,26.42,Monthly,7,14,1,7,Credit Card,1214,76,1
CUST_003906,2021-10-20,20,15.6,Monthly,4,14,1,2,PayPal,1740,51,1
CUST_003907,2023-03-09,20,15.95,Monthly,4,10,2,2,ACH,857,60,1
CUST_003908,2022-11-01,59,27.21,Annual,11,9,3,3,ACH,1096,71,1
CUST_003909,2024-06-07,46,57.62,Monthly,11,9,6,4,Credit Card,674,76,0
CUST_003910,2023-06-28,3,91.56,Monthly,6,7,3,5,PayPal,887,83,1
CUST_003911,2025-01-11,55,124.76,Monthly,7,6,2,4,Credit Card,900,74,1
CUST_003912,2023-05-13,12,58.88,Monthly,9,10,2,4,ACH,51,70,1
CUST_003913,2023-12-04,40,10.28,Monthly,5,11,3,3,Invoice,1756,69,1
CUST_003914,2025-02-25,2,20.31,Quarterly,10,10,1,7,PayPal,1823,80,0
CUST_003915,2021-09-12,36,15.25,Monthly,6,10,4,7,ACH,1408,90,1
CUST_003916,2025-08-08,14,32.57,Monthly,5,8,1,4,ACH,1155,67,0
CUST_003917,2023-06-09,16,44.79,Quarterly,8,9,0,1,ACH,544,46,1
CUST_003918,2024-03-15,19,12.22,Annual,8,7,1,2,PayPal,1054,58,0
CUST_003919,2021-12-15,34,31.42,Monthly,11,5,1,4,PayPal,1798,70,0
CUST_003920,2024-12-25,44,19.87,Monthly,11,15,1,4,ACH,1192,60,1
CUST_003921,2021-12-29,46,62.07,Annual,10,6,1,8,PayPal,795,89,0
CUST_003922,2022-04-01,6,41.21,Monthly,10,11,5,2,Credit Card,1792,64,1
CUST_003923,2021-06-07,13,44.19,Annual,4,11,1,1,PayPal,1168,49,0
CUST_003924,2024-07-11,36,37.9,Monthly,6,5,0,9,PayPal,994,90,1
CUST_003925,2022-08-23,22,166.2,Monthly,9,8,3,6,ACH,890,87,0
CUST_003926,2022-09-13,18,22.09,Monthly,9,13,1,1,Invoice,1070,47,1
CUST_003927,2022-10-11,12,46.35,Annual,10,16,1,6,Invoice,1800,69,1
CUST_003928,2021-08-29,52,76.59,Quarterly,7,19,2,9,Invoice,926,86,1
CUST_003929,2023-07-25,59,50.69,Monthly,7,11,2,9,Invoice,958,94,0
CUST_003930,2022-12-25,54,142.27,Annual,11,8,2,5,Invoice,715,77,0
CUST_003931,2022-04-25,30,33.74,Monthly,12,10,2,1,Credit Card,443,55,1
CUST_003932,2022-08-24,53,41.15,Monthly,7,4,2,5,Credit Card,874,81,0
CUST_003933,2023-06-09,51,14.63,Quarterly,5,15,2,10,PayPal,1617,95,1
CUST_003934,2023-08-30,40,56.95,Monthly,6,9,3,5,Invoice,1162,81,1
CUST_003935,2025-01-06,7,27.0,Quarterly,12,5,2,2,Invoice,678,65,0
CUST_003936,2024-05-05,32,18.74,Annual,8,7,2,3,Credit Card,1810,68,1
CUST_003937,2025-01-08,48,49.32,Quarterly,9,13,1,4,PayPal,229,62,1
CUST_003938,2023-05-10,19,48.0,Annual,13,10,1,3,ACH,1384,60,1
CUST_003939,2023-07-06,6,13.95,Monthly,11,7,0,3,Credit Card,1440,58,1
CUST_003940,2022-09-16,20,69.9,Monthly,5,4,1,3,Credit Card,461,66,0
CUST_003941,2025-05-25,27,58.88,Monthly,6,14,0,2,Invoice,881,46,1
CUST_003942,2022-05-09,53,20.48,Monthly,10,9,0,6,Invoice,1362,71,1
CUST_003943,2022-05-16,43,41.69,Monthly,10,10,2,9,Credit Card,425,95,1
CUST_003944,2025-06-05,37,73.71,Monthly,10,7,1,1,Credit Card,1119,53,0
CUST_003945,2025-02-19,48,47.69,Quarterly,13,13,1,2,Credit Card,1246,52,1
CUST_003946,2021-12-03,7,35.17,Monthly,7,12,2,10,Invoice,1402,98,1
CUST_003947,2025-11-10,59,29.46,Annual,10,14,4,6,ACH,1588,81,0
CUST_003948,2024-10-21,5,57.13,Quarterly,11,16,3,1,PayPal,1805,54,0
CUST_003949,2024-11-22,11,149.93,Quarterly,5,14,1,10,PayPal,291,91,1
CUST_003950,2024-07-13,15,65.7,Monthly,8,13,2,7,Invoice,712,82,1
CUST_003951,2026-04-07,3,13.88,Monthly,9,8,1,3,ACH,767,62,1
CUST_003952,2024-02-03,58,40.87,Monthly,5,8,1,6,ACH,1414,77,1
CUST_003953,2024-09-05,5,120.74,Monthly,9,9,4,3,ACH,1776,71,0
CUST_003954,2025-03-23,23,14.96,Monthly,4,6,0,6,PayPal,765,74,1
CUST_003955,2025-09-13,53,234.93,Quarterly,11,7,4,4,ACH,240,78,1
CUST_003956,2024-11-16,37,158.86,Monthly,5,14,3,9,Credit Card,1624,96,1
CUST_003957,2022-01-10,9,14.08,Annual,6,8,0,3,PayPal,1418,57,1
CUST_003958,2024-12-14,15,145.46,Quarterly,16,6,2,5,ACH,666,79,0
CUST_003959,2021-09-13,3,32.56,Monthly,7,10,2,6,Credit Card,1403,80,1
CUST_003960,2025-11-05,29,103.12,Monthly,10,8,0,10,PayPal,1150,92,1
CUST_003961,2025-12-22,6,37.1,Annual,6,6,2,1,Credit Card,1754,59,1
CUST_003962,2022-04-15,17,39.07,Monthly,5,5,1,7,ACH,711,85,1
CUST_003963,2025-05-20,26,60.29,Annual,4,11,1,9,Invoice,1164,89,1
CUST_003964,2024-11-09,21,84.47,Monthly,8,13,2,6,ACH,388,77,0
CUST_003965,2024-03-22,8,11.72,Quarterly,6,14,1,10,Credit Card,1246,91,1
CUST_003966,2022-06-03,21,54.97,Monthly,7,10,5,4,Invoice,1309,75,1
CUST_003967,2026-02-16,57,20.33,Monthly,8,14,3,7,ACH,309,86,1
CUST_003968,2024-10-01,11,31.23,Annual,10,16,4,4,Credit Card,280,69,0
CUST_003969,2023-12-31,38,31.38,Monthly,8,16,2,9,ACH,1167,89,1
CUST_003970,2022-03-09,8,41.66,Monthly,8,10,1,8,PayPal,832,85,1
CUST_003971,2025-10-21,42,30.33,Monthly,10,13,0,1,ACH,1078,42,1
CUST_003972,2023-02-02,24,15.68,Monthly,14,13,2,3,PayPal,1691,62,1
CUST_003973,2025-05-21,35,17.87,Annual,9,14,5,1,Invoice,300,56,0
CUST_003974,2023-09-25,55,11.7,Annual,11,15,2,1,Invoice,56,50,0
CUST_003975,2022-07-18,14,41.77,Annual,6,11,4,7,Invoice,428,89,1
CUST_003976,2021-06-05,55,164.44,Annual,6,6,3,7,PayPal,1561,94,0
CUST_003977,2021-12-07,14,16.15,Monthly,14,13,3,9,Credit Card,813,97,1
CUST_003978,2023-04-18,10,156.18,Monthly,10,3,4,1,ACH,1371,67,0
CUST_003979,2022-10-25,12,76.09,Annual,7,5,2,2,Credit Card,1435,65,0
CUST_003980,2025-10-01,38,60.74,Quarterly,14,11,1,9,Invoice,469,89,1
CUST_003981,2021-09-17,44,61.82,Monthly,10,10,3,9,Invoice,1075,100,0
CUST_003982,2021-07-22,55,97.64,Monthly,8,13,1,10,Invoice,756,92,1
CUST_003983,2024-10-07,46,15.65,Monthly,9,11,1,2,ACH,222,54,0
CUST_003984,2024-03-14,34,45.14,Annual,9,4,4,4,PayPal,856,81,1
CUST_003985,2025-08-14,41,69.72,Annual,4,18,1,7,Invoice,1320,72,1
CUST_003986,2024-05-03,10,54.19,Monthly,4,5,2,1,ACH,1183,60,1
CUST_003987,2025-07-24,58,99.42,Annual,8,14,3,2,Credit Card,378,61,1
CUST_003988,2021-10-04,17,13.75,Monthly,10,9,5,5,Credit Card,1239,81,1
CUST_003989,2022-04-03,17,68.67,Monthly,11,10,3,10,PayPal,724,100,1
CUST_003990,2022-06-29,3,48.18,Quarterly,10,7,3,2,Invoice,1679,68,1
CUST_003991,2025-05-06,31,33.83,Monthly,10,12,4,6,Invoice,672,83,0
CUST_003992,2022-04-21,51,30.8,Monthly,7,7,5,1,Invoice,394,63,1
CUST_003993,2025-02-16,1,58.49,Quarterly,6,13,3,6,PayPal,1642,82,1
CUST_003994,2026-01-30,12,120.82,Quarterly,5,9,1,5,Invoice,1759,71,1
CUST_003995,2021-10-31,39,44.28,Annual,8,4,1,9,Credit Card,121,96,1
CUST_003996,2024-04-10,4,97.07,Monthly,6,8,1,8,PayPal,1631,87,1
CUST_003997,2023-12-18,42,35.72,Monthly,4,19,2,8,PayPal,1822,81,1
CUST_003998,2022-05-16,13,15.4,Quarterly,11,11,1,10,Invoice,1546,94,1
CUST_003999,2025-12-12,34,13.17,Annual,8,14,2,9,Credit Card,877,91,0
CUST_004000,2022-09-26,42,12.63,Quarterly,7,10,0,5,Credit Card,1374,65,1
CUST_004001,2022-05-08,21,33.91,Monthly,10,9,2,10,Credit Card,1685,100,1
CUST_004002,2024-04-14,22,30.57,Monthly,12,9,0,10,Invoice,828,91,1
CUST_004003,2021-08-24,57,73.28,Quarterly,12,7,1,7,Credit Card,137,83,1
CUST_004004,2024-07-19,4,77.9,Annual,9,10,1,3,Credit Card,1689,60,0
CUST_004005,2024-06-01,18,12.61,Monthly,6,8,2,6,Invoice,1789,82,0
CUST_004006,2023-08-09,5,22.5,Monthly,6,9,0,8,PayPal,1432,81,0
CUST_004007,2026-03-15,19,26.03,Monthly,3,7,3,4,Invoice,669,78,0
CUST_004008,2022-09-15,2,49.66,Monthly,4,7,2,10,Invoice,1303,100,1
CUST_004009,2023-12-04,12,17.8,Monthly,10,10,4,1,ACH,47,60,1
CUST_004010,2023-01-05,17,17.19,Monthly,16,19,2,3,ACH,203,56,1
CUST_004011,2023-02-28,10,153.93,Annual,5,10,2,7,ACH,1591,85,1
CUST_004012,2024-10-25,34,91.53,Monthly,6,9,2,10,PayPal,565,100,1
CUST_004013,2025-03-25,6,19.96,Quarterly,9,8,1,6,Credit Card,1734,77,1
CUST_004014,2023-11-23,8,36.09,Monthly,6,10,3,1,Invoice,1421,60,0
CUST_004015,2023-12-20,51,31.97,Annual,4,7,3,6,Invoice,1339,88,0
CUST_004016,2024-09-08,11,88.27,Monthly,7,8,3,6,PayPal,293,87,1
CUST_004017,2025-05-27,57,45.69,Annual,8,15,0,2,Invoice,1633,45,1
CUST_004018,2021-06-17,12,16.84,Quarterly,13,8,2,6,Credit Card,1227,82,0
CUST_004019,2024-05-29,9,77.16,Quarterly,7,12,1,9,PayPal,1241,88,0
CUST_004020,2025-06-19,2,35.28,Annual,8,9,2,8,PayPal,715,91,1
CUST_004021,2024-08-23,8,25.25,Monthly,7,16,2,3,PayPal,1270,59,1
CUST_004022,2022-07-16,58,33.54,Quarterly,5,12,4,3,ACH,1527,68,1
CUST_004023,2025-04-16,11,44.43,Quarterly,6,7,1,5,PayPal,615,73,1
CUST_004024,2025-09-12,53,31.01,Quarterly,8,8,2,7,PayPal,1566,87,1
CUST_004025,2022-08-04,36,23.85,Monthly,6,12,0,1,PayPal,508,43,1
CUST_004026,2022-01-11,10,35.42,Quarterly,9,9,7,3,PayPal,603,71,1
CUST_004027,2024-02-06,21,10.97,Monthly,7,10,2,6,PayPal,459,80,0
CUST_004028,2024-10-27,20,84.03,Monthly,9,7,5,2,PayPal,432,68,1
CUST_004029,2022-01-31,48,19.37,Monthly,16,12,3,2,Credit Card,544,63,1
CUST_004030,2023-12-29,8,12.24,Monthly,10,9,1,5,PayPal,1523,71,1
CUST_004031,2024-02-04,36,63.02,Annual,11,12,2,5,Credit Card,899,73,0
CUST_004032,2021-12-20,29,84.35,Quarterly,2,9,4,3,Credit Card,1156,61,0
CUST_004033,2025-11-01,42,94.05,Annual,6,6,2,10,PayPal,887,100,1
CUST_004034,2023-06-03,12,44.01,Annual,8,16,1,4,Invoice,1044,59,1
CUST_004035,2022-01-09,14,21.49,Annual,6,8,3,5,Invoice,1686,82,0
CUST_004036,2025-04-01,48,76.82,Annual,10,10,3,10,Invoice,620,100,0
CUST_004037,2021-08-09,54,70.15,Monthly,8,12,1,6,Invoice,1372,73,1
CUST_004038,2024-03-15,50,24.14,Quarterly,7,6,4,5,PayPal,874,84,1
CUST_004039,2022-03-07,21,126.86,Annual,3,13,4,9,ACH,1433,97,1
CUST_004040,2021-09-23,22,15.51,Annual,5,12,5,6,Invoice,943,83,0
CUST_004041,2023-11-08,21,212.82,Annual,13,10,4,10,Invoice,98,100,1
CUST_004042,2022-08-15,44,108.39,Quarterly,4,9,2,2,ACH,600,61,0
CUST_004043,2025-12-27,50,68.22,Monthly,11,11,4,5,Credit Card,1481,79,1
CUST_004044,2022-01-02,30,149.64,Monthly,12,9,4,10,ACH,266,100,1
CUST_004045,2022-01-03,39,74.06,Annual,14,10,1,9,ACH,1277,90,1
CUST_004046,2026-05-02,20,20.56,Monthly,13,11,3,1,Invoice,206,59,1
CUST_004047,2023-01-27,24,39.18,Quarterly,11,12,3,10,ACH,1552,100,0
CUST_004048,2021-11-01,23,13.71,Monthly,4,13,1,1,ACH,897,47,1
CUST_004049,2026-04-14,7,34.69,Monthly,6,9,2,4,ACH,536,71,0
CUST_004050,2022-08-16,9,77.66,Quarterly,10,14,3,7,Invoice,908,86,1
CUST_004051,2024-09-26,1,34.42,Monthly,11,12,2,9,ACH,274,93,1
CUST_004052,2025-02-01,26,30.05,Annual,4,13,1,2,PayPal,981,52,0
CUST_004053,2023-09-19,38,55.24,Monthly,4,16,1,9,Invoice,945,84,1
CUST_004054,2023-03-27,38,112.87,Monthly,5,11,3,4,Invoice,1205,74,1
CUST_004055,2022-10-19,54,12.44,Annual,7,9,1,1,ACH,1004,51,1
CUST_004056,2025-02-12,44,34.34,Monthly,7,9,1,7,Invoice,453,81,0
CUST_004057,2022-11-16,22,18.61,Quarterly,8,8,4,5,Credit Card,1623,82,0
CUST_004058,2022-09-16,44,69.43,Annual,6,10,2,1,ACH,948,55,0
CUST_004059,2024-09-08,10,15.59,Monthly,9,11,3,1,Invoice,582,59,1
CUST_004060,2026-01-20,55,64.65,Annual,10,7,1,10,ACH,1496,98,0
CUST_004061,2023-08-19,58,26.86,Annual,6,13,3,2,ACH,683,62,1
CUST_004062,2022-11-06,6,21.09,Monthly,14,11,0,7,ACH,1542,74,1
CUST_004063,2022-04-17,17,147.72,Monthly,8,8,3,7,Credit Card,72,92,1
CUST_004064,2024-11-29,51,10.93,Monthly,6,16,2,3,Invoice,132,59,1
CUST_004065,2023-02-11,50,38.79,Annual,6,14,1,2,PayPal,1448,51,1
CUST_004066,2023-12-26,38,11.09,Annual,9,12,1,10,Credit Card,1139,93,1
CUST_004067,2025-11-10,24,43.04,Annual,12,11,1,8,Credit Card,1152,84,0
CUST_004068,2022-08-05,51,44.76,Annual,12,11,2,7,PayPal,444,84,0
CUST_004069,2021-09-12,10,29.41,Annual,7,7,2,9,Credit Card,46,98,0
CUST_004070,2023-08-02,56,17.09,Annual,4,10,3,9,Credit Card,367,100,1
CUST_004071,2025-02-26,8,33.61,Annual,8,9,2,1,ACH,264,56,0
CUST_004072,2024-05-06,21,65.78,Monthly,9,4,3,2,PayPal,722,71,1
CUST_004073,2021-08-24,56,86.25,Quarterly,8,7,2,7,PayPal,75,88,1
CUST_004074,2021-08-26,6,47.83,Annual,11,11,2,8,Invoice,650,89,1
CUST_004075,2024-01-04,21,54.56,Quarterly,7,6,2,6,Credit Card,1259,84,0
CUST_004076,2021-09-24,57,21.2,Annual,16,6,2,5,Invoice,694,79,1
CUST_004077,2022-08-24,39,26.94,Monthly,8,7,4,6,PayPal,438,88,1
CUST_004078,2023-08-17,24,18.83,Annual,5,6,1,2,PayPal,1748,59,1
CUST_004079,2021-09-09,33,24.34,Monthly,9,11,2,9,PayPal,1178,94,1
CUST_004080,2024-08-02,59,22.74,Annual,11,7,2,10,PayPal,1715,100,1
CUST_004081,2025-03-09,18,46.64,Monthly,10,9,1,4,PayPal,1271,66,1
CUST_004082,2024-09-16,56,51.36,Quarterly,9,13,0,9,ACH,1223,82,0
CUST_004083,2025-01-03,28,154.97,Annual,6,13,1,8,Credit Card,41,82,0
CUST_004084,2021-09-23,57,20.88,Annual,8,13,7,10,PayPal,584,100,1
CUST_004085,2021-06-23,52,61.32,Monthly,11,8,1,4,Invoice,1603,67,0
CUST_004086,2025-03-17,32,94.98,Quarterly,6,12,0,5,Credit Card,546,63,0
CUST_004087,2023-10-10,12,51.08,Quarterly,9,15,3,10,PayPal,851,100,0
CUST_004088,2023-04-21,48,24.72,Annual,6,13,3,7,PayPal,1522,87,0
CUST_004089,2023-03-23,42,25.23,Monthly,6,9,0,5,PayPal,1454,66,0
CUST_004090,2021-07-07,27,12.0,Annual,10,9,2,2,ACH,1554,61,1
CUST_004091,2025-06-05,10,28.22,Monthly,8,6,0,8,PayPal,829,84,1
CUST_004092,2022-07-01,46,78.25,Annual,6,7,4,10,ACH,1371,100,0
CUST_004093,2021-06-19,57,12.43,Monthly,6,8,2,8,ACH,1599,92,0
CUST_004094,2024-07-17,52,22.38,Annual,8,5,0,8,ACH,1752,85,1
CUST_004095,2026-03-23,42,71.25,Annual,5,7,3,10,PayPal,1799,100,1
CUST_004096,2021-06-04,32,86.31,Monthly,11,10,2,8,Credit Card,1122,90,1
CUST_004097,2023-09-17,42,40.38,Monthly,11,15,1,6,Invoice,1655,70,1
CUST_004098,2026-01-18,26,69.88,Quarterly,3,10,3,10,Invoice,929,100,1
CUST_004099,2025-10-13,25,34.55,Monthly,6,9,2,2,Credit Card,1162,61,1
CUST_004100,2025-02-07,11,18.71,Annual,8,12,2,4,ACH,1777,68,1
CUST_004101,2022-10-21,23,35.39,Monthly,6,11,0,2,Invoice,1020,49,1
CUST_004102,2023-11-05,34,53.37,Monthly,13,9,3,2,Invoice,1299,66,1
CUST_004103,2025-10-05,57,157.88,Monthly,7,15,2,9,Invoice,1047,90,1
CUST_004104,2024-10-17,52,13.56,Annual,5,11,5,9,ACH,1381,99,0
CUST_004105,2023-03-18,40,45.4,Monthly,10,11,0,5,Credit Card,1379,64,0
CUST_004106,2024-05-20,23,29.94,Quarterly,14,12,1,3,Invoice,1262,58,1
CUST_004107,2022-07-02,29,45.5,Annual,5,7,1,9,Credit Card,1416,93,1
CUST_004108,2022-01-09,31,11.21,Monthly,2,8,1,7,ACH,1270,72,1
CUST_004109,2022-01-20,7,28.77,Annual,6,7,0,4,PayPal,1441,63,0
CUST_004110,2024-03-23,40,95.7,Monthly,6,9,1,3,Invoice,427,61,0
CUST_004111,2023-04-21,33,50.37,Annual,9,10,3,8,Invoice,1006,95,1
CUST_004112,2025-02-03,21,39.94,Monthly,12,15,1,6,Credit Card,217,70,1
CUST_004113,2024-07-05,2,26.81,Monthly,11,10,0,4,ACH,492,60,1
CUST_004114,2024-08-12,18,27.69,Annual,10,10,2,9,Credit Card,758,95,0
CUST_004115,2022-02-15,47,34.15,Quarterly,6,9,1,1,PayPal,80,51,0
CUST_004116,2021-11-16,33,100.26,Monthly,12,6,1,5,PayPal,426,74,1
CUST_004117,2021-09-04,37,180.89,Quarterly,8,8,2,3,Credit Card,256,67,0
CUST_004118,2025-04-11,34,38.87,Monthly,8,9,0,2,Credit Card,1767,51,1
CUST_004119,2022-07-29,20,34.99,Quarterly,10,12,3,5,PayPal,133,78,0
CUST_004120,2025-07-11,35,103.72,Annual,8,6,2,3,PayPal,59,69,1
CUST_004121,2025-08-18,51,37.84,Monthly,6,8,0,7,ACH,239,77,0
CUST_004122,2023-04-24,50,50.15,Monthly,6,7,2,1,Credit Card,790,58,1
CUST_004123,2025-08-08,54,23.13,Monthly,7,10,2,5,Credit Card,608,75,1
CUST_004124,2025-03-10,18,78.03,Monthly,4,13,5,7,ACH,1583,87,1
CUST_004125,2025-09-10,46,47.96,Monthly,4,4,0,6,Credit Card,1330,76,1
CUST_004126,2022-09-06,24,92.78,Annual,12,11,1,2,ACH,886,54,1
CUST_004127,2023-08-21,8,85.87,Quarterly,9,7,0,5,PayPal,1097,68,1
CUST_004128,2022-07-22,30,22.1,Monthly,11,7,0,3,Invoice,1622,58,0
CUST_004129,2022-12-13,44,72.87,Annual,9,10,1,2,Invoice,725,55,0
CUST_004130,2024-10-06,53,90.49,Annual,7,3,4,8,PayPal,1413,100,0
CUST_004131,2026-03-15,10,31.24,Quarterly,6,16,1,2,PayPal,1612,49,0
CUST_004132,2023-03-09,23,19.47,Annual,9,8,3,4,Invoice,932,77,0
CUST_004133,2025-09-22,52,10.13,Annual,7,7,2,8,ACH,1276,93,1
CUST_004134,2023-10-25,49,39.97,Monthly,5,9,0,10,ACH,1536,91,0
CUST_004135,2022-10-08,11,31.73,Monthly,7,13,0,9,Invoice,482,82,0
CUST_004136,2022-06-01,2,50.47,Monthly,9,7,4,6,PayPal,486,88,1
CUST_004137,2022-02-24,58,20.42,Monthly,7,13,2,5,ACH,478,72,0
CUST_004138,2022-09-23,26,108.19,Monthly,4,12,0,4,ACH,48,58,0
CUST_004139,2025-07-30,36,24.9,Annual,5,16,6,1,PayPal,1222,54,0
CUST_004140,2022-05-02,33,22.84,Monthly,11,5,1,10,PayPal,276,100,1
CUST_004141,2023-03-29,47,42.77,Annual,4,8,2,5,Invoice,1149,77,1
CUST_004142,2021-09-24,13,44.54,Monthly,6,7,7,4,ACH,95,78,1
CUST_004143,2025-03-09,40,22.11,Quarterly,6,6,2,6,Invoice,430,84,1
CUST_004144,2024-08-30,25,25.86,Quarterly,5,10,3,6,Credit Card,471,85,1
CUST_004145,2022-05-11,4,19.3,Monthly,9,6,3,7,ACH,1408,94,1
CUST_004146,2025-04-23,42,73.37,Monthly,8,11,2,4,Invoice,1693,69,0
CUST_004147,2026-02-19,19,83.5,Annual,8,14,2,1,Invoice,1249,51,0
CUST_004148,2021-10-18,18,41.03,Monthly,4,11,3,3,Credit Card,1740,69,0
CUST_004149,2023-06-14,37,72.6,Monthly,4,11,2,9,Credit Card,1246,94,1
CUST_004150,2023-01-07,30,76.58,Monthly,10,10,3,5,PayPal,1195,80,1
CUST_004151,2022-07-15,19,17.44,Quarterly,4,13,2,3,ACH,1386,62,0
CUST_004152,2022-04-19,58,179.33,Quarterly,6,18,1,8,Invoice,1421,77,1
CUST_004153,2025-10-20,23,96.03,Annual,8,4,0,1,ACH,941,51,1
CUST_004154,2023-02-08,59,21.44,Annual,10,14,1,4,Credit Card,574,61,0
CUST_004155,2023-01-23,54,20.3,Quarterly,12,7,1,3,ACH,1664,63,1
CUST_004156,2024-01-07,16,16.71,Quarterly,6,18,3,2,Invoice,930,57,1
CUST_004157,2023-06-03,1,17.45,Quarterly,6,10,3,2,PayPal,469,65,1
CUST_004158,2023-05-12,12,78.95,Monthly,7,5,4,5,ACH,284,85,0
CUST_004159,2026-04-10,24,41.71,Monthly,10,10,2,7,Invoice,1602,85,1
CUST_004160,2025-05-08,34,86.38,Annual,9,8,1,9,PayPal,1705,92,0
CUST_004161,2023-04-30,53,78.57,Annual,6,5,1,5,Invoice,396,75,1
CUST_004162,2024-10-20,57,56.39,Monthly,14,14,3,2,ACH,1028,61,1
CUST_004163,2024-06-30,8,67.98,Monthly,11,7,0,4,PayPal,1758,63,0
CUST_004164,2023-03-18,18,10.93,Quarterly,9,9,2,4,Credit Card,578,71,1
CUST_004165,2021-11-09,57,28.68,Quarterly,7,13,2,6,ACH,367,77,0
CUST_004166,2022-06-29,48,60.78,Monthly,7,8,2,2,Credit Card,990,62,0
CUST_004167,2024-06-23,5,10.47,Quarterly,6,4,1,3,Invoice,1356,66,0
CUST_004168,2022-09-27,26,11.68,Annual,16,15,2,6,Credit Card,1444,75,1
CUST_004169,2025-02-17,30,105.49,Quarterly,7,9,2,4,ACH,52,71,1
CUST_004170,2021-09-14,54,67.6,Monthly,12,12,2,6,Invoice,814,78,0
CUST_004171,2023-10-13,13,25.42,Monthly,7,18,3,6,ACH,1735,77,0
CUST_004172,2026-04-26,19,68.23,Monthly,10,8,2,3,Credit Card,603,67,1
CUST_004173,2022-12-30,29,88.62,Monthly,4,9,0,7,PayPal,900,76,1
CUST_004174,2025-03-08,3,28.32,Annual,10,7,1,4,ACH,1037,68,1
CUST_004175,2021-12-23,26,11.84,Monthly,7,7,4,7,PayPal,1411,93,1
CUST_004176,2024-01-21,40,144.99,Quarterly,4,10,2,9,PayPal,211,95,1
CUST_004177,2023-01-02,59,31.17,Monthly,7,13,5,3,PayPal,713,67,1
CUST_004178,2024-10-21,58,15.63,Monthly,9,9,2,9,ACH,60,96,0
CUST_004179,2023-02-16,58,43.85,Annual,7,15,4,2,ACH,1480,60,0
CUST_004180,2021-09-13,12,83.15,Annual,11,10,0,5,Credit Card,39,65,0
CUST_004181,2022-12-24,2,22.53,Monthly,7,14,3,4,ACH,388,71,1
CUST_004182,2022-04-26,11,25.7,Annual,6,9,4,10,Invoice,663,100,0
CUST_004183,2023-11-01,44,23.9,Annual,12,6,1,7,Invoice,1815,84,1
CUST_004184,2022-05-21,28,249.41,Annual,7,9,1,7,ACH,681,81,1
CUST_004185,2022-05-13,18,21.0,Annual,8,14,3,3,ACH,793,66,1
CUST_004186,2023-07-31,13,52.84,Monthly,7,8,3,4,Invoice,574,77,0
CUST_004187,2022-03-22,37,139.69,Annual,8,10,2,7,Credit Card,841,85,1
CUST_004188,2022-03-26,22,17.94,Quarterly,10,14,3,3,PayPal,958,66,0
CUST_004189,2025-12-28,12,186.77,Monthly,6,8,3,1,ACH,1738,62,0
CUST_004190,2025-04-03,2,157.33,Monthly,9,12,2,2,PayPal,521,58,0
CUST_004191,2024-02-06,37,117.96,Quarterly,2,10,3,5,ACH,588,70,1
CUST_004192,2023-12-04,7,22.08,Monthly,8,10,4,5,ACH,869,80,0
CUST_004193,2024-10-04,26,60.26,Monthly,5,13,1,8,ACH,617,82,0
CUST_004194,2025-06-12,26,81.54,Quarterly,12,20,2,3,ACH,1234,55,1
CUST_004195,2022-06-17,24,223.53,Monthly,7,6,1,9,Credit Card,696,94,1
CUST_004196,2023-10-16,12,19.95,Monthly,8,10,2,5,Credit Card,1672,75,1
CUST_004197,2021-08-25,16,82.63,Quarterly,9,10,2,10,PayPal,1026,100,1
CUST_004198,2021-10-24,23,30.69,Quarterly,10,16,1,3,ACH,1496,54,0
CUST_004199,2022-04-30,40,19.66,Monthly,7,13,4,8,ACH,512,92,1
CUST_004200,2022-12-22,9,37.36,Annual,7,8,3,2,ACH,632,67,0
CUST_004201,2022-03-15,32,88.95,Quarterly,11,8,2,8,Credit Card,1384,92,0
CUST_004202,2024-01-21,15,41.26,Annual,12,6,2,9,PayPal,1743,99,1
CUST_004203,2023-06-13,37,48.56,Monthly,10,11,0,8,PayPal,231,79,0
CUST_004204,2022-06-21,13,276.54,Monthly,8,14,1,10,ACH,689,91,1
CUST_004205,2021-10-27,5,35.47,Monthly,13,8,3,1,Invoice,126,62,0
CUST_004206,2022-05-06,11,57.78,Quarterly,3,7,4,9,ACH,916,100,0
CUST_004207,2024-01-17,10,32.73,Quarterly,10,8,4,1,ACH,1749,62,1
CUST_004208,2023-10-20,52,34.94,Quarterly,6,11,7,9,ACH,47,99,0
CUST_004209,2022-07-03,13,69.48,Quarterly,9,11,1,10,PayPal,1005,94,1
CUST_004210,2022-08-04,41,148.94,Annual,3,16,0,2,Invoice,734,44,1
CUST_004211,2025-02-14,53,49.08,Monthly,8,15,2,8,Invoice,1796,85,1
CUST_004212,2021-12-12,46,83.14,Annual,8,12,1,9,Invoice,1388,88,1
CUST_004213,2026-02-17,50,14.67,Annual,10,9,1,6,Invoice,1314,76,1
CUST_004214,2024-10-23,15,21.86,Annual,4,5,5,6,Invoice,300,90,1
CUST_004215,2021-09-16,42,44.87,Monthly,3,10,2,3,ACH,1755,65,1
CUST_004216,2023-02-09,56,11.01,Quarterly,4,17,0,10,Invoice,1651,83,1
CUST_004217,2022-05-10,7,24.57,Monthly,10,12,2,9,Invoice,707,93,1
CUST_004218,2025-05-05,40,46.43,Monthly,4,13,4,8,Credit Card,1098,92,0
CUST_004219,2025-02-09,28,10.75,Annual,6,10,1,2,ACH,502,55,1
CUST_004220,2022-11-22,32,25.36,Annual,6,11,1,5,ACH,602,69,1
CUST_004221,2021-12-28,35,46.08,Monthly,6,18,1,7,Invoice,510,72,1
CUST_004222,2025-08-14,15,52.57,Quarterly,12,10,1,1,Invoice,1560,50,0
CUST_004223,2025-12-29,48,140.02,Monthly,7,14,0,8,PayPal,1628,76,1
CUST_004224,2023-11-04,36,61.83,Monthly,9,14,2,3,Invoice,729,61,0
CUST_004225,2025-08-31,21,36.78,Monthly,7,11,1,10,ACH,807,94,1
CUST_004226,2024-11-07,6,143.21,Annual,3,10,1,2,Invoice,1355,55,1
CUST_004227,2025-01-03,1,86.83,Quarterly,9,17,2,7,PayPal,1554,78,1
CUST_004228,2026-01-01,4,21.16,Quarterly,4,10,3,5,Credit Card,656,80,1
CUST_004229,2025-12-29,11,17.01,Quarterly,6,8,1,8,ACH,291,87,1
CUST_004230,2022-01-11,44,66.32,Monthly,6,7,1,1,Invoice,1510,53,1
CUST_004231,2025-11-14,26,51.04,Monthly,11,12,3,9,Credit Card,329,98,1
CUST_004232,2025-12-30,37,87.95,Annual,3,9,2,6,Credit Card,363,81,1
CUST_004233,2023-06-09,23,77.12,Monthly,10,8,4,8,Credit Card,920,97,1
CUST_004234,2023-04-18,29,59.07,Quarterly,12,8,0,6,PayPal,665,72,1
CUST_004235,2024-07-26,21,224.82,Annual,7,9,2,7,ACH,377,86,1
CUST_004236,2021-08-05,48,48.13,Quarterly,11,8,5,8,PayPal,1554,97,0
CUST_004237,2024-03-08,45,16.0,Monthly,8,15,0,9,ACH,1391,80,1
CUST_004238,2025-10-14,45,98.09,Monthly,11,7,1,4,Invoice,1340,68,0
CUST_004239,2025-04-29,49,24.51,Annual,6,10,2,3,Invoice,1344,65,1
CUST_004240,2024-02-26,27,85.1,Monthly,8,6,1,10,PayPal,1088,99,1
CUST_004241,2026-02-15,39,167.45,Annual,10,7,0,10,Invoice,1537,93,0
CUST_004242,2026-03-05,40,69.67,Monthly,8,6,4,2,ACH,944,69,0
CUST_004243,2025-02-26,13,55.32,Monthly,8,7,1,2,ACH,1598,58,1
CUST_004244,2024-08-03,23,40.85,Monthly,4,8,0,4,PayPal,764,62,0
CUST_004245,2022-03-01,59,32.66,Monthly,5,5,2,8,PayPal,246,95,0
CUST_004246,2026-01-14,16,31.77,Annual,6,12,4,6,ACH,1036,83,1
CUST_004247,2021-07-08,30,60.58,Monthly,15,8,4,3,Credit Card,537,72,1
CUST_004248,2023-07-30,4,79.57,Monthly,8,6,2,4,Credit Card,924,74,1
CUST_004249,2022-10-09,40,66.74,Monthly,7,8,3,3,ACH,216,72,1
CUST_004250,2026-02-24,16,21.06,Monthly,5,7,5,3,Invoice,1612,73,1
CUST_004251,2023-05-06,31,44.06,Monthly,10,12,1,9,Credit Card,1675,88,1
CUST_004252,2023-01-30,53,88.42,Monthly,9,7,2,3,Invoice,797,68,0
CUST_004253,2022-03-12,42,42.28,Annual,11,12,2,2,ACH,1636,58,1
CUST_004254,2025-07-02,25,48.46,Annual,6,12,3,2,Invoice,481,63,0
CUST_004255,2024-06-28,44,83.73,Annual,7,3,3,8,Credit Card,1046,100,1
CUST_004256,2025-05-03,12,64.13,Quarterly,7,8,5,10,Invoice,1160,100,1
CUST_004257,2024-02-02,26,36.33,Monthly,9,15,4,3,Credit Card,1695,65,1
CUST_004258,2022-06-30,37,122.89,Annual,4,14,1,10,Credit Card,537,91,0
CUST_004259,2025-05-25,48,18.87,Quarterly,8,3,1,10,ACH,182,100,0
CUST_004260,2023-09-29,33,280.37,Monthly,13,11,4,9,Invoice,959,99,1
CUST_004261,2023-11-16,28,16.33,Annual,10,5,1,3,Credit Card,1284,65,1
CUST_004262,2022-01-06,9,10.75,Monthly,1,10,2,10,ACH,1553,80,1
CUST_004263,2022-07-25,12,120.37,Monthly,6,16,3,2,Credit Card,1410,59,0
CUST_004264,2022-05-24,5,24.05,Annual,10,9,0,8,ACH,1234,81,0
CUST_004265,2023-03-27,54,75.41,Monthly,4,10,2,6,Credit Card,54,80,1
CUST_004266,2021-12-28,52,93.3,Monthly,11,11,3,4,Credit Card,1818,74,1
CUST_004267,2024-04-01,54,107.94,Monthly,11,8,2,1,PayPal,691,57,0
CUST_004268,2022-03-04,28,248.94,Monthly,11,10,1,10,PayPal,910,95,1
CUST_004269,2025-05-27,56,27.41,Monthly,9,7,3,6,ACH,1474,88,0
CUST_004270,2023-10-04,35,71.94,Annual,10,7,3,7,ACH,1182,93,1
CUST_004271,2025-04-15,5,16.13,Annual,9,10,5,8,ACH,189,95,0
CUST_004272,2023-08-03,34,36.11,Annual,17,7,2,7,Invoice,1037,88,1
CUST_004273,2022-01-27,46,104.18,Monthly,9,11,0,2,ACH,492,49,1
CUST_004274,2025-07-07,34,32.92,Quarterly,13,8,3,3,PayPal,1357,72,0
CUST_004275,2025-12-15,13,54.71,Annual,7,14,1,1,ACH,747,46,1
CUST_004276,2025-05-09,39,45.04,Monthly,10,12,1,4,ACH,1444,63,1
CUST_004277,2024-01-18,42,61.92,Quarterly,10,14,5,5,Credit Card,352,76,0
CUST_004278,2022-03-02,45,190.4,Annual,10,4,1,9,Invoice,95,96,1
CUST_004279,2022-06-24,48,12.87,Annual,4,12,4,1,ACH,1812,58,1
CUST_004280,2021-11-17,58,52.66,Monthly,4,12,0,7,PayPal,1238,73,0
CUST_004281,2022-10-07,14,109.4,Monthly,5,10,2,4,Invoice,1426,70,1
CUST_004282,2021-10-15,11,42.83,Quarterly,5,7,1,8,ACH,321,88,0
CUST_004283,2025-01-05,42,14.09,Annual,5,10,2,10,Invoice,1658,100,1
CUST_004284,2023-11-06,38,51.11,Annual,6,7,3,2,Credit Card,1127,68,0
CUST_004285,2023-03-25,4,30.18,Annual,6,12,2,5,Invoice,1322,73,1
CUST_004286,2023-12-19,53,18.42,Quarterly,13,8,4,2,Credit Card,1540,67,1
CUST_004287,2025-12-15,33,104.54,Monthly,7,5,1,2,ACH,1297,60,1
CUST_004288,2023-08-11,7,46.87,Annual,11,10,1,7,PayPal,1174,80,1
CUST_004289,2025-02-22,56,145.36,Monthly,9,9,2,4,Credit Card,368,71,1
CUST_004290,2024-12-10,41,92.0,Annual,9,11,1,9,Invoice,457,89,1
CUST_004291,2025-08-03,8,69.04,Annual,3,9,1,10,Credit Card,1775,96,0
CUST_004292,2023-04-06,37,10.25,Monthly,12,14,1,2,PayPal,1115,51,1
CUST_004293,2021-06-10,51,37.92,Annual,4,12,3,7,Credit Card,716,88,1
CUST_004294,2026-01-19,10,21.0,Monthly,10,12,2,8,ACH,187,88,0
CUST_004295,2022-12-12,43,130.84,Monthly,3,9,2,1,ACH,1254,56,1
CUST_004296,2021-06-13,57,19.59,Monthly,6,3,0,1,Credit Card,1039,52,1
CUST_004297,2021-09-18,15,26.85,Monthly,6,9,0,7,PayPal,1216,76,0
CUST_004298,2024-04-01,38,46.37,Monthly,6,10,2,5,Invoice,1360,75,1
CUST_004299,2024-03-07,15,25.28,Monthly,5,13,2,7,Credit Card,1618,82,1
CUST_004300,2025-11-19,5,21.78,Annual,3,9,3,1,Invoice,1538,61,1
CUST_004301,2023-08-08,29,55.7,Annual,11,6,4,9,PayPal,935,100,0
CUST_004302,2024-11-29,19,14.66,Annual,8,10,0,2,Credit Card,968,50,0
CUST_004303,2022-10-03,54,13.0,Monthly,10,13,4,5,ACH,900,77,0
CUST_004304,2024-12-02,51,33.28,Quarterly,5,8,2,4,PayPal,798,72,0
CUST_004305,2024-07-15,10,73.77,Annual,9,8,1,5,Invoice,1311,72,1
CUST_004306,2024-08-28,12,50.46,Monthly,14,11,0,9,ACH,642,84,1
CUST_004307,2025-11-20,54,37.48,Quarterly,8,7,2,5,Credit Card,674,78,1
CUST_004308,2021-09-23,4,51.71,Monthly,10,8,0,4,PayPal,701,62,1
CUST_004309,2026-02-28,31,32.74,Annual,6,11,1,4,Credit Card,1418,64,0
CUST_004310,2023-04-14,18,147.56,Monthly,16,14,0,5,Invoice,1404,61,1
CUST_004311,2023-03-19,16,12.82,Monthly,10,11,1,10,Credit Card,836,94,1
CUST_004312,2025-08-09,40,65.95,Quarterly,10,10,5,1,Credit Card,1721,60,1
CUST_004313,2021-08-28,36,120.95,Monthly,9,6,2,9,Invoice,356,99,0
CUST_004314,2022-01-01,25,91.45,Monthly,8,8,3,1,Credit Card,80,62,1
CUST_004315,2023-02-24,23,20.17,Quarterly,9,5,0,7,PayPal,145,80,1
CUST_004316,2025-08-30,12,27.54,Quarterly,10,13,3,4,ACH,1439,72,1
CUST_004317,2021-09-21,34,73.12,Annual,7,15,3,9,Invoice,777,95,0
CUST_004318,2021-06-16,36,14.4,Monthly,6,9,2,10,Invoice,360,100,0
CUST_004319,2025-04-03,37,93.53,Monthly,4,7,2,1,Credit Card,845,58,1
CUST_004320,2022-03-14,3,73.45,Annual,10,6,1,4,Credit Card,240,69,1
CUST_004321,2025-01-12,9,75.39,Monthly,6,13,1,7,PayPal,56,77,1
CUST_004322,2022-02-12,53,15.28,Monthly,4,10,2,2,Invoice,717,60,1
CUST_004323,2023-08-30,18,73.25,Annual,13,10,3,5,PayPal,1012,80,1
CUST_004324,2023-01-11,43,66.94,Monthly,5,14,2,10,Credit Card,1020,96,0
CUST_004325,2023-06-24,35,98.87,Monthly,5,12,5,7,Invoice,541,88,1
CUST_004326,2024-10-22,57,12.12,Monthly,7,9,3,10,ACH,1763,100,1
CUST_004327,2023-07-20,55,11.17,Monthly,8,11,3,10,Credit Card,1486,100,0
CUST_004328,2022-02-05,34,33.34,Monthly,5,20,0,3,PayPal,318,45,1
CUST_004329,2021-12-09,41,18.05,Monthly,9,5,0,8,Credit Card,1076,85,1
CUST_004330,2022-01-31,14,50.87,Monthly,12,13,4,4,Invoice,890,72,0
CUST_004331,2023-12-02,4,134.66,Annual,9,6,1,5,Invoice,645,74,0
CUST_004332,2025-12-07,29,34.84,Quarterly,6,7,1,5,Invoice,1019,73,1
CUST_004333,2024-07-06,41,103.2,Monthly,6,10,0,7,PayPal,667,75,1
CUST_004334,2022-09-13,45,10.01,Annual,9,16,6,8,Credit Card,473,89,0
CUST_004335,2024-08-21,50,19.23,Monthly,8,10,4,1,ACH,1454,60,1
CUST_004336,2021-06-26,15,11.54,Monthly,9,10,2,10,Invoice,159,100,1
CUST_004337,2024-02-03,28,29.89,Monthly,11,10,0,7,Credit Card,324,75,1
CUST_004338,2023-12-21,42,129.4,Annual,8,12,1,8,PayPal,299,83,0
CUST_004339,2024-09-28,16,15.1,Annual,6,9,0,2,PayPal,1730,51,0
CUST_004340,2023-07-15,12,56.62,Annual,5,14,3,1,PayPal,1030,56,0
CUST_004341,2024-06-07,52,40.03,Monthly,8,12,1,9,Invoice,885,88,1
CUST_004342,2021-06-12,5,149.41,Monthly,10,4,1,9,Credit Card,1121,96,0
CUST_004343,2022-11-28,34,16.54,Annual,8,10,0,3,PayPal,1554,55,1
CUST_004344,2023-04-03,42,21.91,Monthly,4,5,4,10,Credit Card,570,100,1
CUST_004345,2021-12-04,1,11.5,Annual,6,7,1,9,PayPal,907,93,1
CUST_004346,2022-05-23,39,38.45,Annual,11,8,0,1,ACH,1527,47,0
CUST_004347,2022-12-10,32,26.27,Annual,9,9,0,1,PayPal,1584,46,1
CUST_004348,2025-03-22,26,111.97,Quarterly,9,7,4,2,PayPal,175,68,1
CUST_004349,2025-03-30,17,56.44,Quarterly,7,6,0,7,Credit Card,1017,79,1
CUST_004350,2024-05-18,48,57.61,Annual,6,6,1,4,ACH,761,69,1
CUST_004351,2024-05-29,59,47.95,Annual,9,10,1,9,PayPal,188,90,1
CUST_004352,2024-04-02,27,14.82,Monthly,10,11,6,6,PayPal,425,84,1
CUST_004353,2024-12-20,24,39.44,Quarterly,7,14,2,8,PayPal,754,86,0
CUST_004354,2021-06-20,35,390.57,Monthly,5,5,2,7,Invoice,1460,90,1
CUST_004355,2022-04-05,46,100.16,Monthly,6,7,1,9,Credit Card,1239,93,1
CUST_004356,2021-08-22,42,121.96,Monthly,8,10,2,10,Invoice,151,100,1
CUST_004357,2023-09-02,54,96.64,Monthly,8,10,1,9,Invoice,174,90,0
CUST_004358,2021-07-13,39,15.44,Annual,8,8,1,2,Invoice,51,57,0
CUST_004359,2026-02-10,26,22.9,Annual,4,11,0,1,PayPal,870,44,1
CUST_004360,2024-09-06,49,10.16,Monthly,8,13,1,9,ACH,803,87,1
CUST_004361,2021-08-26,38,28.09,Monthly,9,9,0,9,ACH,1638,86,1
CUST_004362,2021-06-23,23,15.75,Quarterly,11,12,0,3,ACH,863,53,1
CUST_004363,2024-03-22,22,42.01,Annual,4,9,1,7,Invoice,600,81,1
CUST_004364,2023-11-12,4,66.52,Quarterly,6,8,1,8,PayPal,347,87,1
CUST_004365,2025-05-03,49,113.77,Monthly,9,6,1,2,PayPal,1445,59,1
CUST_004366,2025-11-21,59,79.16,Annual,9,9,6,3,ACH,717,71,1
CUST_004367,2023-05-27,9,149.51,Monthly,13,16,2,7,ACH,1415,79,1
CUST_004368,2024-12-08,4,12.77,Monthly,7,12,4,3,ACH,550,68,1
CUST_004369,2022-08-19,7,10.61,Monthly,11,15,1,9,ACH,539,85,1
CUST_004370,2026-01-07,23,64.14,Monthly,9,12,1,7,PayPal,384,78,0
CUST_004371,2023-10-05,2,27.08,Monthly,5,18,3,9,Invoice,1795,92,1
CUST_004372,2025-05-31,49,24.62,Quarterly,6,7,3,7,Credit Card,946,93,1
CUST_004373,2023-12-04,24,30.09,Monthly,9,6,1,6,PayPal,1603,79,1
CUST_004374,2024-04-26,40,25.72,Monthly,6,15,5,5,ACH,745,75,1
CUST_004375,2024-01-14,55,45.81,Monthly,17,12,1,2,PayPal,392,53,1
CUST_004376,2025-12-07,31,39.0,Monthly,6,12,1,8,Credit Card,267,83,0
CUST_004377,2021-12-16,47,45.92,Annual,10,11,0,4,ACH,198,59,0
CUST_004378,2022-08-25,31,65.85,Monthly,9,11,1,8,Credit Card,779,84,0
CUST_004379,2025-02-14,47,34.48,Annual,7,11,3,6,Invoice,544,84,0
CUST_004380,2024-01-17,40,24.47,Monthly,6,14,2,10,PayPal,565,96,1
CUST_004381,2023-07-01,48,19.09,Annual,12,9,2,6,PayPal,781,81,0
CUST_004382,2023-10-03,51,31.5,Annual,7,8,0,3,Invoice,313,57,0
CUST_004383,2022-03-07,43,77.7,Quarterly,4,9,3,7,Credit Card,411,91,1
CUST_004384,2021-08-12,34,80.67,Quarterly,16,8,2,7,ACH,1370,87,0
CUST_004385,2025-07-20,55,64.97,Annual,8,8,1,5,ACH,1364,72,1
CUST_004386,2024-05-13,24,23.33,Monthly,7,11,1,6,ACH,102,74,1
CUST_004387,2023-03-22,49,54.35,Annual,5,16,2,6,Credit Card,1569,74,0
CUST_004388,2025-01-08,26,52.28,Annual,7,10,6,8,PayPal,376,95,1
CUST_004389,2026-04-11,16,43.11,Quarterly,13,18,1,9,ACH,928,82,1
CUST_004390,2022-07-30,57,49.92,Monthly,11,11,2,6,Invoice,1256,79,0
CUST_004391,2021-07-18,47,43.84,Monthly,11,6,0,3,PayPal,870,59,1
CUST_004392,2024-06-19,13,51.67,Annual,10,9,2,5,PayPal,784,76,1
CUST_004393,2021-12-25,15,72.85,Monthly,7,8,3,1,Credit Card,731,62,1
CUST_004394,2023-11-09,27,15.81,Monthly,5,11,4,1,Invoice,204,59,1
CUST_004395,2025-06-17,4,79.24,Monthly,8,9,2,10,Invoice,1659,100,1
CUST_004396,2025-12-28,16,17.3,Annual,10,14,6,10,PayPal,192,100,1
CUST_004397,2025-07-30,30,13.45,Quarterly,7,8,1,1,PayPal,859,52,1
CUST_004398,2022-12-22,44,196.65,Monthly,8,14,1,9,PayPal,1242,86,0
CUST_004399,2025-10-21,30,167.32,Monthly,9,4,4,10,ACH,510,100,0
CUST_004400,2021-09-01,36,13.12,Monthly,3,8,1,2,PayPal,1452,57,1
CUST_004401,2021-09-18,3,39.28,Monthly,14,8,2,10,ACH,1019,100,1
CUST_004402,2022-01-13,22,20.3,Annual,9,8,1,1,ACH,1640,52,1
CUST_004403,2024-06-06,49,43.21,Annual,8,9,2,5,Credit Card,1489,76,1
CUST_004404,2022-10-01,22,98.65,Monthly,4,12,1,8,ACH,1629,83,1
CUST_004405,2026-03-07,50,160.4,Annual,11,11,2,5,ACH,1237,74,0
CUST_004406,2021-07-10,57,60.29,Annual,6,5,1,5,Credit Card,956,75,0
CUST_004407,2022-09-14,50,31.84,Monthly,9,9,6,10,PayPal,543,100,1
CUST_004408,2023-02-01,55,56.23,Monthly,12,9,2,2,PayPal,1815,61,0
CUST_004409,2026-04-14,49,28.7,Quarterly,6,6,2,7,ACH,356,89,1
CUST_004410,2022-07-09,12,130.3,Monthly,7,13,1,1,Credit Card,602,47,0
CUST_004411,2025-08-12,55,112.17,Annual,9,9,2,2,Credit Card,1750,61,0
CUST_004412,2024-02-29,21,50.85,Monthly,9,9,7,5,Credit Card,385,81,1
CUST_004413,2026-01-10,56,29.64,Annual,12,7,1,7,PayPal,631,83,0
CUST_004414,2022-03-13,4,27.36,Annual,12,12,1,7,Invoice,551,78,1
CUST_004415,2022-08-21,31,11.7,Annual,8,10,4,8,Credit Card,572,95,1
CUST_004416,2024-11-07,44,94.59,Quarterly,8,8,1,6,Credit Card,135,77,1
CUST_004417,2024-07-25,31,39.93,Quarterly,4,8,0,3,ACH,1196,57,0
CUST_004418,2024-10-01,58,29.66,Annual,13,10,5,8,Credit Card,814,95,0
CUST_004419,2023-05-10,23,41.85,Monthly,13,11,2,1,Credit Card,824,54,0
CUST_004420,2022-09-25,54,95.39,Monthly,7,8,1,3,ACH,1235,62,1
CUST_004421,2026-04-08,53,16.65,Annual,11,10,2,8,PayPal,730,90,0
CUST_004422,2022-01-11,20,107.48,Annual,8,12,1,3,Credit Card,1281,58,1
CUST_004423,2026-05-02,15,123.9,Monthly,8,12,4,5,Credit Card,171,78,0
CUST_004424,2023-11-04,23,156.6,Monthly,7,8,3,5,PayPal,530,82,1
CUST_004425,2022-01-11,28,35.33,Annual,5,9,1,7,Invoice,1017,81,0
CUST_004426,2025-12-13,16,22.24,Monthly,8,9,5,4,ACH,1125,76,1
CUST_004427,2021-06-30,37,33.39,Monthly,7,10,2,10,Invoice,1743,100,1
CUST_004428,2024-07-24,21,30.24,Annual,6,12,2,2,Credit Card,1289,58,0
CUST_004429,2025-10-27,15,19.69,Annual,10,13,1,2,ACH,59,52,1
CUST_004430,2023-03-08,17,56.73,Monthly,5,8,1,7,Credit Card,198,82,0
CUST_004431,2025-10-14,50,42.37,Monthly,6,9,0,3,Credit Card,538,56,1
CUST_004432,2023-03-09,37,110.38,Monthly,6,18,0,10,ACH,553,82,1
CUST_004433,2025-08-19,13,11.63,Monthly,12,10,1,2,Credit Card,1536,55,1
CUST_004434,2021-09-06,19,61.62,Annual,12,10,1,5,Credit Card,624,70,1
CUST_004435,2024-11-02,30,81.97,Annual,11,8,2,2,PayPal,467,62,0
CUST_004436,2025-10-21,45,81.25,Monthly,5,7,0,5,PayPal,1611,68,1
CUST_004437,2024-05-30,18,118.61,Monthly,4,10,3,8,Credit Card,1250,95,0
CUST_004438,2023-04-01,14,75.29,Monthly,12,8,0,6,ACH,873,72,1
CUST_004439,2022-01-25,36,141.42,Quarterly,9,8,2,1,Credit Card,1570,57,1
CUST_004440,2022-10-22,36,30.22,Monthly,3,8,1,10,Invoice,629,97,0
CUST_004441,2024-02-21,20,44.98,Quarterly,8,11,0,7,Credit Card,134,74,1
CUST_004442,2023-10-04,52,10.71,Quarterly,6,5,3,4,PayPal,1711,80,0
CUST_004443,2022-06-25,19,10.35,Annual,8,5,0,4,Credit Card,182,65,0
CUST_004444,2022-10-27,45,23.73,Annual,8,7,1,9,Invoice,727,93,1
CUST_004445,2025-03-15,44,15.31,Monthly,7,12,4,10,ACH,793,100,1
CUST_004446,2022-07-21,7,25.07,Annual,7,7,2,6,Invoice,725,83,0
CUST_004447,2023-04-30,57,19.74,Monthly,5,6,2,10,PayPal,1593,100,1
CUST_004448,2022-07-24,44,11.45,Quarterly,12,8,0,7,PayPal,462,77,1
CUST_004449,2021-12-07,53,130.01,Monthly,4,10,6,2,ACH,245,65,1
CUST_004450,2021-06-03,4,10.41,Annual,9,11,2,3,Invoice,1396,64,1
CUST_004451,2023-11-05,59,76.61,Monthly,6,15,2,10,Invoice,1118,95,0
CUST_004452,2025-10-27,34,18.25,Quarterly,11,13,2,1,Invoice,235,52,1
CUST_004453,2021-08-28,2,131.65,Monthly,5,12,2,5,Invoice,112,73,1
CUST_004454,2022-09-27,5,121.65,Annual,11,10,2,7,Credit Card,1347,85,0
CUST_004455,2026-03-19,55,63.05,Monthly,7,10,4,6,Invoice,126,85,1
CUST_004456,2021-12-18,10,65.77,Monthly,8,11,2,6,ACH,1154,79,1
CUST_004457,2026-02-09,32,10.27,Annual,2,7,1,6,ACH,739,68,1
CUST_004458,2023-03-13,42,219.56,Quarterly,6,9,2,4,Credit Card,319,71,1
CUST_004459,2025-05-10,41,115.12,Monthly,8,12,0,7,PayPal,948,73,1
CUST_004460,2022-02-01,13,122.74,Quarterly,8,11,3,6,PayPal,1300,84,1
CUST_004461,2023-05-09,39,63.83,Annual,9,10,4,5,ACH,171,80,0
CUST_004462,2023-10-10,5,31.14,Quarterly,7,11,1,7,ACH,243,79,0
CUST_004463,2021-09-25,58,122.05,Monthly,4,12,3,7,Credit Card,835,88,0
CUST_004464,2025-04-23,10,27.23,Monthly,8,16,1,2,Credit Card,107,49,1
CUST_004465,2025-11-22,10,51.36,Quarterly,3,8,0,5,PayPal,1523,67,1
CUST_004466,2021-06-28,38,15.25,Monthly,9,10,0,7,Credit Card,74,75,1
CUST_004467,2022-06-29,27,137.52,Annual,6,7,1,8,Invoice,602,88,0
CUST_004468,2021-09-26,51,17.59,Monthly,6,6,1,9,ACH,1512,94,0
CUST_004469,2022-07-21,21,22.74,Monthly,4,9,1,4,ACH,1257,66,1
CUST_004470,2023-01-07,8,50.84,Annual,6,8,4,5,ACH,1142,82,1
CUST_004471,2025-06-15,1,82.22,Annual,8,9,1,8,PayPal,671,86,0
CUST_004472,2025-02-07,28,58.29,Annual,8,9,2,8,PayPal,550,91,0
CUST_004473,2022-03-27,49,23.21,Monthly,11,6,2,2,ACH,975,64,0
CUST_004474,2023-07-01,39,10.05,Monthly,11,8,0,1,Credit Card,458,47,1
CUST_004475,2025-10-31,14,80.77,Monthly,7,12,1,10,PayPal,576,93,1
CUST_004476,2026-01-12,21,220.68,Monthly,11,9,2,10,ACH,1627,100,1
CUST_004477,2024-12-11,30,93.01,Quarterly,8,7,1,4,Credit Card,1515,68,0
CUST_004478,2022-09-27,21,40.83,Annual,4,10,0,2,PayPal,1146,50,1
CUST_004479,2025-07-12,49,127.05,Monthly,8,8,3,10,ACH,1008,100,1
CUST_004480,2022-04-19,9,36.37,Quarterly,8,14,1,3,PayPal,897,56,0
CUST_004481,2023-11-11,17,47.22,Monthly,5,6,4,2,Invoice,331,69,1
CUST_004482,2022-12-11,5,42.42,Annual,9,8,5,4,PayPal,994,77,1
CUST_004483,2023-09-02,58,39.68,Monthly,7,6,2,8,Invoice,1134,94,1
CUST_004484,2024-08-09,57,84.63,Annual,11,7,2,9,Credit Card,1407,98,0
CUST_004485,2021-12-24,31,47.41,Monthly,15,10,1,7,Invoice,1011,80,1
CUST_004486,2023-06-17,52,29.04,Monthly,11,9,2,2,Credit Card,1679,61,1
CUST_004487,2021-10-22,40,24.93,Monthly,12,12,4,7,PayPal,104,88,1
CUST_004488,2024-04-30,38,11.92,Monthly,14,12,3,10,Credit Card,1467,100,0
CUST_004489,2022-11-25,43,53.76,Monthly,11,10,4,6,ACH,335,85,1
CUST_004490,2021-12-26,19,23.07,Monthly,8,11,0,4,Invoice,1658,59,0
CUST_004491,2025-06-16,36,18.02,Monthly,5,10,2,1,Invoice,1324,55,0
CUST_004492,2023-11-02,50,63.04,Annual,9,8,1,10,PayPal,833,97,0
CUST_004493,2022-11-23,33,67.16,Monthly,10,14,2,10,Invoice,452,96,1
CUST_004494,2021-09-12,13,79.75,Annual,6,12,4,1,ACH,494,58,1
CUST_004495,2025-02-20,14,45.02,Monthly,11,11,2,6,Credit Card,1208,79,1
CUST_004496,2024-03-13,56,122.24,Quarterly,11,16,3,7,PayPal,1107,84,1
CUST_004497,2022-01-27,33,147.71,Quarterly,7,12,3,1,Credit Card,31,58,1
CUST_004498,2022-06-06,29,92.35,Monthly,8,13,1,2,Credit Card,1123,52,1
CUST_004499,2023-05-22,43,60.47,Annual,7,14,5,9,Invoice,289,96,0
CUST_004500,2022-09-04,49,28.1,Monthly,3,13,4,10,Credit Card,1780,100,1
CUST_004501,2022-10-06,36,213.57,Quarterly,7,10,1,4,PayPal,1612,65,1
CUST_004502,2024-05-07,58,26.02,Annual,8,11,2,4,ACH,1660,69,1
CUST_004503,2026-04-02,44,21.32,Monthly,10,8,3,10,Credit Card,205,100,0
CUST_004504,2025-05-31,10,39.18,Monthly,9,14,3,6,PayPal,1494,81,0
CUST_004505,2025-11-01,31,12.93,Monthly,8,10,1,5,ACH,1374,70,1
CUST_004506,2023-06-21,6,201.97,Monthly,4,9,3,9,Credit Card,1545,100,0
CUST_004507,2024-11-05,57,54.39,Annual,10,6,1,3,ACH,215,64,0
CUST_004508,2022-04-24,1,50.7,Monthly,4,11,1,8,ACH,1171,84,1
CUST_004509,2023-05-01,7,63.33,Monthly,12,8,1,1,Invoice,720,52,1
CUST_004510,2023-07-04,58,44.36,Monthly,7,8,2,7,ACH,1812,87,1
CUST_004511,2022-03-17,27,11.63,Monthly,10,6,3,8,ACH,1356,99,1
CUST_004512,2022-04-14,21,57.38,Monthly,5,11,1,9,PayPal,362,89,1
CUST_004513,2021-12-25,28,72.97,Quarterly,9,11,0,10,PayPal,703,89,0
CUST_004514,2021-12-27,16,36.96,Monthly,7,7,0,1,PayPal,962,48,1
CUST_004515,2024-07-12,56,80.8,Annual,13,8,1,1,ACH,1517,52,0
CUST_004516,2025-11-24,46,22.87,Monthly,7,10,3,8,PayPal,724,95,1
CUST_004517,2023-06-30,23,22.5,Monthly,6,11,2,2,Credit Card,381,59,1
CUST_004518,2023-01-17,52,18.8,Annual,13,7,3,6,Invoice,329,88,1
CUST_004519,2025-03-17,20,33.26,Monthly,8,14,3,8,Credit Card,236,91,0
CUST_004520,2023-07-26,38,103.87,Monthly,8,14,3,10,PayPal,1169,100,1
CUST_004521,2026-03-11,54,97.99,Annual,8,11,1,6,ACH,353,74,0
CUST_004522,2025-03-21,25,34.13,Monthly,11,10,1,9,PayPal,873,90,1
CUST_004523,2024-01-07,28,54.47,Monthly,8,12,3,8,Invoice,1447,93,1
CUST_004524,2023-06-22,5,73.79,Annual,8,12,2,7,PayPal,1503,83,1
CUST_004525,2023-06-14,56,23.8,Annual,5,9,4,5,ACH,373,81,1
CUST_004526,2024-05-30,21,19.2,Monthly,10,11,1,1,Invoice,1325,49,1
CUST_004527,2025-08-16,18,188.95,Monthly,11,8,0,2,PayPal,277,52,0
CUST_004528,2022-12-21,47,58.06,Monthly,9,10,2,2,PayPal,1093,60,1
CUST_004529,2023-05-16,6,209.27,Monthly,3,13,4,1,Credit Card,1518,57,0
CUST_004530,2022-03-30,57,30.61,Annual,7,7,0,5,Credit Card,268,68,1
CUST_004531,2024-03-18,29,70.71,Quarterly,10,10,0,3,PayPal,1637,55,1
CUST_004532,2022-04-04,19,22.59,Quarterly,8,6,4,8,PayPal,890,99,1
CUST_004533,2023-07-02,33,25.14,Monthly,9,8,0,2,ACH,1599,52,1
CUST_004534,2021-10-21,1,45.86,Monthly,6,14,2,3,PayPal,667,61,0
CUST_004535,2022-09-27,45,29.26,Annual,7,7,0,9,PayPal,1735,88,1
CUST_004536,2024-01-04,3,19.17,Monthly,7,9,0,2,Credit Card,1020,51,1
CUST_004537,2021-06-14,42,25.25,Annual,12,6,0,9,Invoice,275,89,0
CUST_004538,2025-05-14,21,11.82,Annual,13,9,1,9,Credit Card,537,91,1
CUST_004539,2021-10-13,35,70.94,Quarterly,8,5,2,3,PayPal,494,70,0
CUST_004540,2023-04-30,41,43.88,Monthly,7,8,4,5,PayPal,988,82,1
CUST_004541,2023-12-12,40,14.95,Monthly,8,8,3,10,Invoice,1076,100,1
CUST_004542,2021-07-28,3,19.42,Quarterly,8,12,1,2,Credit Card,168,53,0
CUST_004543,2021-12-30,25,15.41,Annual,8,15,2,1,Invoice,564,50,1
CUST_004544,2021-11-30,45,57.41,Quarterly,6,11,2,3,PayPal,1754,64,1
CUST_004545,2022-04-29,38,14.95,Monthly,8,6,3,8,Credit Card,1043,99,1
CUST_004546,2023-08-16,45,80.18,Annual,11,9,0,2,PayPal,354,51,0
CUST_004547,2022-11-15,55,11.04,Annual,7,8,1,5,Credit Card,465,72,1
CUST_004548,2023-07-20,20,24.34,Monthly,4,13,1,4,Credit Card,516,62,1
CUST_004549,2023-02-10,52,120.67,Annual,10,10,1,9,PayPal,1370,90,1
CUST_004550,2023-04-09,44,73.39,Annual,7,11,0,10,PayPal,1314,89,1
CUST_004551,2021-07-18,45,13.79,Monthly,7,11,1,5,ACH,260,69,0
CUST_004552,2025-07-13,34,96.05,Monthly,8,11,5,1,PayPal,1070,59,0
CUST_004553,2025-10-06,21,43.97,Annual,10,10,0,7,PayPal,628,75,1
CUST_004554,2022-08-05,56,103.8,Monthly,9,10,3,9,Credit Card,1343,100,0
CUST_004555,2023-04-17,55,55.91,Quarterly,9,7,1,6,ACH,123,78,0
CUST_004556,2024-02-05,48,67.26,Monthly,11,14,1,10,Invoice,504,91,1
CUST_004557,2025-04-08,23,261.81,Monthly,3,10,2,8,Invoice,1534,90,1
CUST_004558,2025-06-12,6,23.22,Quarterly,9,14,1,9,ACH,685,86,1
CUST_004559,2023-10-06,51,58.9,Quarterly,7,12,1,7,ACH,662,78,0
CUST_004560,2023-11-26,53,40.84,Monthly,9,11,2,5,PayPal,1417,74,1
CUST_004561,2023-02-07,13,12.01,Annual,9,5,0,3,PayPal,892,60,0
CUST_004562,2024-07-04,49,10.73,Monthly,8,8,3,4,Invoice,1820,77,1
CUST_004563,2021-10-01,23,16.35,Monthly,11,11,2,4,Credit Card,1105,69,1
CUST_004564,2024-08-08,9,62.36,Monthly,12,11,2,7,Credit Card,152,84,0
CUST_004565,2024-10-03,17,51.87,Monthly,11,18,0,9,ACH,1329,77,1
CUST_004566,2021-11-02,2,50.31,Quarterly,8,10,1,2,Credit Card,1485,55,1
CUST_004567,2021-09-23,19,11.62,Annual,10,9,1,10,PayPal,1149,96,0
CUST_004568,2025-12-17,19,41.68,Quarterly,10,9,2,2,ACH,1151,61,0
CUST_004569,2021-09-08,56,139.26,Annual,8,5,1,4,Invoice,1482,70,1
CUST_004570,2025-03-01,7,35.34,Monthly,10,13,2,8,Credit Card,1005,87,1
CUST_004571,2022-04-18,54,59.03,Annual,11,12,1,10,PayPal,1036,93,1
CUST_004572,2024-08-29,42,85.67,Quarterly,4,12,3,1,Invoice,250,58,1
CUST_004573,2023-11-04,42,86.61,Annual,5,11,1,6,Invoice,1486,74,1
CUST_004574,2024-02-04,59,46.62,Annual,8,12,3,1,ACH,773,58,0
CUST_004575,2025-12-13,20,107.58,Quarterly,14,14,2,9,Invoice,1530,91,1
CUST_004576,2023-04-22,9,34.83,Monthly,6,13,3,5,ACH,1493,77,1
CUST_004577,2025-11-07,17,119.77,Annual,10,9,4,3,PayPal,1568,71,1
CUST_004578,2025-10-17,27,23.74,Quarterly,5,6,3,1,Credit Card,583,64,0
CUST_004579,2024-08-17,47,26.44,Quarterly,8,6,2,4,Credit Card,711,74,1
CUST_004580,2021-12-23,2,12.73,Monthly,5,6,2,10,Invoice,1285,100,1
CUST_004581,2024-06-11,36,89.38,Annual,4,9,3,6,Invoice,242,86,0
CUST_004582,2022-05-19,19,36.98,Annual,7,6,0,8,PayPal,1152,84,1
CUST_004583,2025-03-28,17,23.01,Monthly,9,16,2,9,Invoice,1594,89,1
CUST_004584,2021-08-15,5,23.18,Annual,4,7,1,4,PayPal,686,68,1
CUST_004585,2025-01-17,39,125.83,Monthly,10,13,2,5,PayPal,392,72,1
CUST_004586,2025-09-27,18,99.76,Monthly,4,11,4,8,Credit Card,185,94,1
CUST_004587,2023-10-17,53,50.32,Monthly,8,13,2,3,Credit Card,1625,62,0
CUST_004588,2021-07-15,54,57.87,Annual,5,6,2,4,PayPal,1268,74,0
CUST_004589,2024-08-09,59,42.15,Monthly,8,12,0,10,Invoice,1020,88,1
CUST_004590,2023-09-25,7,34.85,Monthly,5,11,6,6,Credit Card,1785,84,0
CUST_004591,2023-11-09,17,133.54,Monthly,7,12,1,5,PayPal,588,68,1
CUST_004592,2025-11-09,39,16.71,Monthly,13,10,0,8,ACH,1434,80,1
CUST_004593,2026-04-10,36,37.1,Monthly,4,6,1,10,Invoice,552,99,0
CUST_004594,2021-07-19,40,31.12,Monthly,6,8,3,2,Credit Card,350,67,0
CUST_004595,2025-09-10,45,44.47,Annual,5,4,3,9,PayPal,1113,100,0
CUST_004596,2023-07-01,4,40.59,Annual,10,8,2,1,Credit Card,1653,57,0
CUST_004597,2023-04-04,38,46.58,Monthly,7,10,2,2,Credit Card,1498,60,0
CUST_004598,2023-10-17,25,17.54,Monthly,6,7,3,8,PayPal,584,98,1
CUST_004599,2022-01-24,5,45.99,Annual,8,9,2,8,PayPal,1220,91,1
CUST_004600,2024-11-26,30,23.88,Monthly,12,6,1,8,ACH,1682,89,1
CUST_004601,2022-04-18,12,20.19,Quarterly,5,12,0,2,Invoice,286,48,0
CUST_004602,2025-02-26,4,13.35,Annual,4,8,4,8,Credit Card,806,97,1
CUST_004603,2024-03-01,24,81.91,Monthly,7,11,2,5,Invoice,261,74,0
CUST_004604,2021-11-15,29,37.88,Monthly,10,16,0,4,PayPal,1266,54,1
CUST_004605,2021-07-31,9,59.26,Annual,12,4,1,2,PayPal,103,61,1
CUST_004606,2024-11-16,4,75.02,Monthly,7,9,4,9,PayPal,934,100,1
CUST_004607,2023-08-28,51,66.87,Monthly,10,15,1,3,PayPal,1440,55,1
CUST_004608,2021-07-21,24,41.79,Monthly,10,10,3,5,Invoice,1722,80,0
CUST_004609,2021-09-30,14,34.54,Annual,6,9,0,4,PayPal,1283,61,1
CUST_004610,2022-09-24,5,33.58,Annual,7,10,2,9,Credit Card,71,95,1
CUST_004611,2024-02-13,18,61.09,Monthly,13,13,2,4,Invoice,390,67,1
CUST_004612,2023-11-02,42,44.14,Annual,6,9,3,5,PayPal,123,81,1
CUST_004613,2023-04-04,57,104.57,Monthly,6,12,1,8,ACH,786,83,1
CUST_004614,2022-02-27,19,113.85,Annual,10,7,2,4,Invoice,1205,73,0
CUST_004615,2022-09-13,12,19.35,Monthly,4,7,1,2,ACH,1056,58,1
CUST_004616,2023-12-14,18,17.32,Annual,10,5,0,10,ACH,1317,95,0
CUST_004617,2024-11-09,17,59.77,Quarterly,10,13,1,2,Invoice,1098,52,1
CUST_004618,2023-07-14,30,27.92,Monthly,6,8,1,10,ACH,695,97,1
CUST_004619,2022-01-07,24,10.94,Monthly,7,17,4,9,Invoice,256,93,0
CUST_004620,2022-07-24,11,119.75,Monthly,5,6,1,10,PayPal,1028,99,0
CUST_004621,2022-09-14,35,22.87,Monthly,4,7,3,6,PayPal,1819,88,0
CUST_004622,2022-03-05,23,142.45,Monthly,5,8,3,1,PayPal,976,62,0
CUST_004623,2021-09-24,17,73.19,Quarterly,13,6,2,10,Credit Card,1788,100,1
CUST_004624,2021-06-06,1,81.91,Quarterly,10,11,3,2,ACH,1620,64,0
CUST_004625,2025-09-18,15,21.25,Monthly,8,9,1,9,Invoice,1342,91,1
CUST_004626,2022-11-20,32,23.34,Annual,8,15,3,8,Credit Card,408,90,1
CUST_004627,2023-12-12,9,46.83,Annual,7,9,4,9,Credit Card,902,100,0
CUST_004628,2023-11-23,15,19.44,Annual,8,5,2,6,Invoice,1389,85,1
CUST_004629,2022-04-15,28,28.22,Monthly,9,14,3,3,Credit Card,1576,66,1
CUST_004630,2023-07-01,24,29.39,Monthly,9,13,3,4,ACH,718,72,0
CUST_004631,2025-10-05,35,18.7,Monthly,7,7,1,7,Invoice,1644,83,1
CUST_004632,2024-04-22,22,21.48,Monthly,13,9,2,8,Credit Card,310,91,1
CUST_004633,2025-04-01,27,87.69,Annual,8,9,1,10,Credit Card,1003,96,1
CUST_004634,2023-04-05,19,19.15,Annual,6,15,1,9,Credit Card,742,85,0
CUST_004635,2026-04-02,45,11.44,Monthly,2,9,2,10,Invoice,1012,91,1
CUST_004636,2023-11-17,12,59.63,Monthly,10,8,1,8,PayPal,1738,87,0
CUST_004637,2022-02-01,20,196.45,Quarterly,9,12,0,2,Credit Card,675,48,1
CUST_004638,2024-07-23,1,30.11,Annual,10,5,0,2,ACH,185,55,0
CUST_004639,2025-06-08,21,16.32,Quarterly,9,11,1,5,PayPal,810,69,0
CUST_004640,2023-01-29,49,52.24,Monthly,8,7,3,2,ACH,1802,68,1
CUST_004641,2022-04-11,45,128.41,Annual,10,16,0,1,Invoice,1642,39,1
CUST_004642,2023-09-24,1,86.64,Annual,11,16,3,10,PayPal,907,99,1
CUST_004643,2023-04-05,10,58.71,Quarterly,10,10,1,4,ACH,655,65,1
CUST_004644,2024-08-20,47,28.92,Monthly,11,8,1,1,Credit Card,955,52,0
CUST_004645,2023-01-22,59,49.03,Monthly,8,10,0,4,PayPal,1684,60,1
CUST_004646,2021-06-25,59,14.78,Monthly,11,11,2,4,PayPal,162,69,1
CUST_004647,2025-11-22,32,66.81,Quarterly,7,8,3,6,Invoice,1124,87,1
CUST_004648,2021-07-16,39,74.57,Quarterly,6,7,3,10,PayPal,915,100,0
CUST_004649,2024-03-18,22,177.67,Quarterly,7,9,2,5,Invoice,1620,76,1
CUST_004650,2022-10-24,18,25.08,Quarterly,11,8,4,9,PayPal,1783,100,0
CUST_004651,2025-08-02,48,10.93,Monthly,7,14,4,10,Invoice,1524,100,1
CUST_004652,2023-07-11,46,49.44,Monthly,7,12,2,8,Invoice,1489,88,1
CUST_004653,2023-06-16,32,71.34,Monthly,8,12,2,6,ACH,1593,78,0
CUST_004654,2025-06-11,27,88.13,Monthly,12,8,2,6,PayPal,1589,82,1
CUST_004655,2023-10-06,28,20.77,Quarterly,10,14,3,6,Credit Card,285,81,1
CUST_004656,2023-02-15,18,25.17,Quarterly,8,10,0,4,Credit Card,1790,60,0
CUST_004657,2024-11-09,59,45.93,Monthly,6,17,3,5,ACH,1514,73,1
CUST_004658,2024-12-31,39,30.07,Annual,5,13,2,4,ACH,1230,67,1
CUST_004659,2024-02-01,49,108.49,Quarterly,5,11,2,2,PayPal,511,59,1
CUST_004660,2022-05-02,29,42.1,Monthly,14,6,0,5,PayPal,1770,69,1
CUST_004661,2023-05-10,18,90.37,Monthly,11,9,3,1,Credit Card,1148,61,1
CUST_004662,2025-05-12,44,53.45,Monthly,5,18,2,9,Credit Card,405,87,1
CUST_004663,2022-01-27,8,84.16,Monthly,7,12,1,10,ACH,890,93,1
CUST_004664,2022-11-04,54,30.22,Annual,3,10,1,9,ACH,973,90,1
CUST_004665,2025-09-10,31,99.02,Monthly,11,9,4,9,PayPal,1468,100,1
CUST_004666,2025-09-18,34,26.05,Monthly,4,15,0,2,Invoice,949,45,1
CUST_004667,2022-02-04,7,49.49,Quarterly,16,11,2,3,Invoice,740,64,0
CUST_004668,2022-09-04,36,22.04,Annual,12,9,2,8,Credit Card,543,91,0
CUST_004669,2026-03-15,18,42.27,Monthly,4,8,0,2,Invoice,1007,52,1
CUST_004670,2026-01-05,38,29.15,Quarterly,5,16,5,6,ACH,1513,79,1
CUST_004671,2026-03-10,59,25.51,Monthly,9,9,1,9,Invoice,1623,91,1
CUST_004672,2021-10-02,9,180.54,Monthly,7,10,0,7,PayPal,1363,75,1
CUST_004673,2024-10-15,59,18.72,Quarterly,7,12,1,3,ACH,534,58,0
CUST_004674,2023-05-31,9,87.4,Monthly,6,5,0,8,PayPal,284,85,1
CUST_004675,2026-03-11,46,217.28,Annual,6,11,2,9,ACH,580,94,0
CUST_004676,2021-12-05,8,11.01,Monthly,8,15,2,5,Invoice,1584,70,1
CUST_004677,2024-10-22,51,70.04,Monthly,8,7,0,8,PayPal,1123,83,1
CUST_004678,2022-02-04,35,24.58,Annual,10,6,2,8,ACH,358,94,1
CUST_004679,2021-09-05,18,12.07,Monthly,12,18,1,1,ACH,1169,42,1
CUST_004680,2023-04-03,5,35.78,Annual,8,12,1,2,Credit Card,161,53,1
CUST_004681,2021-06-04,14,146.84,Annual,11,8,1,7,ACH,305,82,0
CUST_004682,2023-12-17,28,10.59,Quarterly,11,15,1,1,PayPal,1184,45,1
CUST_004683,2025-03-31,30,54.32,Annual,8,9,1,4,Invoice,1638,66,0
CUST_004684,2023-02-26,4,44.8,Monthly,10,10,3,7,Invoice,632,90,1
CUST_004685,2024-06-27,39,113.33,Quarterly,10,3,3,10,Credit Card,91,100,1
CUST_004686,2025-04-11,20,14.39,Annual,9,12,3,5,ACH,738,78,1
CUST_004687,2026-01-12,25,67.21,Annual,7,2,2,2,PayPal,481,68,0
CUST_004688,2024-08-27,28,66.99,Quarterly,4,7,3,3,Credit Card,176,73,1
CUST_004689,2026-04-16,12,65.29,Annual,7,11,0,8,ACH,1666,79,1
CUST_004690,2023-01-13,2,152.65,Monthly,7,9,6,1,ACH,813,61,0
CUST_004691,2023-12-01,43,96.61,Annual,8,13,0,5,PayPal,237,62,0
CUST_004692,2022-01-24,14,12.14,Monthly,6,9,3,3,Credit Card,1202,71,0
CUST_004693,2024-11-08,22,41.85,Monthly,9,8,2,9,Credit Card,1493,97,1
CUST_004694,2025-11-13,31,35.37,Annual,8,6,1,6,Invoice,1497,79,1
CUST_004695,2025-03-20,23,28.56,Monthly,6,11,1,5,Credit Card,831,69,1
CUST_004696,2024-04-23,48,40.01,Monthly,9,9,4,3,Invoice,1250,71,0
CUST_004697,2022-07-01,20,34.24,Monthly,9,9,2,4,Credit Card,493,71,1
CUST_004698,2023-01-07,38,38.31,Annual,5,8,4,8,ACH,607,97,1
CUST_004699,2023-12-27,55,203.79,Monthly,12,9,0,1,PayPal,810,46,0
CUST_004700,2025-09-15,4,14.64,Annual,10,8,2,7,Credit Card,509,87,0
CUST_004701,2026-01-04,15,137.7,Monthly,5,9,1,1,ACH,912,51,1
CUST_004702,2023-02-08,24,42.72,Monthly,6,15,3,1,Credit Card,1643,55,1
CUST_004703,2024-03-10,25,58.87,Monthly,14,16,1,4,Invoice,178,59,0
CUST_004704,2021-08-26,1,98.65,Annual,8,8,2,2,ACH,473,62,0
CUST_004705,2025-01-23,7,32.35,Monthly,5,8,1,1,Invoice,1249,52,0
CUST_004706,2026-01-19,57,38.14,Quarterly,12,14,1,8,Credit Card,135,81,0
CUST_004707,2021-11-17,31,36.34,Quarterly,10,12,4,10,ACH,1511,100,1
CUST_004708,2024-06-04,12,33.48,Quarterly,4,14,1,10,Invoice,459,91,0
CUST_004709,2022-02-27,42,139.87,Quarterly,7,10,6,7,Credit Card,301,90,1
CUST_004710,2021-08-20,5,98.28,Monthly,10,8,2,9,PayPal,1236,97,1
CUST_004711,2021-08-31,44,15.77,Annual,9,13,2,2,PayPal,1192,57,1
CUST_004712,2021-08-14,50,15.72,Annual,14,10,1,10,PayPal,1086,95,1
CUST_004713,2025-11-09,42,37.92,Annual,7,12,2,10,PayPal,1139,98,0
CUST_004714,2021-07-10,38,15.19,Quarterly,8,8,3,6,ACH,1170,87,1
CUST_004715,2024-04-18,12,58.26,Annual,5,10,2,3,PayPal,721,65,0
CUST_004716,2021-09-08,39,17.76,Quarterly,5,18,2,5,Invoice,104,67,1
CUST_004717,2022-05-19,18,46.95,Monthly,7,12,2,9,Invoice,761,93,1
CUST_004718,2023-03-02,2,10.36,Quarterly,9,8,2,3,Credit Card,1115,67,1
CUST_004719,2022-06-18,10,29.03,Annual,5,13,3,9,PayPal,1734,97,1
CUST_004720,2021-07-08,15,66.53,Annual,6,16,2,8,PayPal,808,84,0
CUST_004721,2022-02-28,30,43.09,Monthly,7,8,2,10,Invoice,1175,100,1
CUST_004722,2024-07-07,44,201.45,Annual,5,11,5,9,Invoice,36,99,0
CUST_004723,2026-03-31,58,113.61,Quarterly,5,7,3,2,ACH,1388,68,0
CUST_004724,2026-03-09,17,32.24,Monthly,5,9,0,4,Credit Card,1777,61,1
CUST_004725,2024-11-30,4,12.33,Annual,10,11,3,3,ACH,941,69,1
CUST_004726,2024-04-07,7,103.42,Monthly,9,9,2,6,ACH,826,81,1
CUST_004727,2021-10-14,41,131.09,Quarterly,9,4,4,8,PayPal,290,100,0
CUST_004728,2026-04-21,31,95.91,Monthly,6,17,2,7,Invoice,754,78,1
CUST_004729,2022-02-01,51,16.85,Monthly,7,6,4,2,Credit Card,349,69,1
CUST_004730,2024-05-13,59,318.65,Monthly,11,8,4,5,Credit Card,1452,82,0
CUST_004731,2024-10-25,55,24.96,Annual,6,17,2,4,ACH,419,63,1
CUST_004732,2025-04-25,39,74.4,Monthly,4,9,1,1,ACH,846,51,1
CUST_004733,2025-01-04,55,129.32,Annual,10,9,0,5,Credit Card,1268,66,1
CUST_004734,2023-09-03,34,23.44,Quarterly,10,8,1,5,Invoice,1417,72,0
CUST_004735,2021-10-05,6,129.44,Quarterly,14,13,1,5,Invoice,464,67,0
CUST_004736,2022-11-28,50,28.52,Monthly,11,9,3,3,ACH,1557,71,0
CUST_004737,2024-08-18,38,197.35,Quarterly,6,16,2,1,Credit Card,650,49,1
CUST_004738,2025-06-30,45,26.51,Annual,10,11,1,10,Invoice,1402,94,0
CUST_004739,2025-01-31,58,163.35,Monthly,8,12,1,7,Credit Card,862,78,0
CUST_004740,2025-11-24,51,12.75,Monthly,9,10,2,9,Invoice,486,95,1
CUST_004741,2025-06-06,34,71.77,Monthly,7,16,0,10,Invoice,236,84,1
CUST_004742,2024-03-18,44,47.98,Quarterly,12,13,0,6,Credit Card,654,67,0
CUST_004743,2025-09-20,15,42.49,Monthly,13,15,1,4,ACH,1022,60,1
CUST_004744,2023-08-24,14,22.65,Monthly,8,11,4,5,ACH,1077,79,1
CUST_004745,2024-05-04,6,71.14,Annual,12,11,0,3,Credit Card,1362,54,0
CUST_004746,2022-02-25,50,20.59,Annual,7,7,1,4,Invoice,35,68,1
CUST_004747,2022-04-14,37,50.24,Annual,10,7,4,10,ACH,1256,100,1
CUST_004748,2023-05-30,50,24.6,Annual,9,14,1,3,PayPal,1654,56,1
CUST_004749,2022-12-12,32,165.75,Monthly,4,7,3,10,PayPal,219,100,1
CUST_004750,2023-05-16,3,11.45,Quarterly,5,8,1,7,ACH,1775,82,0
CUST_004751,2024-07-28,3,21.14,Monthly,8,17,2,4,Invoice,1267,63,1
CUST_004752,2024-08-25,22,23.87,Annual,6,12,1,10,PayPal,1113,93,1
CUST_004753,2025-10-20,22,36.73,Annual,7,12,1,6,ACH,838,73,0
CUST_004754,2024-12-30,10,23.25,Monthly,5,11,2,8,PayPal,1003,89,1
CUST_004755,2025-11-27,51,43.8,Quarterly,1,16,1,8,ACH,551,59,1
CUST_004756,2024-08-31,3,112.97,Monthly,4,8,1,6,ACH,622,77,1
CUST_004757,2022-11-30,12,72.25,Monthly,8,13,3,9,Credit Card,122,97,1
CUST_004758,2025-03-17,29,53.37,Quarterly,4,9,2,6,ACH,355,81,1
CUST_004759,2022-12-21,48,14.66,Annual,7,16,1,9,ACH,676,84,1
CUST_004760,2023-04-26,17,69.21,Annual,2,10,4,6,Invoice,290,75,1
CUST_004761,2023-03-12,7,19.1,Annual,5,14,1,9,Credit Card,1080,86,0
CUST_004762,2025-01-17,13,87.17,Quarterly,11,11,2,8,Invoice,1216,89,0
CUST_004763,2022-12-08,56,24.39,Monthly,9,10,2,7,ACH,302,85,0
CUST_004764,2024-12-03,2,36.98,Monthly,9,14,2,8,Invoice,1572,86,1
CUST_004765,2021-11-19,4,31.58,Monthly,3,16,3,4,ACH,730,69,0
CUST_004766,2023-04-01,10,107.88,Monthly,12,14,2,7,Invoice,862,81,0
CUST_004767,2025-04-05,39,16.76,Annual,7,16,2,2,PayPal,300,54,0
CUST_004768,2024-08-10,24,51.69,Monthly,9,10,2,3,PayPal,515,65,1
CUST_004769,2021-10-07,17,17.66,Monthly,7,8,1,3,ACH,215,62,1
CUST_004770,2024-09-02,52,71.0,Monthly,13,9,2,5,Credit Card,1556,76,1
CUST_004771,2023-08-27,6,127.74,Annual,10,12,0,4,Credit Card,488,58,1
CUST_004772,2025-02-23,19,38.51,Quarterly,8,13,3,1,PayPal,81,57,0
CUST_004773,2022-08-17,5,43.48,Monthly,9,15,1,7,Invoice,328,75,1
CUST_004774,2023-02-21,32,141.16,Annual,8,9,1,10,ACH,654,96,1
CUST_004775,2024-11-09,10,46.8,Monthly,9,5,2,2,PayPal,1288,65,1
CUST_004776,2025-07-29,9,43.43,Annual,10,9,1,8,Invoice,1237,86,0
CUST_004777,2025-09-12,27,53.18,Monthly,6,14,3,4,Credit Card,619,71,0
CUST_004778,2022-01-31,13,68.44,Monthly,12,8,3,10,Credit Card,1688,100,0
CUST_004779,2021-12-20,19,15.65,Annual,8,12,5,5,Invoice,1130,78,1
CUST_004780,2023-04-15,21,96.05,Quarterly,5,6,2,4,Credit Card,865,74,1
CUST_004781,2022-03-09,24,38.59,Monthly,12,6,2,4,PayPal,397,74,1
CUST_004782,2022-12-27,38,13.75,Annual,11,13,0,6,Credit Card,770,67,0
CUST_004783,2025-05-06,4,87.13,Annual,9,7,2,5,ACH,1726,78,0
CUST_004784,2022-04-29,24,33.66,Quarterly,6,8,1,6,Credit Card,811,77,1
CUST_004785,2026-04-07,59,15.29,Monthly,5,7,3,2,Credit Card,1258,68,1
CUST_004786,2023-06-19,35,60.23,Monthly,12,8,3,1,Credit Card,140,62,1
CUST_004787,2022-06-15,3,116.07,Quarterly,7,8,4,3,Invoice,77,72,1
CUST_004788,2024-12-12,4,119.35,Monthly,10,5,3,10,ACH,1187,100,1
CUST_004789,2022-09-16,57,168.11,Monthly,8,9,0,8,PayPal,435,81,0
CUST_004790,2022-08-09,37,111.14,Monthly,5,9,2,1,Credit Card,116,56,0
CUST_004791,2025-08-09,40,10.11,Quarterly,9,8,0,8,Invoice,834,82,1
CUST_004792,2025-01-27,48,33.92,Monthly,12,11,1,2,Invoice,1665,54,0
CUST_004793,2021-08-20,54,95.34,Quarterly,7,10,2,10,Credit Card,774,100,0
CUST_004794,2025-02-01,35,32.81,Monthly,9,7,2,4,Invoice,278,73,1
CUST_004795,2022-07-19,31,56.01,Monthly,10,8,1,3,Invoice,584,62,0
CUST_004796,2023-05-07,56,56.61,Monthly,13,9,7,1,Invoice,74,61,0
CUST_004797,2023-07-31,44,32.71,Monthly,8,14,3,8,Invoice,1536,91,1
CUST_004798,2023-12-22,25,127.42,Annual,7,15,1,1,Invoice,1687,45,0
CUST_004799,2022-05-28,40,44.98,Annual,9,9,5,7,PayPal,253,91,0
CUST_004800,2024-12-28,13,41.25,Monthly,6,8,1,3,Invoice,990,62,1
CUST_004801,2023-05-26,4,309.85,Monthly,3,15,1,3,Invoice,673,55,1
CUST_004802,2021-08-26,46,44.01,Annual,5,12,3,9,PayPal,1548,98,0
CUST_004803,2024-10-16,14,19.82,Quarterly,7,7,1,8,ACH,1505,88,1
CUST_004804,2023-04-03,13,45.98,Annual,7,13,2,10,Invoice,520,97,1
CUST_004805,2025-09-29,27,94.1,Quarterly,10,11,2,3,Invoice,598,64,0
CUST_004806,2022-05-02,6,85.0,Monthly,6,13,1,9,PayPal,703,87,0
CUST_004807,2021-08-13,17,87.7,Quarterly,9,5,2,6,PayPal,315,85,0
CUST_004808,2021-12-22,36,71.55,Monthly,9,14,2,3,ACH,196,61,0
CUST_004809,2024-10-21,40,24.67,Monthly,8,10,3,7,PayPal,1260,90,1
CUST_004810,2025-11-25,49,109.06,Quarterly,4,10,3,4,Invoice,1655,75,1
CUST_004811,2024-12-30,35,121.95,Quarterly,8,6,1,6,Invoice,452,79,1
CUST_004812,2024-06-16,17,20.79,Annual,7,10,1,2,PayPal,1381,55,0
CUST_004813,2022-11-14,41,16.99,Monthly,8,11,3,9,Invoice,1015,99,0
CUST_004814,2024-02-29,2,195.67,Monthly,10,6,1,3,Invoice,635,64,0
CUST_004815,2021-06-21,57,111.37,Monthly,7,10,1,10,Credit Card,666,95,1
CUST_004816,2026-04-28,13,121.86,Quarterly,11,10,2,4,PayPal,1664,70,0
CUST_004817,2021-11-25,52,118.74,Monthly,9,7,0,9,Invoice,1315,88,1
CUST_004818,2025-05-07,2,49.01,Quarterly,7,13,1,7,Invoice,442,77,1
CUST_004819,2025-01-29,52,61.98,Monthly,4,12,1,2,Credit Card,939,53,0
CUST_004820,2025-08-28,28,49.41,Quarterly,7,9,2,1,PayPal,1822,56,0
CUST_004821,2021-12-25,43,12.63,Quarterly,7,9,3,7,PayPal,1016,91,1
CUST_004822,2021-09-09,59,78.42,Monthly,8,16,1,2,PayPal,452,49,1
CUST_004823,2023-09-30,26,45.19,Monthly,9,11,1,6,Credit Card,1022,74,1
CUST_004824,2025-03-07,22,62.16,Quarterly,6,13,4,6,Invoice,1164,82,1
CUST_004825,2021-07-06,47,44.92,Annual,15,10,1,5,Credit Card,1677,70,0
CUST_004826,2026-04-18,43,43.85,Annual,7,12,2,2,Credit Card,457,58,1
CUST_004827,2024-04-27,55,19.42,Annual,6,16,1,9,PayPal,966,84,1
CUST_004828,2021-12-18,3,26.34,Monthly,12,14,5,1,Credit Card,380,56,1
CUST_004829,2023-03-14,35,18.65,Quarterly,8,6,0,10,PayPal,142,94,1
CUST_004830,2025-07-30,58,20.89,Monthly,10,9,5,1,Invoice,770,61,1
CUST_004831,2022-01-02,12,190.55,Quarterly,11,4,2,2,Invoice,445,66,0
CUST_004832,2025-02-04,24,18.31,Monthly,11,17,1,8,ACH,1150,78,1
CUST_004833,2022-06-19,5,25.69,Annual,7,6,1,5,Credit Card,34,74,0
CUST_004834,2022-09-23,20,54.65,Monthly,11,15,2,3,PayPal,1100,60,1
CUST_004835,2021-12-17,39,57.1,Monthly,8,11,5,4,Invoice,1821,74,1
CUST_004836,2024-09-12,39,18.36,Monthly,13,14,0,4,PayPal,430,56,1
CUST_004837,2025-02-11,13,88.93,Annual,8,9,2,9,ACH,1342,96,1
CUST_004838,2025-10-05,41,86.9,Annual,8,5,2,5,Invoice,711,80,0
CUST_004839,2021-12-01,57,23.55,Quarterly,14,17,2,4,PayPal,611,63,1
CUST_004840,2024-05-19,53,27.03,Monthly,13,11,2,7,Invoice,1359,84,1
CUST_004841,2025-07-05,45,149.02,Annual,8,13,3,6,ACH,186,82,1
CUST_004842,2022-12-03,12,97.34,Annual,10,12,2,2,Invoice,349,58,0
CUST_004843,2021-07-10,13,69.83,Monthly,6,14,4,4,Credit Card,1795,71,0
CUST_004844,2026-04-30,56,14.29,Monthly,8,12,3,3,ACH,1057,68,0
CUST_004845,2023-08-17,10,37.09,Monthly,8,13,4,9,PayPal,918,97,1
CUST_004846,2022-02-11,33,50.97,Monthly,9,10,1,6,Credit Card,420,75,0
CUST_004847,2023-04-12,57,20.38,Monthly,5,6,1,2,PayPal,620,59,0
CUST_004848,2024-11-29,40,39.73,Annual,6,8,1,5,PayPal,1819,72,0
CUST_004849,2022-05-12,54,55.94,Monthly,7,10,0,6,Credit Card,731,70,1
CUST_004850,2024-12-26,16,29.83,Annual,9,9,0,1,PayPal,856,46,1
CUST_004851,2022-11-21,45,85.92,Quarterly,8,14,3,10,ACH,1202,100,1
CUST_004852,2024-08-21,35,101.77,Annual,10,12,3,6,Credit Card,1813,83,1
CUST_004853,2023-02-03,3,29.55,Annual,9,13,2,3,Invoice,301,62,1
CUST_004854,2021-07-23,56,101.21,Monthly,13,10,2,8,Credit Card,1379,90,1
CUST_004855,2021-06-22,5,15.47,Quarterly,8,10,2,5,Credit Card,938,75,0
CUST_004856,2025-06-06,26,100.92,Monthly,8,11,3,6,Credit Card,677,84,1
CUST_004857,2025-06-04,11,18.29,Annual,9,9,3,4,Credit Card,1534,76,1
CUST_004858,2026-03-14,7,14.33,Quarterly,9,9,3,1,ACH,858,61,1
CUST_004859,2022-02-06,53,61.33,Annual,6,6,3,4,Credit Card,928,79,0
CUST_004860,2023-12-22,56,41.93,Annual,5,8,2,10,PayPal,1676,100,0
CUST_004861,2021-09-14,10,129.24,Monthly,5,13,2,4,ACH,971,67,1
CUST_004862,2022-03-09,42,32.56,Monthly,7,7,3,4,PayPal,1499,78,0
CUST_004863,2021-12-09,52,26.92,Annual,7,6,1,3,ACH,52,64,0
CUST_004864,2021-09-01,34,44.73,Monthly,9,12,1,3,ACH,1306,58,1
CUST_004865,2025-08-04,3,40.44,Annual,5,9,2,1,Credit Card,1701,56,1
CUST_004866,2024-09-30,8,31.11,Monthly,10,3,3,8,ACH,827,100,0
CUST_004867,2022-11-04,31,69.17,Quarterly,5,7,3,7,Invoice,1803,93,1
CUST_004868,2024-10-20,11,81.26,Monthly,7,8,3,3,Invoice,744,72,0
CUST_004869,2024-06-06,45,105.86,Annual,7,7,3,7,PayPal,1107,93,0
CUST_004870,2021-08-14,7,190.33,Annual,8,14,3,9,Credit Card,945,96,1
CUST_004871,2023-04-15,45,25.51,Monthly,4,7,3,7,ACH,1311,93,0
CUST_004872,2025-02-11,2,72.96,Monthly,7,15,3,4,Credit Card,1151,70,1
CUST_004873,2023-07-21,6,35.07,Monthly,13,11,2,1,Credit Card,686,54,1
CUST_004874,2022-08-16,41,66.52,Monthly,8,12,2,9,Invoice,1502,93,0
CUST_004875,2023-02-25,32,42.31,Monthly,9,14,4,8,PayPal,1036,91,1
CUST_004876,2025-05-11,20,263.94,Monthly,7,7,4,3,ACH,1250,73,1
CUST_004877,2021-11-20,57,75.26,Annual,4,6,1,10,PayPal,895,99,1
CUST_004878,2025-08-02,34,162.34,Monthly,11,8,3,9,Invoice,1250,100,1
CUST_004879,2023-06-25,50,100.08,Quarterly,8,13,1,5,Invoice,1157,67,0
CUST_004880,2025-06-26,16,126.6,Annual,10,12,3,4,ACH,138,73,1
CUST_004881,2023-12-15,25,94.21,Monthly,8,9,0,6,ACH,485,71,1
CUST_004882,2023-11-29,12,40.73,Monthly,8,7,0,7,Credit Card,865,78,0
CUST_004883,2025-11-30,7,24.5,Quarterly,7,9,3,6,Invoice,1352,86,1
CUST_004884,2022-06-19,39,33.13,Monthly,6,9,0,9,Credit Card,937,86,1
CUST_004885,2022-10-27,17,11.02,Annual,8,5,0,1,PayPal,1545,50,1
CUST_004886,2024-08-21,45,47.12,Annual,14,12,2,4,Invoice,1659,68,0
CUST_004887,2023-12-02,11,45.17,Monthly,7,9,2,1,PayPal,752,56,1
CUST_004888,2024-02-26,6,47.25,Quarterly,10,14,2,10,ACH,1331,96,0
CUST_004889,2021-12-20,23,192.54,Monthly,9,8,1,7,Credit Card,1813,82,1
CUST_004890,2025-12-29,27,131.21,Monthly,5,6,2,4,ACH,761,74,0
CUST_004891,2022-07-25,46,18.82,Quarterly,9,11,3,1,PayPal,1403,59,0
CUST_004892,2022-10-14,6,33.01,Annual,8,8,1,1,ACH,995,52,0
CUST_004893,2024-08-22,38,37.58,Quarterly,2,7,1,8,Invoice,262,78,1
CUST_004894,2025-08-31,2,32.36,Annual,6,12,3,4,Credit Card,410,73,1
CUST_004895,2024-01-06,22,90.1,Annual,11,11,0,10,PayPal,433,89,1
CUST_004896,2025-02-07,20,47.12,Quarterly,4,9,3,3,Credit Card,1423,71,1
CUST_004897,2023-10-16,25,52.44,Monthly,9,17,2,9,PayPal,940,88,1
CUST_004898,2022-11-09,15,105.87,Annual,1,12,4,2,Invoice,656,43,0
CUST_004899,2024-11-29,49,91.98,Annual,7,11,0,5,PayPal,1317,64,1
CUST_004900,2023-02-23,29,17.09,Monthly,12,15,2,2,Invoice,834,55,1
CUST_004901,2025-05-06,8,72.57,Annual,8,11,3,3,Credit Card,697,69,1
CUST_004902,2026-04-25,37,38.59,Monthly,9,13,3,5,Credit Card,1379,77,0
CUST_004903,2025-01-10,49,27.45,Annual,5,13,4,2,ACH,285,62,0
CUST_004904,2022-07-27,52,12.57,Annual,4,11,3,7,PayPal,568,89,0
CUST_004905,2024-12-24,33,43.4,Quarterly,3,9,1,2,Invoice,360,56,0
CUST_004906,2021-11-15,22,31.96,Monthly,5,12,0,10,Credit Card,538,88,1
CUST_004907,2024-01-21,50,24.49,Annual,6,10,5,5,Invoice,880,80,1
CUST_004908,2022-05-13,47,69.32,Monthly,6,6,3,5,Credit Card,1001,84,1
CUST_004909,2023-06-05,5,83.37,Annual,4,13,0,3,ACH,1006,52,1
CUST_004910,2024-09-17,39,24.04,Annual,8,14,2,2,Invoice,1112,56,1
CUST_004911,2025-10-28,18,12.54,Annual,8,10,1,8,Invoice,658,85,1
CUST_004912,2021-11-25,38,104.44,Quarterly,6,7,1,6,PayPal,1020,78,0
CUST_004913,2021-11-21,54,10.5,Quarterly,9,9,0,10,Credit Card,859,91,1
CUST_004914,2024-04-09,53,148.32,Monthly,7,10,3,5,Invoice,1072,80,0
CUST_004915,2026-01-30,37,59.39,Monthly,9,13,3,3,ACH,840,67,1
CUST_004916,2026-02-06,30,29.42,Annual,9,14,2,10,ACH,1488,96,1
CUST_004917,2023-05-31,51,24.15,Monthly,6,6,3,1,PayPal,113,64,0
CUST_004918,2025-12-17,31,10.45,Monthly,8,12,2,10,Invoice,1631,98,0
CUST_004919,2025-03-08,10,23.42,Annual,8,11,2,5,Invoice,867,74,1
CUST_004920,2026-02-18,15,17.41,Monthly,7,11,0,1,ACH,262,44,1
CUST_004921,2022-01-12,42,57.36,Monthly,8,7,2,1,Invoice,504,58,1
CUST_004922,2021-11-08,59,19.11,Quarterly,7,6,3,3,ACH,333,74,0
CUST_004923,2022-02-17,48,47.61,Monthly,7,11,1,2,PayPal,943,54,1
CUST_004924,2023-02-08,44,54.59,Monthly,7,9,1,5,ACH,1073,71,0
CUST_004925,2022-11-01,18,27.69,Monthly,8,10,4,5,Credit Card,486,80,1
CUST_004926,2025-11-13,23,11.78,Quarterly,7,15,2,7,Credit Card,1504,80,1
CUST_004927,2021-07-16,33,11.9,Quarterly,12,10,1,5,ACH,1093,70,0
CUST_004928,2025-11-14,16,11.34,Annual,9,11,2,7,ACH,1583,84,1
CUST_004929,2021-06-10,54,77.19,Monthly,7,17,1,8,ACH,937,78,1
CUST_004930,2023-12-13,38,29.14,Quarterly,8,11,0,1,ACH,1685,44,1
CUST_004931,2025-06-15,35,89.56,Annual,7,8,0,4,PayPal,695,62,1
CUST_004932,2021-12-24,34,38.26,Quarterly,9,13,1,1,Credit Card,382,47,1
CUST_004933,2025-02-01,28,40.17,Annual,7,9,0,6,Credit Card,318,71,0
CUST_004934,2023-10-02,2,45.96,Monthly,11,12,1,4,PayPal,1699,63,1
CUST_004935,2021-11-18,30,72.42,Monthly,5,14,1,9,Invoice,915,86,1
CUST_004936,2024-03-04,13,25.98,Monthly,9,6,0,1,PayPal,1495,49,0
CUST_004937,2024-08-28,41,16.48,Monthly,6,7,2,7,Credit Card,214,88,1
CUST_004938,2023-02-09,16,50.6,Annual,8,8,1,8,PayPal,669,87,1
CUST_004939,2023-11-26,59,29.8,Quarterly,8,9,2,1,ACH,678,56,0
CUST_004940,2025-05-19,5,39.21,Annual,7,10,0,4,Invoice,1447,60,1
CUST_004941,2022-04-19,55,62.06,Monthly,7,8,3,1,ACH,1481,62,1
CUST_004942,2021-09-29,28,44.07,Monthly,5,10,4,6,PayPal,1746,85,1
CUST_004943,2023-01-22,53,58.42,Monthly,8,10,2,3,Invoice,1208,65,1
CUST_004944,2026-04-23,39,49.29,Monthly,4,9,1,5,Invoice,622,71,1
CUST_004945,2024-04-23,45,77.31,Monthly,13,7,1,1,Invoice,209,53,0
CUST_004946,2022-10-22,20,71.2,Annual,8,7,3,1,Invoice,881,63,1
CUST_004947,2022-05-02,24,48.2,Monthly,14,9,4,7,Invoice,1245,91,1
CUST_004948,2021-06-14,27,66.8,Quarterly,7,16,2,6,Credit Card,1235,74,0
CUST_004949,2022-11-09,30,113.4,Monthly,11,9,1,9,ACH,170,91,1
CUST_004950,2024-07-05,58,38.31,Quarterly,6,10,2,5,ACH,1212,75,0
CUST_004951,2024-11-03,45,36.62,Annual,6,8,1,1,Invoice,1799,52,1
CUST_004952,2022-03-02,27,82.25,Monthly,5,7,1,8,ACH,1006,88,1
CUST_004953,2025-12-25,26,53.68,Annual,8,14,1,1,Credit Card,784,46,0
CUST_004954,2021-09-10,7,13.68,Annual,8,9,1,1,ACH,206,51,1
CUST_004955,2024-09-09,42,121.33,Annual,9,12,1,10,ACH,232,93,0
CUST_004956,2024-09-05,47,11.56,Annual,6,7,1,9,Credit Card,952,93,0
CUST_004957,2025-06-10,53,79.0,Monthly,9,10,3,7,ACH,554,90,0
CUST_004958,2021-06-21,59,81.11,Annual,5,9,2,5,ACH,971,76,1
CUST_004959,2023-08-27,38,163.0,Quarterly,8,16,1,5,PayPal,1616,64,0
CUST_004960,2025-03-25,5,12.78,Monthly,9,12,3,10,ACH,1559,100,1
CUST_004961,2024-08-12,23,55.42,Monthly,9,11,1,8,Invoice,456,84,1
CUST_004962,2021-11-15,28,37.92,Quarterly,6,7,6,3,Invoice,273,73,1
CUST_004963,2021-09-07,34,30.07,Monthly,11,7,1,1,Credit Card,901,53,0
CUST_004964,2021-11-10,53,14.73,Annual,7,8,1,5,Credit Card,916,72,1
CUST_004965,2021-10-27,15,51.35,Annual,9,10,1,5,Invoice,1409,70,0
CUST_004966,2022-07-20,32,42.6,Annual,8,11,3,7,Invoice,755,89,0
CUST_004967,2021-11-18,26,15.52,Monthly,10,9,1,10,Invoice,48,96,0
CUST_004968,2024-05-15,48,57.4,Monthly,7,8,0,8,PayPal,826,82,1
CUST_004969,2023-06-27,31,76.96,Monthly,2,4,2,7,Invoice,1557,81,1
CUST_004970,2025-08-02,19,82.9,Annual,11,12,1,7,Credit Card,628,78,0
CUST_004971,2024-06-17,9,127.89,Annual,11,13,1,9,PayPal,1264,87,0
CUST_004972,2026-01-07,29,36.34,Annual,4,11,2,1,Credit Card,992,54,1
CUST_004973,2023-12-24,54,162.96,Annual,9,10,5,8,PayPal,688,95,1
CUST_004974,2024-06-09,58,110.28,Monthly,9,10,7,9,PayPal,1066,100,1
CUST_004975,2023-04-14,51,27.58,Monthly,6,9,2,2,Credit Card,638,61,1
CUST_004976,2023-04-23,39,18.68,Quarterly,10,12,0,4,PayPal,373,58,1
CUST_004977,2025-06-13,4,38.58,Monthly,6,12,1,8,PayPal,1603,83,1
CUST_004978,2023-09-15,3,35.7,Monthly,8,10,4,8,ACH,448,95,1
CUST_004979,2026-01-09,56,52.87,Monthly,8,8,5,3,Invoice,1598,72,1
CUST_004980,2021-06-05,29,53.78,Monthly,5,9,1,1,PayPal,1610,51,1
CUST_004981,2023-05-17,52,79.31,Monthly,4,10,1,7,PayPal,1750,80,0
CUST_004982,2025-11-30,11,45.66,Quarterly,6,13,4,1,Credit Card,1614,57,1
CUST_004983,2022-06-05,33,15.54,Quarterly,13,6,3,7,Credit Card,1136,94,1
CUST_004984,2021-10-24,38,107.7,Quarterly,9,10,2,8,ACH,580,90,0
CUST_004985,2022-10-21,58,28.54,Quarterly,4,5,1,3,Credit Card,588,65,0
CUST_004986,2025-06-22,11,187.54,Quarterly,11,10,4,10,Invoice,702,100,0
CUST_004987,2021-07-29,27,16.27,Annual,18,7,1,2,ACH,376,58,1
CUST_004988,2023-06-03,33,168.8,Monthly,9,6,3,4,Invoice,719,79,0
CUST_004989,2026-01-18,21,14.77,Annual,8,14,1,1,Invoice,1759,46,1
CUST_004990,2023-01-02,39,23.14,Monthly,7,12,2,2,PayPal,574,58,0
CUST_004991,2022-06-08,31,12.38,Monthly,13,9,3,9,Invoice,718,100,1
CUST_004992,2022-10-09,38,71.06,Monthly,7,10,2,8,ACH,1252,90,0
CUST_004993,2025-05-14,46,104.96,Annual,7,7,2,9,ACH,423,98,0
CUST_004994,2023-07-22,2,38.46,Monthly,6,12,2,1,PayPal,1142,53,0
CUST_004995,2021-06-25,27,141.92,Monthly,4,17,2,10,Credit Card,1404,93,1
CUST_004996,2024-04-30,36,54.62,Monthly,10,8,5,6,Invoice,1737,87,0
CUST_004997,2021-12-11,11,59.71,Quarterly,11,12,1,1,Invoice,810,48,1
CUST_004998,2024-05-24,47,103.35,Annual,9,11,0,7,PayPal,1562,74,0
CUST_004999,2022-10-31,18,27.61,Quarterly,6,5,0,10,Credit Card,252,95,0
CUST_005000,2024-07-21,59,31.87,Monthly,7,9,0,5,ACH,570,66,1
